timestamp,weather_zone,ghi_wm2,dni_wm2,dhi_wm2,temperature_c,cloud_cover_pct,rainfall_mm,wind_speed_ms,weather_quality_flag
2026-05-15T00:00:00+05:30,PUNE_WEST,0.0,0.0,0.0,21.2,71.2,0.0,4.3,GOOD
2026-05-15T00:15:00+05:30,PUNE_WEST,0.0,0.0,0.0,20,70.5,0.0,4.3,GOOD
2026-05-15T00:30:00+05:30,PUNE_WEST,0.0,0.0,0.0,20,78.2,0.0,4.0,GOOD
2026-05-15T00:45:00+05:30,PUNE_WEST,0.0,0.0,0.0,20,72.2,0.0,3.4,GOOD
2026-05-15T01:00:00+05:30,PUNE_WEST,0.0,0.0,0.0,20.1,75.7,0.0,3.8,GOOD
2026-05-15T01:15:00+05:30,PUNE_WEST,0.0,0.0,0.0,22.8,77.1,0.0,2.9,GOOD
2026-05-15T01:30:00+05:30,PUNE_WEST,0.0,0.0,0.0,21.4,80.6,0.0,4.2,GOOD
2026-05-15T01:45:00+05:30,PUNE_WEST,0.0,0.0,0.0,20,80.9,0.0,4.0,GOOD
2026-05-15T02:00:00+05:30,PUNE_WEST,0.0,0.0,0.0,21.2,78.3,0.0,3.1,GOOD
2026-05-15T02:15:00+05:30,PUNE_WEST,0.0,0.0,0.0,22.3,85.7,0.0,4.6,GOOD
2026-05-15T02:30:00+05:30,PUNE_WEST,0.0,0.0,0.0,20.0,86.6,0.0,3.6,GOOD
2026-05-15T02:45:00+05:30,PUNE_WEST,0.0,0.0,0.0,20.3,91.2,0.0,4.6,GOOD
2026-05-15T03:00:00+05:30,PUNE_WEST,0.0,0.0,0.0,20.6,94.2,0.0,4.6,GOOD
2026-05-15T03:15:00+05:30,PUNE_WEST,0.0,0.0,0.0,20,95.5,0.0,5.2,GOOD
2026-05-15T03:30:00+05:30,PUNE_WEST,0.0,0.0,0.0,20.2,86.9,0.0,3.4,GOOD
2026-05-15T03:45:00+05:30,PUNE_WEST,0.0,0.0,0.0,21.4,87.1,0.0,4.1,GOOD
2026-05-15T04:00:00+05:30,PUNE_WEST,0.0,0.0,0.0,20,89.6,0.0,4.4,GOOD
2026-05-15T04:15:00+05:30,PUNE_WEST,0.0,0.0,0.0,20.9,82.4,0.0,4.2,GOOD
2026-05-15T04:30:00+05:30,PUNE_WEST,0.0,0.0,0.0,20.9,78.0,0.0,3.0,GOOD
2026-05-15T04:45:00+05:30,PUNE_WEST,0.0,0.0,0.0,21.5,74.4,0.0,3.5,GOOD
2026-05-15T05:00:00+05:30,PUNE_WEST,0.0,0.0,0.0,20.5,73.7,0.0,4.3,GOOD
2026-05-15T05:15:00+05:30,PUNE_WEST,0.0,0.0,0.0,21.3,69.9,0.0,4.5,GOOD
2026-05-15T05:30:00+05:30,PUNE_WEST,0.0,0.0,0.0,22.1,65.8,0.0,4.2,GOOD
2026-05-15T05:45:00+05:30,PUNE_WEST,0.0,0.0,0.0,22.3,66.4,0.0,3.6,GOOD
2026-05-15T06:00:00+05:30,PUNE_WEST,0.0,0.0,0.0,22.3,64.5,0.0,4.1,GOOD
2026-05-15T06:15:00+05:30,PUNE_WEST,14.7,48.0,8.8,22.6,69.4,0.0,3.7,GOOD
2026-05-15T06:30:00+05:30,PUNE_WEST,31.5,104.1,18.8,24.9,68.8,0.0,3.3,GOOD
2026-05-15T06:45:00+05:30,PUNE_WEST,63.6,164.3,37.9,24.2,68.6,0.0,2.7,GOOD
2026-05-15T07:00:00+05:30,PUNE_WEST,95.2,174.6,57.7,24.1,70.1,0.0,4.6,GOOD
2026-05-15T07:15:00+05:30,PUNE_WEST,137.9,195.8,84.4,26.0,71.1,0.0,3.3,GOOD
2026-05-15T07:30:00+05:30,PUNE_WEST,170.8,199.8,104.8,24.7,71.3,0.0,3.7,GOOD
2026-05-15T07:45:00+05:30,PUNE_WEST,232.1,233.5,141.8,26.7,70.9,0.0,3.9,GOOD
2026-05-15T08:00:00+05:30,PUNE_WEST,234.1,209.2,141.7,26.6,70.0,0.0,3.5,GOOD
2026-05-15T08:15:00+05:30,PUNE_WEST,284.0,239.1,165.6,25.8,66.6,0.0,2.8,GOOD
2026-05-15T08:30:00+05:30,PUNE_WEST,305.1,222.0,183.6,26.2,69.5,0.0,4.0,GOOD
2026-05-15T08:45:00+05:30,PUNE_WEST,334.3,217.1,204.7,27.1,71.1,0.0,3.3,GOOD
2026-05-15T09:00:00+05:30,PUNE_WEST,383.0,229.1,235.2,26.9,71.4,0.0,4.2,GOOD
2026-05-15T09:15:00+05:30,PUNE_WEST,378.5,201.5,239.4,28.4,74.2,0.0,3.5,GOOD
2026-05-15T09:30:00+05:30,PUNE_WEST,434.8,221.4,272.4,28.8,73.3,0.0,3.3,GOOD
2026-05-15T09:45:00+05:30,PUNE_WEST,443.5,213.8,278.0,29.1,73.4,0.0,3.8,GOOD
2026-05-15T10:00:00+05:30,PUNE_WEST,487.1,245.2,288.0,28.6,67.9,0.0,3.8,GOOD
2026-05-15T10:15:00+05:30,PUNE_WEST,544.8,270.2,316.2,28.8,66.2,0.0,3.9,GOOD
2026-05-15T10:30:00+05:30,PUNE_WEST,540.0,256.9,314.5,30.2,66.5,0.0,4.5,GOOD
2026-05-15T10:45:00+05:30,PUNE_WEST,576.8,265.4,336.6,30.8,66.7,0.0,2.8,GOOD
2026-05-15T11:00:00+05:30,PUNE_WEST,587.6,251.4,353.9,30.0,69.6,0.0,5.8,GOOD
2026-05-15T11:15:00+05:30,PUNE_WEST,513.3,199.9,323.3,29.9,73.8,0.0,4.0,GOOD
2026-05-15T11:30:00+05:30,PUNE_WEST,549.6,202.7,353.4,30.2,75.8,0.0,3.2,GOOD
2026-05-15T11:45:00+05:30,PUNE_WEST,532.6,189.0,347.0,31.8,77.2,0.0,4.5,GOOD
2026-05-15T12:00:00+05:30,PUNE_WEST,536.5,188.5,349.6,30.6,77.2,0.0,3.8,GOOD
2026-05-15T12:15:00+05:30,PUNE_WEST,563.1,207.6,356.0,31.7,74.2,0.0,3.8,GOOD
2026-05-15T12:30:00+05:30,PUNE_WEST,619.0,233.4,385.6,32.3,72.8,0.0,3.8,GOOD
2026-05-15T12:45:00+05:30,PUNE_WEST,581.0,220.5,360.9,30.8,72.5,0.0,3.9,GOOD
2026-05-15T13:00:00+05:30,PUNE_WEST,530.6,177.6,354.2,32.1,79.6,0.0,5.0,GOOD
2026-05-15T13:15:00+05:30,PUNE_WEST,502.5,173.5,331.8,30.2,78.5,0.0,3.9,GOOD
2026-05-15T13:30:00+05:30,PUNE_WEST,505.3,170.9,339.4,31.1,80.3,0.0,4.0,GOOD
2026-05-15T13:45:00+05:30,PUNE_WEST,446.3,148.3,304.9,30.8,82.0,0.0,3.9,GOOD
2026-05-15T14:00:00+05:30,PUNE_WEST,401.3,130.0,280.0,31.2,84.2,0.0,3.4,GOOD
2026-05-15T14:15:00+05:30,PUNE_WEST,466.3,166.3,315.0,32.1,80.9,0.0,3.3,GOOD
2026-05-15T14:30:00+05:30,PUNE_WEST,441.7,161.8,299.0,29.9,81.1,0.0,4.1,GOOD
2026-05-15T14:45:00+05:30,PUNE_WEST,371.7,132.9,258.5,30.5,83.9,0.0,3.0,GOOD
2026-05-15T15:00:00+05:30,PUNE_WEST,342.3,123.3,241.6,29.7,85.5,0.0,4.2,GOOD
2026-05-15T15:15:00+05:30,PUNE_WEST,275.9,90.7,205.1,30.5,91.3,0.0,5.1,GOOD
2026-05-15T15:30:00+05:30,PUNE_WEST,200.0,61.7,154.4,28.5,95.7,0.0,3.7,GOOD
2026-05-15T15:45:00+05:30,PUNE_WEST,242.6,88.6,180.8,30.0,91.6,0.0,3.8,GOOD
2026-05-15T16:00:00+05:30,PUNE_WEST,260.2,115.5,184.9,28.9,86.2,0.0,4.9,GOOD
2026-05-15T16:15:00+05:30,PUNE_WEST,244.4,117.3,173.4,28.6,86.1,0.0,2.9,GOOD
2026-05-15T16:30:00+05:30,PUNE_WEST,217.4,110.7,155.9,28.0,87.3,0.0,4.1,GOOD
2026-05-15T16:45:00+05:30,PUNE_WEST,208.4,124.7,145.7,27.6,84.4,0.0,3.5,GOOD
2026-05-15T17:00:00+05:30,PUNE_WEST,185.2,131.0,126.2,26.5,81.8,0.0,3.8,GOOD
2026-05-15T17:15:00+05:30,PUNE_WEST,165.0,138.9,110.0,27.9,79.5,0.0,3.4,GOOD
2026-05-15T17:30:00+05:30,PUNE_WEST,149.4,148.7,98.9,27.5,78.8,0.0,3.7,GOOD
2026-05-15T17:45:00+05:30,PUNE_WEST,109.9,133.4,72.2,28.0,78.0,0.0,3.8,GOOD
2026-05-15T18:00:00+05:30,PUNE_WEST,107.8,169.8,69.7,26.0,76.4,0.0,3.6,GOOD
2026-05-15T18:15:00+05:30,PUNE_WEST,70.0,147.4,45.6,26.0,77.0,0.0,2.0,GOOD
2026-05-15T18:30:00+05:30,PUNE_WEST,14.6,41.4,9.6,25.3,77.8,0.0,3.3,GOOD
2026-05-15T18:45:00+05:30,PUNE_WEST,25.0,68.9,16.6,24.7,79.0,0.0,2.7,GOOD
2026-05-15T19:00:00+05:30,PUNE_WEST,0.0,0.0,0.0,25.5,80.7,0.0,4.1,GOOD
2026-05-15T19:15:00+05:30,PUNE_WEST,0.0,0.0,0.0,23.4,80.0,0.0,4.4,GOOD
2026-05-15T19:30:00+05:30,PUNE_WEST,0.0,0.0,0.0,22.6,82.1,0.0,3.8,GOOD
2026-05-15T19:45:00+05:30,PUNE_WEST,0.0,0.0,0.0,22.1,89.6,0.0,5.3,GOOD
2026-05-15T20:00:00+05:30,PUNE_WEST,0.0,0.0,0.0,22.4,87.6,0.0,4.9,GOOD
2026-05-15T20:15:00+05:30,PUNE_WEST,0.0,0.0,0.0,22.6,81.8,0.0,4.2,GOOD
2026-05-15T20:30:00+05:30,PUNE_WEST,0.0,0.0,0.0,21.4,84.4,0.0,4.5,GOOD
2026-05-15T20:45:00+05:30,PUNE_WEST,0.0,0.0,0.0,20,80.7,0.0,2.8,GOOD
2026-05-15T21:00:00+05:30,PUNE_WEST,0.0,0.0,0.0,20,77.1,0.0,4.0,GOOD
2026-05-15T21:15:00+05:30,PUNE_WEST,0.0,0.0,0.0,21.1,78.6,0.0,3.8,GOOD
2026-05-15T21:30:00+05:30,PUNE_WEST,0.0,0.0,0.0,22.0,75.7,0.0,3.4,GOOD
2026-05-15T21:45:00+05:30,PUNE_WEST,0.0,0.0,0.0,20.1,71.8,0.0,2.6,GOOD
2026-05-15T22:00:00+05:30,PUNE_WEST,0.0,0.0,0.0,21.0,75.6,0.0,4.4,GOOD
2026-05-15T22:15:00+05:30,PUNE_WEST,0.0,0.0,0.0,22.0,69.9,0.0,3.1,GOOD
2026-05-15T22:30:00+05:30,PUNE_WEST,0.0,0.0,0.0,21.2,69.8,0.0,3.3,GOOD
2026-05-15T22:45:00+05:30,PUNE_WEST,0.0,0.0,0.0,20.0,65.2,0.0,5.2,GOOD
2026-05-15T23:00:00+05:30,PUNE_WEST,0.0,0.0,0.0,20,68.8,0.0,3.0,GOOD
2026-05-15T23:15:00+05:30,PUNE_WEST,0.0,0.0,0.0,20.6,71.0,0.0,5.5,GOOD
2026-05-15T23:30:00+05:30,PUNE_WEST,0.0,0.0,0.0,21.5,66.0,0.0,3.3,GOOD
2026-05-15T23:45:00+05:30,PUNE_WEST,0.0,0.0,0.0,21.1,68.8,0.0,3.9,GOOD
2026-05-16T00:00:00+05:30,PUNE_WEST,0.0,0.0,0.0,22.5,7.1,0.0,1.9,GOOD
2026-05-16T00:15:00+05:30,PUNE_WEST,0.0,0.0,0.0,24.4,3.9,0.0,1.8,GOOD
2026-05-16T00:30:00+05:30,PUNE_WEST,0.0,0.0,0.0,24.9,4.7,0.0,2.3,GOOD
2026-05-16T00:45:00+05:30,PUNE_WEST,0.0,0.0,0.0,21.5,10.2,0.0,2.9,GOOD
2026-05-16T01:00:00+05:30,PUNE_WEST,0.0,0.0,0.0,22.3,11.6,0.0,1.8,GOOD
2026-05-16T01:15:00+05:30,PUNE_WEST,0.0,0.0,0.0,22.9,8.4,0.0,3.1,GOOD
2026-05-16T01:30:00+05:30,PUNE_WEST,0.0,0.0,0.0,22.2,9.4,0.0,1.3,GOOD
2026-05-16T01:45:00+05:30,PUNE_WEST,0.0,0.0,0.0,23.7,12.3,0.0,2.0,GOOD
2026-05-16T02:00:00+05:30,PUNE_WEST,0.0,0.0,0.0,23.0,7.6,0.0,2.9,GOOD
2026-05-16T02:15:00+05:30,PUNE_WEST,0.0,0.0,0.0,22.7,13.2,0.0,2.5,GOOD
2026-05-16T02:30:00+05:30,PUNE_WEST,0.0,0.0,0.0,22.9,7.7,0.0,2.6,GOOD
2026-05-16T02:45:00+05:30,PUNE_WEST,0.0,0.0,0.0,22.7,12.5,0.0,1.9,GOOD
2026-05-16T03:00:00+05:30,PUNE_WEST,0.0,0.0,0.0,23.2,15.6,0.0,2.4,GOOD
2026-05-16T03:15:00+05:30,PUNE_WEST,0.0,0.0,0.0,22.5,14.3,0.0,2.5,GOOD
2026-05-16T03:30:00+05:30,PUNE_WEST,0.0,0.0,0.0,22.6,15.7,0.0,2.4,GOOD
2026-05-16T03:45:00+05:30,PUNE_WEST,0.0,0.0,0.0,21.7,15.5,0.0,2.1,GOOD
2026-05-16T04:00:00+05:30,PUNE_WEST,0.0,0.0,0.0,22.1,12.7,0.0,1.9,GOOD
2026-05-16T04:15:00+05:30,PUNE_WEST,0.0,0.0,0.0,23.1,15.0,0.0,1.0,GOOD
2026-05-16T04:30:00+05:30,PUNE_WEST,0.0,0.0,0.0,22.8,15.1,0.0,2.3,GOOD
2026-05-16T04:45:00+05:30,PUNE_WEST,0.0,0.0,0.0,22.2,15.9,0.0,2.4,GOOD
2026-05-16T05:00:00+05:30,PUNE_WEST,0.0,0.0,0.0,22.2,16.7,0.0,3.9,GOOD
2026-05-16T05:15:00+05:30,PUNE_WEST,0.0,0.0,0.0,23.4,17.2,0.0,2.3,GOOD
2026-05-16T05:30:00+05:30,PUNE_WEST,0.0,0.0,0.0,23.3,12.7,0.0,2.0,GOOD
2026-05-16T05:45:00+05:30,PUNE_WEST,0.0,0.0,0.0,25.4,9.0,0.0,3.0,GOOD
2026-05-16T06:00:00+05:30,PUNE_WEST,0.0,0.0,0.0,25.5,6.0,0.0,4.2,GOOD
2026-05-16T06:15:00+05:30,PUNE_WEST,57.8,376.2,12.0,25.5,8.7,0.0,1.3,GOOD
2026-05-16T06:30:00+05:30,PUNE_WEST,82.3,522.8,18.6,25.3,11.7,0.0,2.6,GOOD
2026-05-16T06:45:00+05:30,PUNE_WEST,139.1,681.4,31.6,25.8,11.9,0.0,1.9,GOOD
2026-05-16T07:00:00+05:30,PUNE_WEST,159.4,572.5,35.7,26.3,11.3,0.0,2.5,GOOD
2026-05-16T07:15:00+05:30,PUNE_WEST,235.3,686.4,47.2,26.8,7.8,0.0,1.9,GOOD
2026-05-16T07:30:00+05:30,PUNE_WEST,283.1,671.0,60.9,28.4,10.0,0.0,2.2,GOOD
2026-05-16T07:45:00+05:30,PUNE_WEST,352.8,730.1,70.0,28.7,7.4,0.0,2.8,GOOD
2026-05-16T08:00:00+05:30,PUNE_WEST,410.5,704.8,98.7,28.3,13.9,0.0,2.0,GOOD
2026-05-16T08:15:00+05:30,PUNE_WEST,461.1,682.9,122.4,28.0,17.8,0.0,2.5,GOOD
2026-05-16T08:30:00+05:30,PUNE_WEST,536.5,759.0,120.7,28.9,11.5,0.0,2.1,GOOD
2026-05-16T08:45:00+05:30,PUNE_WEST,570.4,741.6,127.1,30.4,11.2,0.0,3.3,GOOD
2026-05-16T09:00:00+05:30,PUNE_WEST,606.8,702.1,153.5,28.8,15.8,0.0,2.7,GOOD
2026-05-16T09:15:00+05:30,PUNE_WEST,637.3,710.8,146.1,28.9,12.2,0.0,1.0,GOOD
2026-05-16T09:30:00+05:30,PUNE_WEST,708.4,726.0,175.4,29.8,15.0,0.0,2.8,GOOD
2026-05-16T09:45:00+05:30,PUNE_WEST,737.4,711.3,186.6,30.7,15.9,0.0,2.7,GOOD
2026-05-16T10:00:00+05:30,PUNE_WEST,799.3,717.2,217.0,30.9,18.7,0.0,3.5,GOOD
2026-05-16T10:15:00+05:30,PUNE_WEST,842.9,704.8,246.4,30.6,21.9,0.0,3.2,GOOD
2026-05-16T10:30:00+05:30,PUNE_WEST,865.1,705.5,246.1,32.5,20.7,0.0,2.2,GOOD
2026-05-16T10:45:00+05:30,PUNE_WEST,893.7,733.6,229.4,32.9,16.4,0.0,2.3,GOOD
2026-05-16T11:00:00+05:30,PUNE_WEST,894.6,684.3,258.3,33.1,21.3,0.0,3.1,GOOD
2026-05-16T11:15:00+05:30,PUNE_WEST,914.0,706.7,242.0,31.4,17.7,0.0,2.4,GOOD
2026-05-16T11:30:00+05:30,PUNE_WEST,966.8,717.2,272.3,32.8,20.3,0.0,1.6,GOOD
2026-05-16T11:45:00+05:30,PUNE_WEST,982.2,737.3,258.3,32.3,17.4,0.0,3.3,GOOD
2026-05-16T12:00:00+05:30,PUNE_WEST,1030.4,767.3,269.5,34.0,17.2,0.0,2.3,GOOD
2026-05-16T12:15:00+05:30,PUNE_WEST,1016.8,723.5,294.9,33.5,21.5,0.0,2.4,GOOD
2026-05-16T12:30:00+05:30,PUNE_WEST,1004.4,723.6,280.8,33.0,19.9,0.0,2.3,GOOD
2026-05-16T12:45:00+05:30,PUNE_WEST,1000.8,737.7,264.3,34.0,17.5,0.0,3.3,GOOD
2026-05-16T13:00:00+05:30,PUNE_WEST,996.1,687.5,313.5,33.9,25.3,0.0,3.2,GOOD
2026-05-16T13:15:00+05:30,PUNE_WEST,984.2,671.8,323.4,33.5,27.5,0.0,2.6,GOOD
2026-05-16T13:30:00+05:30,PUNE_WEST,1019.6,673.6,365.8,33.0,32.1,0.0,3.3,GOOD
2026-05-16T13:45:00+05:30,PUNE_WEST,950.0,677.6,303.6,32.7,26.1,0.0,1.9,GOOD
2026-05-16T14:00:00+05:30,PUNE_WEST,909.8,645.8,306.9,32.2,28.8,0.0,2.6,GOOD
2026-05-16T14:15:00+05:30,PUNE_WEST,881.9,660.0,281.6,33.6,26.0,0.0,2.1,GOOD
2026-05-16T14:30:00+05:30,PUNE_WEST,890.6,716.0,258.9,33.6,21.6,0.0,2.5,GOOD
2026-05-16T14:45:00+05:30,PUNE_WEST,828.7,688.0,242.8,32.5,22.0,0.0,4.3,GOOD
2026-05-16T15:00:00+05:30,PUNE_WEST,793.5,674.5,242.0,31.6,23.8,0.0,1.9,GOOD
2026-05-16T15:15:00+05:30,PUNE_WEST,732.8,649.5,225.8,31.0,24.3,0.0,2.7,GOOD
2026-05-16T15:30:00+05:30,PUNE_WEST,729.7,674.1,230.3,31.7,25.5,0.0,2.6,GOOD
2026-05-16T15:45:00+05:30,PUNE_WEST,692.7,718.2,191.2,31.2,19.4,0.0,1.8,GOOD
2026-05-16T16:00:00+05:30,PUNE_WEST,622.5,676.4,180.8,30.1,21.6,0.0,2.9,GOOD
2026-05-16T16:15:00+05:30,PUNE_WEST,578.8,637.1,192.9,31.2,28.2,0.0,1.5,GOOD
2026-05-16T16:30:00+05:30,PUNE_WEST,519.3,644.9,160.7,29.7,24.5,0.0,3.1,GOOD
2026-05-16T16:45:00+05:30,PUNE_WEST,469.9,641.4,146.3,30.9,24.8,0.0,3.3,GOOD
2026-05-16T17:00:00+05:30,PUNE_WEST,405.5,616.1,127.5,30.3,25.3,0.0,2.3,GOOD
2026-05-16T17:15:00+05:30,PUNE_WEST,331.0,572.2,104.2,27.8,25.3,0.0,1.8,GOOD
2026-05-16T17:30:00+05:30,PUNE_WEST,298.7,599.9,94.5,29.7,25.6,0.0,2.4,GOOD
2026-05-16T17:45:00+05:30,PUNE_WEST,225.3,542.7,71.6,28.7,25.8,0.0,3.0,GOOD
2026-05-16T18:00:00+05:30,PUNE_WEST,177.9,543.9,55.2,28.4,24.7,0.0,2.0,GOOD
2026-05-16T18:15:00+05:30,PUNE_WEST,115.5,490.7,33.5,27.4,21.5,0.0,2.1,SUSPECT
2026-05-16T18:30:00+05:30,PUNE_WEST,93.3,555.5,25.6,27.7,19.1,0.0,3.5,GOOD
2026-05-16T18:45:00+05:30,PUNE_WEST,59.0,366.8,14.3,25.6,14.2,0.0,2.2,GOOD
2026-05-16T19:00:00+05:30,PUNE_WEST,0.0,0.0,0.0,27.0,22.4,0.0,2.8,GOOD
2026-05-16T19:15:00+05:30,PUNE_WEST,0.0,0.0,0.0,26.3,22.6,0.0,2.8,GOOD
2026-05-16T19:30:00+05:30,PUNE_WEST,0.0,0.0,0.0,25.2,26.4,0.0,2.4,GOOD
2026-05-16T19:45:00+05:30,PUNE_WEST,0.0,0.0,0.0,25.4,23.5,0.0,1.8,GOOD
2026-05-16T20:00:00+05:30,PUNE_WEST,0.0,0.0,0.0,25.3,21.3,0.0,3.4,GOOD
2026-05-16T20:15:00+05:30,PUNE_WEST,0.0,0.0,0.0,24.4,23.8,0.0,1.4,GOOD
2026-05-16T20:30:00+05:30,PUNE_WEST,0.0,0.0,0.0,24.0,22.5,0.0,2.0,GOOD
2026-05-16T20:45:00+05:30,PUNE_WEST,0.0,0.0,0.0,23.4,20.9,0.0,2.5,GOOD
2026-05-16T21:00:00+05:30,PUNE_WEST,0.0,0.0,0.0,22.1,20.1,0.0,2.9,GOOD
2026-05-16T21:15:00+05:30,PUNE_WEST,0.0,0.0,0.0,23.2,23.5,0.0,3.6,GOOD
2026-05-16T21:30:00+05:30,PUNE_WEST,0.0,0.0,0.0,23.4,24.2,0.0,3.0,GOOD
2026-05-16T21:45:00+05:30,PUNE_WEST,0.0,0.0,0.0,22.5,26.2,0.0,3.0,GOOD
2026-05-16T22:00:00+05:30,PUNE_WEST,0.0,0.0,0.0,22.5,24.5,0.0,2.3,GOOD
2026-05-16T22:15:00+05:30,PUNE_WEST,0.0,0.0,0.0,23.8,18.7,0.0,2.1,GOOD
2026-05-16T22:30:00+05:30,PUNE_WEST,0.0,0.0,0.0,24.1,15.0,0.0,2.8,GOOD
2026-05-16T22:45:00+05:30,PUNE_WEST,0.0,0.0,0.0,23.3,9.9,0.0,2.5,GOOD
2026-05-16T23:00:00+05:30,PUNE_WEST,0.0,0.0,0.0,23.6,9.4,0.0,2.7,GOOD
2026-05-16T23:15:00+05:30,PUNE_WEST,0.0,0.0,0.0,23.8,5.0,0.0,2.4,GOOD
2026-05-16T23:30:00+05:30,PUNE_WEST,0.0,0.0,0.0,23.7,4.1,0.0,2.4,GOOD
2026-05-16T23:45:00+05:30,PUNE_WEST,0.0,0.0,0.0,23.5,4.8,0.0,2.3,GOOD
2026-05-17T00:00:00+05:30,PUNE_WEST,0.0,0.0,0.0,21.4,54.6,0.0,2.9,GOOD
2026-05-17T00:15:00+05:30,PUNE_WEST,0.0,0.0,0.0,21.9,48.5,0.0,3.5,GOOD
2026-05-17T00:30:00+05:30,PUNE_WEST,0.0,0.0,0.0,23.2,50.1,0.0,3.2,GOOD
2026-05-17T00:45:00+05:30,PUNE_WEST,0.0,0.0,0.0,21.4,54.0,0.0,2.5,GOOD
2026-05-17T01:00:00+05:30,PUNE_WEST,0.0,0.0,0.0,21.4,51.5,0.0,2.3,GOOD
2026-05-17T01:15:00+05:30,PUNE_WEST,0.0,0.0,0.0,23.2,48.3,0.0,3.1,GOOD
2026-05-17T01:30:00+05:30,PUNE_WEST,0.0,0.0,0.0,21.2,43.8,0.0,2.8,GOOD
2026-05-17T01:45:00+05:30,PUNE_WEST,0.0,0.0,0.0,22.6,48.1,0.0,3.4,GOOD
2026-05-17T02:00:00+05:30,PUNE_WEST,0.0,0.0,0.0,21.1,43.1,0.0,3.5,GOOD
2026-05-17T02:15:00+05:30,PUNE_WEST,0.0,0.0,0.0,21.1,41.7,0.0,3.2,GOOD
2026-05-17T02:30:00+05:30,PUNE_WEST,0.0,0.0,0.0,20.8,43.2,0.0,2.5,GOOD
2026-05-17T02:45:00+05:30,PUNE_WEST,0.0,0.0,0.0,22.7,35.3,0.0,2.2,GOOD
2026-05-17T03:00:00+05:30,PUNE_WEST,0.0,0.0,0.0,22.4,39.6,0.0,4.6,GOOD
2026-05-17T03:15:00+05:30,PUNE_WEST,0.0,0.0,0.0,22.8,38.7,0.0,4.5,GOOD
2026-05-17T03:30:00+05:30,PUNE_WEST,0.0,0.0,0.0,23.2,34.9,0.0,3.4,GOOD
2026-05-17T03:45:00+05:30,PUNE_WEST,0.0,0.0,0.0,21.1,33.0,0.0,1.9,GOOD
2026-05-17T04:00:00+05:30,PUNE_WEST,0.0,0.0,0.0,22.5,34.0,0.0,2.7,GOOD
2026-05-17T04:15:00+05:30,PUNE_WEST,0.0,0.0,0.0,22.6,34.4,0.0,3.7,GOOD
2026-05-17T04:30:00+05:30,PUNE_WEST,0.0,0.0,0.0,20.9,41.5,0.0,2.8,GOOD
2026-05-17T04:45:00+05:30,PUNE_WEST,0.0,0.0,0.0,21.3,40.8,0.0,3.4,GOOD
2026-05-17T05:00:00+05:30,PUNE_WEST,0.0,0.0,0.0,21.4,41.9,0.0,3.2,GOOD
2026-05-17T05:15:00+05:30,PUNE_WEST,0.0,0.0,0.0,23.2,42.8,0.0,3.0,GOOD
2026-05-17T05:30:00+05:30,PUNE_WEST,0.0,0.0,0.0,23.4,42.0,0.0,3.3,GOOD
2026-05-17T05:45:00+05:30,PUNE_WEST,0.0,0.0,0.0,25.3,39.1,0.0,3.5,GOOD
2026-05-17T06:00:00+05:30,PUNE_WEST,0.0,0.0,0.0,25.4,30.6,0.0,2.1,GOOD
2026-05-17T06:15:00+05:30,PUNE_WEST,16.9,90.1,5.9,26.0,30.5,0.0,4.6,GOOD
2026-05-17T06:30:00+05:30,PUNE_WEST,58.8,304.3,21.7,25.6,33.8,0.0,3.2,GOOD
2026-05-17T06:45:00+05:30,PUNE_WEST,137.5,544.7,51.0,26.0,34.0,0.0,3.0,GOOD
2026-05-17T07:00:00+05:30,PUNE_WEST,151.7,426.7,59.1,25.7,36.8,0.0,3.0,GOOD
2026-05-17T07:15:00+05:30,PUNE_WEST,229.1,501.1,91.3,25.6,38.3,0.0,3.5,GOOD
2026-05-17T07:30:00+05:30,PUNE_WEST,276.4,480.5,116.9,26.0,42.0,0.0,3.4,GOOD
2026-05-17T07:45:00+05:30,PUNE_WEST,335.5,528.2,130.5,27.5,36.8,0.0,2.1,GOOD
2026-05-17T08:00:00+05:30,PUNE_WEST,387.9,530.4,152.9,25.8,37.6,0.0,4.3,GOOD
2026-05-17T08:15:00+05:30,PUNE_WEST,445.1,552.8,170.6,27.3,35.9,0.0,2.5,GOOD
2026-05-17T08:30:00+05:30,PUNE_WEST,489.0,519.9,204.0,28.5,41.1,0.0,2.3,GOOD
2026-05-17T08:45:00+05:30,PUNE_WEST,528.4,510.8,222.8,29.2,41.8,0.0,2.8,GOOD
2026-05-17T09:00:00+05:30,PUNE_WEST,576.2,549.0,221.5,28.3,36.1,0.0,2.5,GOOD
2026-05-17T09:15:00+05:30,PUNE_WEST,651.1,607.4,231.1,29.5,31.5,0.0,2.8,GOOD
2026-05-17T09:30:00+05:30,PUNE_WEST,700.3,594.5,263.6,29.3,34.8,0.0,4.2,GOOD
2026-05-17T09:45:00+05:30,PUNE_WEST,726.8,604.1,258.8,30.3,31.7,0.0,3.8,GOOD
2026-05-17T10:00:00+05:30,PUNE_WEST,779.5,627.7,269.8,31.6,30.2,0.0,3.0,GOOD
2026-05-17T10:15:00+05:30,PUNE_WEST,799.1,618.8,275.4,30.0,29.9,0.0,3.6,GOOD
2026-05-17T10:30:00+05:30,PUNE_WEST,854.1,663.1,272.2,31.8,25.9,0.0,3.4,GOOD
2026-05-17T10:45:00+05:30,PUNE_WEST,901.0,682.2,283.3,30.7,25.3,0.0,2.7,GOOD
2026-05-17T11:00:00+05:30,PUNE_WEST,898.0,631.0,311.2,31.6,30.2,0.0,2.0,GOOD
2026-05-17T11:15:00+05:30,PUNE_WEST,928.7,606.0,352.4,30.4,35.3,0.0,4.0,GOOD
2026-05-17T11:30:00+05:30,PUNE_WEST,953.8,635.8,338.2,31.5,31.5,0.0,1.7,GOOD
2026-05-17T11:45:00+05:30,PUNE_WEST,958.4,618.4,351.2,30.3,33.3,0.0,3.0,GOOD
2026-05-17T12:00:00+05:30,PUNE_WEST,1015.3,659.0,361.8,33.8,31.7,0.0,2.7,GOOD
2026-05-17T12:15:00+05:30,PUNE_WEST,976.1,632.0,345.6,31.6,31.4,0.0,2.9,GOOD
2026-05-17T12:30:00+05:30,PUNE_WEST,980.9,629.4,351.6,31.7,32.1,0.0,2.5,GOOD
2026-05-17T12:45:00+05:30,PUNE_WEST,1001.5,653.1,349.5,32.8,30.6,0.0,2.5,GOOD
2026-05-17T13:00:00+05:30,PUNE_WEST,979.4,623.7,360.1,33.7,33.5,0.0,2.4,GOOD
2026-05-17T13:15:00+05:30,PUNE_WEST,989.1,618.6,380.6,32.4,36.1,0.0,3.8,GOOD
2026-05-17T13:30:00+05:30,PUNE_WEST,946.3,566.2,396.7,32.3,41.4,0.0,3.2,GOOD
2026-05-17T13:45:00+05:30,PUNE_WEST,921.2,557.1,389.7,32.8,42.0,0.0,3.4,GOOD
2026-05-17T14:00:00+05:30,PUNE_WEST,879.0,538.5,376.3,34.2,42.8,0.0,2.7,GOOD
2026-05-17T14:15:00+05:30,PUNE_WEST,845.5,547.6,347.3,30.9,40.1,0.0,3.1,GOOD
2026-05-17T14:30:00+05:30,PUNE_WEST,846.8,558.4,354.0,33.1,41.2,0.0,3.4,GOOD
2026-05-17T14:45:00+05:30,PUNE_WEST,817.4,544.1,353.9,31.7,43.5,0.0,2.9,GOOD
2026-05-17T15:00:00+05:30,PUNE_WEST,784.5,570.3,318.1,31.7,39.3,0.0,2.9,GOOD
2026-05-17T15:15:00+05:30,PUNE_WEST,715.4,529.1,302.2,31.2,41.9,0.0,1.7,GOOD
2026-05-17T15:30:00+05:30,PUNE_WEST,670.1,494.9,303.2,29.3,46.5,0.0,2.2,GOOD
2026-05-17T15:45:00+05:30,PUNE_WEST,640.0,522.9,274.7,29.0,42.9,0.0,2.9,GOOD
2026-05-17T16:00:00+05:30,PUNE_WEST,589.7,520.8,249.3,30.6,42.0,0.0,2.5,GOOD
2026-05-17T16:15:00+05:30,PUNE_WEST,526.2,509.0,217.6,30.8,40.5,0.0,3.1,GOOD
2026-05-17T16:30:00+05:30,PUNE_WEST,483.1,503.1,203.0,28.8,41.6,0.0,2.4,GOOD
2026-05-17T16:45:00+05:30,PUNE_WEST,446.3,517.0,185.1,29.1,40.7,0.0,3.2,GOOD
2026-05-17T17:00:00+05:30,PUNE_WEST,400.1,552.3,150.5,30.0,34.8,0.0,2.9,GOOD
2026-05-17T17:15:00+05:30,PUNE_WEST,350.9,536.4,137.8,27.8,37.3,0.0,2.5,GOOD
2026-05-17T17:30:00+05:30,PUNE_WEST,291.3,513.1,116.2,27.8,38.3,0.0,2.3,GOOD
2026-05-17T17:45:00+05:30,PUNE_WEST,201.0,427.9,79.3,28.9,37.6,0.0,2.2,GOOD
2026-05-17T18:00:00+05:30,PUNE_WEST,153.3,421.7,57.7,27.2,34.9,0.0,3.2,GOOD
2026-05-17T18:15:00+05:30,PUNE_WEST,129.5,483.7,48.0,27.9,34.0,0.0,2.8,GOOD
2026-05-17T18:30:00+05:30,PUNE_WEST,63.6,301.2,26.9,26.9,42.0,0.0,1.9,GOOD
2026-05-17T18:45:00+05:30,PUNE_WEST,14.6,68.9,6.2,26.2,42.1,0.0,2.3,GOOD
2026-05-17T19:00:00+05:30,PUNE_WEST,0.0,0.0,0.0,26.8,37.9,0.0,3.7,GOOD
2026-05-17T19:15:00+05:30,PUNE_WEST,0.0,0.0,0.0,25.9,40.5,0.0,4.1,GOOD
2026-05-17T19:30:00+05:30,PUNE_WEST,0.0,0.0,0.0,23.0,39.2,0.0,3.1,GOOD
2026-05-17T19:45:00+05:30,PUNE_WEST,0.0,0.0,0.0,23.3,42.1,0.0,3.5,GOOD
2026-05-17T20:00:00+05:30,PUNE_WEST,0.0,0.0,0.0,24.4,41.5,0.0,3.1,GOOD
2026-05-17T20:15:00+05:30,PUNE_WEST,0.0,0.0,0.0,22.2,42.6,0.0,3.5,GOOD
2026-05-17T20:30:00+05:30,PUNE_WEST,0.0,0.0,0.0,23.5,50.2,0.0,3.1,GOOD
2026-05-17T20:45:00+05:30,PUNE_WEST,0.0,0.0,0.0,21.4,50.8,0.0,2.4,GOOD
2026-05-17T21:00:00+05:30,PUNE_WEST,0.0,0.0,0.0,20.3,45.2,0.0,3.6,GOOD
2026-05-17T21:15:00+05:30,PUNE_WEST,0.0,0.0,0.0,21.9,53.3,0.0,3.0,GOOD
2026-05-17T21:30:00+05:30,PUNE_WEST,0.0,0.0,0.0,21.0,60.7,0.0,3.6,GOOD
2026-05-17T21:45:00+05:30,PUNE_WEST,0.0,0.0,0.0,22.2,62.1,0.0,3.3,GOOD
2026-05-17T22:00:00+05:30,PUNE_WEST,0.0,0.0,0.0,21.6,57.1,0.0,4.1,GOOD
2026-05-17T22:15:00+05:30,PUNE_WEST,0.0,0.0,0.0,21.5,58.5,0.0,3.2,GOOD
2026-05-17T22:30:00+05:30,PUNE_WEST,0.0,0.0,0.0,22.2,50.8,0.0,2.9,GOOD
2026-05-17T22:45:00+05:30,PUNE_WEST,0.0,0.0,0.0,21.1,47.1,0.0,2.0,GOOD
2026-05-17T23:00:00+05:30,PUNE_WEST,0.0,0.0,0.0,20.4,50.4,0.0,2.9,GOOD
2026-05-17T23:15:00+05:30,PUNE_WEST,0.0,0.0,0.0,21.7,56.7,0.0,4.8,GOOD
2026-05-17T23:30:00+05:30,PUNE_WEST,0.0,0.0,0.0,22.0,49.9,0.0,2.8,GOOD
2026-05-17T23:45:00+05:30,PUNE_WEST,0.0,0.0,0.0,21.1,53.4,0.0,3.5,GOOD
2026-05-18T00:00:00+05:30,PUNE_WEST,0.0,0.0,0.0,21.6,48.6,0.0,3.1,GOOD
2026-05-18T00:15:00+05:30,PUNE_WEST,0.0,0.0,0.0,20.7,45.5,0.0,3.0,GOOD
2026-05-18T00:30:00+05:30,PUNE_WEST,0.0,0.0,0.0,21.4,44.1,0.0,3.0,GOOD
2026-05-18T00:45:00+05:30,PUNE_WEST,0.0,0.0,0.0,21.7,44.9,0.0,3.1,GOOD
2026-05-18T01:00:00+05:30,PUNE_WEST,0.0,0.0,0.0,21.6,40.3,0.0,3.3,GOOD
2026-05-18T01:15:00+05:30,PUNE_WEST,0.0,0.0,0.0,21.3,43.4,0.0,3.7,GOOD
2026-05-18T01:30:00+05:30,PUNE_WEST,0.0,0.0,0.0,21.7,46.0,0.0,3.0,GOOD
2026-05-18T01:45:00+05:30,PUNE_WEST,0.0,0.0,0.0,21.6,46.6,0.0,2.7,GOOD
2026-05-18T02:00:00+05:30,PUNE_WEST,0.0,0.0,0.0,22.3,47.9,0.0,2.9,GOOD
2026-05-18T02:15:00+05:30,PUNE_WEST,0.0,0.0,0.0,21.9,46.2,0.0,1.7,GOOD
2026-05-18T02:30:00+05:30,PUNE_WEST,0.0,0.0,0.0,22.0,44.0,0.0,3.7,GOOD
2026-05-18T02:45:00+05:30,PUNE_WEST,0.0,0.0,0.0,21.9,38.2,0.0,3.5,GOOD
2026-05-18T03:00:00+05:30,PUNE_WEST,0.0,0.0,0.0,22.2,31.6,0.0,1.7,GOOD
2026-05-18T03:15:00+05:30,PUNE_WEST,0.0,0.0,0.0,23.9,32.9,0.0,3.2,GOOD
2026-05-18T03:30:00+05:30,PUNE_WEST,0.0,0.0,0.0,21.1,37.6,0.0,2.4,GOOD
2026-05-18T03:45:00+05:30,PUNE_WEST,0.0,0.0,0.0,21.6,38.1,0.0,2.8,GOOD
2026-05-18T04:00:00+05:30,PUNE_WEST,0.0,0.0,0.0,22.2,40.6,0.0,2.3,GOOD
2026-05-18T04:15:00+05:30,PUNE_WEST,0.0,0.0,0.0,22.0,39.5,0.0,2.4,GOOD
2026-05-18T04:30:00+05:30,PUNE_WEST,0.0,0.0,0.0,24.1,36.7,0.0,1.7,GOOD
2026-05-18T04:45:00+05:30,PUNE_WEST,0.0,0.0,0.0,23.8,29.8,0.0,3.3,GOOD
2026-05-18T05:00:00+05:30,PUNE_WEST,0.0,0.0,0.0,22.3,32.1,0.0,2.7,GOOD
2026-05-18T05:15:00+05:30,PUNE_WEST,0.0,0.0,0.0,23.9,33.0,0.0,3.2,GOOD
2026-05-18T05:30:00+05:30,PUNE_WEST,0.0,0.0,0.0,24.1,37.4,0.0,3.0,GOOD
2026-05-18T05:45:00+05:30,PUNE_WEST,0.0,0.0,0.0,22.7,42.5,0.0,2.9,GOOD
2026-05-18T06:00:00+05:30,PUNE_WEST,0.0,0.0,0.0,24.3,40.2,0.0,2.9,GOOD
2026-05-18T06:15:00+05:30,PUNE_WEST,24.6,123.3,9.6,23.9,36.8,0.0,2.6,GOOD
2026-05-18T06:30:00+05:30,PUNE_WEST,64.9,325.7,25.3,25.7,36.7,0.0,2.8,GOOD
2026-05-18T06:45:00+05:30,PUNE_WEST,108.2,420.0,41.1,25.5,35.4,0.0,2.7,GOOD
2026-05-18T07:00:00+05:30,PUNE_WEST,168.1,482.0,63.0,25.1,34.6,0.0,3.2,GOOD
2026-05-18T07:15:00+05:30,PUNE_WEST,209.5,493.0,73.6,27.7,30.9,0.0,3.4,GOOD
2026-05-18T07:30:00+05:30,PUNE_WEST,316.4,644.1,102.1,28.6,26.5,0.0,2.5,GOOD
2026-05-18T07:45:00+05:30,PUNE_WEST,367.1,628.6,122.7,27.0,28.3,0.0,2.0,GOOD
2026-05-18T08:00:00+05:30,PUNE_WEST,378.2,537.3,139.8,27.4,33.8,0.0,3.7,GOOD
2026-05-18T08:15:00+05:30,PUNE_WEST,463.0,568.9,180.3,28.4,36.8,0.0,3.0,GOOD
2026-05-18T08:30:00+05:30,PUNE_WEST,463.7,502.3,188.1,28.8,39.3,0.0,2.7,GOOD
2026-05-18T08:45:00+05:30,PUNE_WEST,538.1,574.2,194.5,28.4,32.5,0.0,2.1,GOOD
2026-05-18T09:00:00+05:30,PUNE_WEST,575.2,568.4,207.8,29.1,32.5,0.0,2.6,GOOD
2026-05-18T09:15:00+05:30,PUNE_WEST,654.6,607.6,234.3,29.7,32.0,0.0,3.1,GOOD
2026-05-18T09:30:00+05:30,PUNE_WEST,687.9,620.2,232.4,30.8,28.9,0.0,2.7,GOOD
2026-05-18T09:45:00+05:30,PUNE_WEST,727.3,611.7,253.3,30.6,30.5,0.0,3.6,GOOD
2026-05-18T10:00:00+05:30,PUNE_WEST,796.0,621.8,290.9,29.6,33.2,0.0,3.6,GOOD
2026-05-18T10:15:00+05:30,PUNE_WEST,821.3,612.2,303.0,30.8,33.7,0.0,3.5,GOOD
2026-05-18T10:30:00+05:30,PUNE_WEST,856.3,600.4,329.4,30.9,36.1,0.0,3.1,GOOD
2026-05-18T10:45:00+05:30,PUNE_WEST,895.7,643.5,313.0,31.9,30.7,0.0,3.0,GOOD
2026-05-18T11:00:00+05:30,PUNE_WEST,914.3,658.2,302.2,32.2,27.8,0.0,2.9,GOOD
2026-05-18T11:15:00+05:30,PUNE_WEST,935.0,681.7,286.8,32.3,24.1,0.0,2.6,GOOD
2026-05-18T11:30:00+05:30,PUNE_WEST,942.9,657.3,306.6,30.0,27.0,0.0,2.0,GOOD
2026-05-18T11:45:00+05:30,PUNE_WEST,982.8,700.3,295.3,32.9,23.1,0.0,3.1,GOOD
2026-05-18T12:00:00+05:30,PUNE_WEST,999.2,682.3,322.6,32.5,26.6,0.0,3.3,GOOD
2026-05-18T12:15:00+05:30,PUNE_WEST,1030.0,723.6,308.1,32.7,22.9,0.0,1.9,GOOD
2026-05-18T12:30:00+05:30,PUNE_WEST,1008.4,704.5,304.0,33.7,23.3,0.0,2.7,GOOD
2026-05-18T12:45:00+05:30,PUNE_WEST,1026.4,735.7,292.0,32.3,20.7,0.0,2.9,GOOD
2026-05-18T13:00:00+05:30,PUNE_WEST,985.7,710.4,280.4,32.7,20.7,0.0,3.5,GOOD
2026-05-18T13:15:00+05:30,PUNE_WEST,991.0,717.4,285.3,32.5,21.2,0.0,3.0,GOOD
2026-05-18T13:30:00+05:30,PUNE_WEST,948.1,698.9,269.7,33.2,20.7,0.0,2.0,GOOD
2026-05-18T13:45:00+05:30,PUNE_WEST,939.6,682.7,288.3,33.3,24.1,0.0,2.5,GOOD
2026-05-18T14:00:00+05:30,PUNE_WEST,941.7,658.1,327.2,33.8,30.4,0.0,3.0,GOOD
2026-05-18T14:15:00+05:30,PUNE_WEST,907.8,621.7,342.2,32.4,34.9,0.0,2.7,GOOD
2026-05-18T14:30:00+05:30,PUNE_WEST,823.0,557.5,330.9,32.4,38.8,0.0,3.4,GOOD
2026-05-18T14:45:00+05:30,PUNE_WEST,809.1,542.9,346.5,31.0,42.8,0.0,3.6,GOOD
2026-05-18T15:00:00+05:30,PUNE_WEST,758.7,542.8,314.6,32.9,40.7,0.0,2.4,GOOD
2026-05-18T15:15:00+05:30,PUNE_WEST,696.3,458.7,337.9,30.4,51.6,0.0,2.1,GOOD
2026-05-18T15:30:00+05:30,PUNE_WEST,635.1,429.4,316.7,30.5,53.6,0.0,4.2,GOOD
2026-05-18T15:45:00+05:30,PUNE_WEST,597.6,445.6,286.1,29.6,50.6,0.0,2.5,GOOD
2026-05-18T16:00:00+05:30,PUNE_WEST,593.7,486.0,275.8,30.4,48.4,0.0,3.4,GOOD
2026-05-18T16:15:00+05:30,PUNE_WEST,503.5,438.6,237.4,29.5,49.4,0.0,2.8,GOOD
2026-05-18T16:30:00+05:30,PUNE_WEST,488.4,486.7,217.2,29.4,45.3,0.0,2.8,GOOD
2026-05-18T16:45:00+05:30,PUNE_WEST,436.8,487.3,190.2,29.5,43.9,0.0,2.9,GOOD
2026-05-18T17:00:00+05:30,PUNE_WEST,368.0,451.5,163.6,28.0,45.3,0.0,4.1,GOOD
2026-05-18T17:15:00+05:30,PUNE_WEST,332.5,460.2,149.3,28.2,46.0,0.0,2.4,GOOD
2026-05-18T17:30:00+05:30,PUNE_WEST,270.1,399.7,133.3,28.5,52.8,0.0,3.3,GOOD
2026-05-18T17:45:00+05:30,PUNE_WEST,178.3,303.4,91.7,27.2,56.0,0.0,2.5,GOOD
2026-05-18T18:00:00+05:30,PUNE_WEST,176.0,382.4,88.9,25.5,54.6,0.0,3.6,GOOD
2026-05-18T18:15:00+05:30,PUNE_WEST,132.7,374.2,69.2,25.3,57.2,0.0,4.0,GOOD
2026-05-18T18:30:00+05:30,PUNE_WEST,76.5,313.9,38.3,26.6,53.9,0.0,3.3,GOOD
2026-05-18T18:45:00+05:30,PUNE_WEST,6.8,28.5,3.4,24.3,52.7,0.0,2.7,GOOD
2026-05-18T19:00:00+05:30,PUNE_WEST,0.0,0.0,0.0,26.1,50.7,0.0,3.9,GOOD
2026-05-18T19:15:00+05:30,PUNE_WEST,0.0,0.0,0.0,24.1,53.5,0.0,3.7,GOOD
2026-05-18T19:30:00+05:30,PUNE_WEST,0.0,0.0,0.0,24.9,50.7,0.0,4.1,GOOD
2026-05-18T19:45:00+05:30,PUNE_WEST,0.0,0.0,0.0,23.4,54.5,0.0,2.8,GOOD
2026-05-18T20:00:00+05:30,PUNE_WEST,0.0,0.0,0.0,23.8,56.3,0.0,3.8,GOOD
2026-05-18T20:15:00+05:30,PUNE_WEST,0.0,0.0,0.0,22.0,52.1,0.0,3.3,GOOD
2026-05-18T20:30:00+05:30,PUNE_WEST,0.0,0.0,0.0,22.9,53.6,0.0,3.7,GOOD
2026-05-18T20:45:00+05:30,PUNE_WEST,0.0,0.0,0.0,23.4,55.7,0.0,2.1,GOOD
2026-05-18T21:00:00+05:30,PUNE_WEST,0.0,0.0,0.0,20.6,55.8,0.0,3.0,GOOD
2026-05-18T21:15:00+05:30,PUNE_WEST,0.0,0.0,0.0,21.3,49.3,0.0,3.3,GOOD
2026-05-18T21:30:00+05:30,PUNE_WEST,0.0,0.0,0.0,22.3,49.8,0.0,3.3,GOOD
2026-05-18T21:45:00+05:30,PUNE_WEST,0.0,0.0,0.0,21.9,50.4,0.0,2.5,GOOD
2026-05-18T22:00:00+05:30,PUNE_WEST,0.0,0.0,0.0,20,47.4,0.0,2.6,GOOD
2026-05-18T22:15:00+05:30,PUNE_WEST,0.0,0.0,0.0,21.3,47.5,0.0,3.3,GOOD
2026-05-18T22:30:00+05:30,PUNE_WEST,0.0,0.0,0.0,21.9,46.8,0.0,4.5,GOOD
2026-05-18T22:45:00+05:30,PUNE_WEST,0.0,0.0,0.0,23.3,46.2,0.0,3.8,GOOD
2026-05-18T23:00:00+05:30,PUNE_WEST,0.0,0.0,0.0,21.8,46.8,0.0,2.1,GOOD
2026-05-18T23:15:00+05:30,PUNE_WEST,0.0,0.0,0.0,20.9,43.7,0.0,2.3,GOOD
2026-05-18T23:30:00+05:30,PUNE_WEST,0.0,0.0,0.0,20.9,45.3,0.0,2.9,GOOD
2026-05-18T23:45:00+05:30,PUNE_WEST,0.0,0.0,0.0,20.0,48.1,0.0,2.5,GOOD
2026-05-19T00:00:00+05:30,PUNE_WEST,0.0,0.0,0.0,21.1,85.9,0.0,4.1,GOOD
2026-05-19T00:15:00+05:30,PUNE_WEST,0.0,0.0,0.0,20.3,84.1,0.0,4.3,GOOD
2026-05-19T00:30:00+05:30,PUNE_WEST,0.0,0.0,0.0,20.1,81.6,0.0,3.4,GOOD
2026-05-19T00:45:00+05:30,PUNE_WEST,0.0,0.0,0.0,20.6,82.5,0.0,2.8,GOOD
2026-05-19T01:00:00+05:30,PUNE_WEST,0.0,0.0,0.0,21.8,77.6,0.0,2.8,GOOD
2026-05-19T01:15:00+05:30,PUNE_WEST,0.0,0.0,0.0,21.5,82.0,0.0,2.9,GOOD
2026-05-19T01:30:00+05:30,PUNE_WEST,0.0,0.0,0.0,20.2,87.4,0.0,4.4,GOOD
2026-05-19T01:45:00+05:30,PUNE_WEST,0.0,0.0,0.0,21.4,90.4,0.0,3.3,GOOD
2026-05-19T02:00:00+05:30,PUNE_WEST,0.0,0.0,0.0,21.0,83.5,0.0,3.7,GOOD
2026-05-19T02:15:00+05:30,PUNE_WEST,0.0,0.0,0.0,21.9,85.8,0.0,3.2,GOOD
2026-05-19T02:30:00+05:30,PUNE_WEST,0.0,0.0,0.0,20.2,89.2,0.0,4.2,GOOD
2026-05-19T02:45:00+05:30,PUNE_WEST,0.0,0.0,0.0,20.3,86.4,0.0,2.9,GOOD
2026-05-19T03:00:00+05:30,PUNE_WEST,0.0,0.0,0.0,21.4,85.8,0.0,4.3,GOOD
2026-05-19T03:15:00+05:30,PUNE_WEST,0.0,0.0,0.0,21.7,83.6,0.0,4.8,GOOD
2026-05-19T03:30:00+05:30,PUNE_WEST,0.0,0.0,0.0,20.8,79.5,0.0,3.5,GOOD
2026-05-19T03:45:00+05:30,PUNE_WEST,0.0,0.0,0.0,21.6,77.4,0.0,3.1,GOOD
2026-05-19T04:00:00+05:30,PUNE_WEST,0.0,0.0,0.0,21.1,80.5,0.0,4.3,GOOD
2026-05-19T04:15:00+05:30,PUNE_WEST,0.0,0.0,0.0,20.2,79.1,0.0,3.9,GOOD
2026-05-19T04:30:00+05:30,PUNE_WEST,0.0,0.0,0.0,20.2,79.1,0.0,4.3,GOOD
2026-05-19T04:45:00+05:30,PUNE_WEST,0.0,0.0,0.0,20,78.0,0.0,3.1,GOOD
2026-05-19T05:00:00+05:30,PUNE_WEST,0.0,0.0,0.0,21.3,77.6,0.0,3.4,GOOD
2026-05-19T05:15:00+05:30,PUNE_WEST,0.0,0.0,0.0,21.6,77.9,0.0,2.6,GOOD
2026-05-19T05:30:00+05:30,PUNE_WEST,0.0,0.0,0.0,23.3,74.8,0.0,4.3,GOOD
2026-05-19T05:45:00+05:30,PUNE_WEST,0.0,0.0,0.0,22.7,72.2,0.0,3.1,GOOD
2026-05-19T06:00:00+05:30,PUNE_WEST,0.0,0.0,0.0,23.6,73.6,0.0,4.1,GOOD
2026-05-19T06:15:00+05:30,PUNE_WEST,46.6,139.4,29.6,22.5,74.7,0.0,4.0,GOOD
2026-05-19T06:30:00+05:30,PUNE_WEST,27.0,81.3,17.1,22.9,74.4,0.0,3.1,GOOD
2026-05-19T06:45:00+05:30,PUNE_WEST,72.1,162.9,45.9,24.4,74.9,0.0,3.6,GOOD
2026-05-19T07:00:00+05:30,PUNE_WEST,96.7,177.0,58.0,24.2,69.1,0.0,3.1,GOOD
2026-05-19T07:15:00+05:30,PUNE_WEST,134.2,186.7,82.6,25.3,71.6,0.0,3.5,GOOD
2026-05-19T07:30:00+05:30,PUNE_WEST,163.4,173.9,105.4,25.3,76.2,0.0,3.8,GOOD
2026-05-19T07:45:00+05:30,PUNE_WEST,175.1,150.1,116.6,24.1,79.4,0.0,3.7,GOOD
2026-05-19T08:00:00+05:30,PUNE_WEST,242.7,200.7,153.5,26.1,74.2,0.0,3.4,GOOD
2026-05-19T08:15:00+05:30,PUNE_WEST,281.3,216.6,173.6,26.5,71.8,0.0,5.4,GOOD
2026-05-19T08:30:00+05:30,PUNE_WEST,322.1,241.4,189.5,27.5,67.4,0.0,3.2,GOOD
2026-05-19T08:45:00+05:30,PUNE_WEST,319.2,214.6,190.6,28.6,68.8,0.0,4.3,SUSPECT
2026-05-19T09:00:00+05:30,PUNE_WEST,375.3,231.3,225.7,26.8,69.5,0.0,4.7,GOOD
2026-05-19T09:15:00+05:30,PUNE_WEST,399.7,226.0,243.3,28.0,70.6,0.0,2.7,GOOD
2026-05-19T09:30:00+05:30,PUNE_WEST,459.3,243.9,280.1,29.1,70.7,0.0,2.9,GOOD
2026-05-19T09:45:00+05:30,PUNE_WEST,454.5,230.6,275.8,28.8,70.3,0.0,3.6,GOOD
2026-05-19T10:00:00+05:30,PUNE_WEST,420.9,185.8,269.9,29.0,75.6,0.0,4.0,GOOD
2026-05-19T10:15:00+05:30,PUNE_WEST,491.0,216.7,307.6,29.5,73.3,0.0,3.2,GOOD
2026-05-19T10:30:00+05:30,PUNE_WEST,366.5,123.4,258.1,29.3,85.3,0.0,3.1,GOOD
2026-05-19T10:45:00+05:30,PUNE_WEST,371.5,112.6,269.6,28.5,88.6,0.0,3.7,GOOD
2026-05-19T11:00:00+05:30,PUNE_WEST,334.9,95.3,246.2,28.8,90.0,0.0,4.7,GOOD
2026-05-19T11:15:00+05:30,PUNE_WEST,366.7,99.7,271.9,32.0,91.0,0.0,3.6,GOOD
2026-05-19T11:30:00+05:30,PUNE_WEST,372.6,104.9,271.0,30.6,88.8,0.0,3.4,GOOD
2026-05-19T11:45:00+05:30,PUNE_WEST,483.3,157.6,328.6,29.4,81.5,0.0,3.8,GOOD
2026-05-19T12:00:00+05:30,PUNE_WEST,500.8,167.0,335.2,31.2,79.9,0.0,4.2,GOOD
2026-05-19T12:15:00+05:30,PUNE_WEST,465.2,145.9,319.7,30.4,82.6,0.0,4.5,GOOD
2026-05-19T12:30:00+05:30,PUNE_WEST,455.6,139.4,316.2,31.1,83.7,0.0,4.1,GOOD
2026-05-19T12:45:00+05:30,PUNE_WEST,484.7,153.4,331.6,31.0,82.2,0.0,3.1,GOOD
2026-05-19T13:00:00+05:30,PUNE_WEST,463.8,146.1,318.7,30.5,82.7,0.0,4.8,GOOD
2026-05-19T13:15:00+05:30,PUNE_WEST,476.9,148.4,330.9,30.3,83.7,0.0,2.2,GOOD
2026-05-19T13:30:00+05:30,PUNE_WEST,416.3,125.1,294.9,31.6,85.9,0.0,5.3,GOOD
2026-05-19T13:45:00+05:30,PUNE_WEST,463.9,157.7,313.4,32.0,80.9,0.0,4.5,GOOD
2026-05-19T14:00:00+05:30,PUNE_WEST,396.0,122.1,282.0,30.8,86.5,0.0,4.6,GOOD
2026-05-19T14:15:00+05:30,PUNE_WEST,364.7,113.7,261.2,30.7,87.1,0.0,3.8,GOOD
2026-05-19T14:30:00+05:30,PUNE_WEST,362.4,114.3,261.5,31.5,88.0,0.0,4.6,GOOD
2026-05-19T14:45:00+05:30,PUNE_WEST,283.5,81.5,214.0,30.6,93.1,0.0,3.7,GOOD
2026-05-19T15:00:00+05:30,PUNE_WEST,310.6,104.7,224.9,28.7,88.3,0.0,5.1,GOOD
2026-05-19T15:15:00+05:30,PUNE_WEST,326.5,122.4,230.8,28.8,85.7,0.0,3.3,GOOD
2026-05-19T15:30:00+05:30,PUNE_WEST,267.3,99.6,193.4,28.7,88.2,0.0,4.4,GOOD
2026-05-19T15:45:00+05:30,PUNE_WEST,249.3,98.4,180.4,28.9,88.3,0.0,3.9,GOOD
2026-05-19T16:00:00+05:30,PUNE_WEST,238.7,104.3,170.5,28.2,86.8,0.0,4.6,GOOD
2026-05-19T16:15:00+05:30,PUNE_WEST,240.8,114.6,171.1,29.9,86.3,0.0,4.1,GOOD
2026-05-19T16:30:00+05:30,PUNE_WEST,192.5,97.3,138.1,27.6,87.4,0.0,3.7,GOOD
2026-05-19T16:45:00+05:30,PUNE_WEST,198.9,111.9,142.2,28.1,86.9,0.0,2.9,GOOD
2026-05-19T17:00:00+05:30,PUNE_WEST,134.6,76.8,99.7,25.8,90.9,0.0,5.0,GOOD
2026-05-19T17:15:00+05:30,PUNE_WEST,128.1,82.3,95.3,26.8,91.3,0.0,3.4,GOOD
2026-05-19T17:30:00+05:30,PUNE_WEST,96.1,75.0,70.3,27.7,89.5,0.0,5.2,GOOD
2026-05-19T17:45:00+05:30,PUNE_WEST,42.7,37.2,32.0,26.1,92.4,0.0,4.2,GOOD
2026-05-19T18:00:00+05:30,PUNE_WEST,62.5,70.8,46.3,25.0,90.9,0.0,4.8,GOOD
2026-05-19T18:15:00+05:30,PUNE_WEST,57.3,91.2,41.7,25.4,88.9,0.0,3.8,GOOD
2026-05-19T18:30:00+05:30,PUNE_WEST,24.8,56.7,17.9,24.1,87.9,0.0,3.9,GOOD
2026-05-19T18:45:00+05:30,PUNE_WEST,0.0,0.0,0.0,24.1,86.0,0.0,4.4,GOOD
2026-05-19T19:00:00+05:30,PUNE_WEST,0.0,0.0,0.0,23.3,85.5,0.0,4.0,GOOD
2026-05-19T19:15:00+05:30,PUNE_WEST,0.0,0.0,0.0,23.1,78.5,0.0,4.5,GOOD
2026-05-19T19:30:00+05:30,PUNE_WEST,0.0,0.0,0.0,23.5,75.2,0.0,3.7,GOOD
2026-05-19T19:45:00+05:30,PUNE_WEST,0.0,0.0,0.0,22.8,70.2,0.0,3.4,GOOD
2026-05-19T20:00:00+05:30,PUNE_WEST,0.0,0.0,0.0,23.4,73.6,0.0,4.1,GOOD
2026-05-19T20:15:00+05:30,PUNE_WEST,0.0,0.0,0.0,20.7,77.7,0.0,2.5,GOOD
2026-05-19T20:30:00+05:30,PUNE_WEST,0.0,0.0,0.0,22.3,75.7,0.0,3.7,GOOD
2026-05-19T20:45:00+05:30,PUNE_WEST,0.0,0.0,0.0,22.3,73.0,0.0,3.9,GOOD
2026-05-19T21:00:00+05:30,PUNE_WEST,0.0,0.0,0.0,20.5,76.0,0.0,4.2,GOOD
2026-05-19T21:15:00+05:30,PUNE_WEST,0.0,0.0,0.0,20.9,78.0,0.0,4.5,GOOD
2026-05-19T21:30:00+05:30,PUNE_WEST,0.0,0.0,0.0,21.3,79.3,0.0,4.1,GOOD
2026-05-19T21:45:00+05:30,PUNE_WEST,0.0,0.0,0.0,21.4,80.4,0.0,3.7,GOOD
2026-05-19T22:00:00+05:30,PUNE_WEST,0.0,0.0,0.0,20,84.8,0.0,3.2,GOOD
2026-05-19T22:15:00+05:30,PUNE_WEST,0.0,0.0,0.0,20,87.4,0.0,4.4,GOOD
2026-05-19T22:30:00+05:30,PUNE_WEST,0.0,0.0,0.0,21.3,81.7,0.0,4.2,GOOD
2026-05-19T22:45:00+05:30,PUNE_WEST,0.0,0.0,0.0,22.0,80.5,0.0,4.4,GOOD
2026-05-19T23:00:00+05:30,PUNE_WEST,0.0,0.0,0.0,20,78.8,0.0,2.4,GOOD
2026-05-19T23:15:00+05:30,PUNE_WEST,0.0,0.0,0.0,21.1,83.5,0.0,3.6,GOOD
2026-05-19T23:30:00+05:30,PUNE_WEST,0.0,0.0,0.0,20.8,80.5,0.0,4.0,GOOD
2026-05-19T23:45:00+05:30,PUNE_WEST,0.0,0.0,0.0,21.4,79.9,0.0,4.6,GOOD
2026-05-20T00:00:00+05:30,PUNE_WEST,0.0,0.0,0.0,22.0,42.8,0.0,3.3,GOOD
2026-05-20T00:15:00+05:30,PUNE_WEST,0.0,0.0,0.0,21.6,33.5,0.0,1.5,GOOD
2026-05-20T00:30:00+05:30,PUNE_WEST,0.0,0.0,0.0,21.1,34.5,0.0,3.7,GOOD
2026-05-20T00:45:00+05:30,PUNE_WEST,0.0,0.0,0.0,20.3,31.4,0.0,2.0,GOOD
2026-05-20T01:00:00+05:30,PUNE_WEST,0.0,0.0,0.0,22.7,35.8,0.0,2.8,GOOD
2026-05-20T01:15:00+05:30,PUNE_WEST,0.0,0.0,0.0,23.3,36.5,0.0,3.4,GOOD
2026-05-20T01:30:00+05:30,PUNE_WEST,0.0,0.0,0.0,21.6,37.5,0.0,2.6,GOOD
2026-05-20T01:45:00+05:30,PUNE_WEST,0.0,0.0,0.0,21.2,38.1,0.0,2.7,GOOD
2026-05-20T02:00:00+05:30,PUNE_WEST,0.0,0.0,0.0,23.7,30.2,0.0,2.9,GOOD
2026-05-20T02:15:00+05:30,PUNE_WEST,0.0,0.0,0.0,23.0,31.3,0.0,3.5,GOOD
2026-05-20T02:30:00+05:30,PUNE_WEST,0.0,0.0,0.0,23.4,33.4,0.0,3.6,GOOD
2026-05-20T02:45:00+05:30,PUNE_WEST,0.0,0.0,0.0,22.6,38.6,0.0,2.6,GOOD
2026-05-20T03:00:00+05:30,PUNE_WEST,0.0,0.0,0.0,22.7,34.6,0.0,3.5,GOOD
2026-05-20T03:15:00+05:30,PUNE_WEST,0.0,0.0,0.0,21.0,33.2,0.0,3.7,GOOD
2026-05-20T03:30:00+05:30,PUNE_WEST,0.0,0.0,0.0,22.1,37.2,0.0,3.6,GOOD
2026-05-20T03:45:00+05:30,PUNE_WEST,0.0,0.0,0.0,23.1,37.7,0.0,1.9,GOOD
2026-05-20T04:00:00+05:30,PUNE_WEST,0.0,0.0,0.0,21.7,39.8,0.0,4.0,GOOD
2026-05-20T04:15:00+05:30,PUNE_WEST,0.0,0.0,0.0,21.9,36.6,0.0,2.8,GOOD
2026-05-20T04:30:00+05:30,PUNE_WEST,0.0,0.0,0.0,21.2,39.4,0.0,3.1,GOOD
2026-05-20T04:45:00+05:30,PUNE_WEST,0.0,0.0,0.0,23.1,44.5,0.0,3.5,GOOD
2026-05-20T05:00:00+05:30,PUNE_WEST,0.0,0.0,0.0,21.6,44.0,0.0,2.9,GOOD
2026-05-20T05:15:00+05:30,PUNE_WEST,0.0,0.0,0.0,22.7,43.1,0.0,3.1,GOOD
2026-05-20T05:30:00+05:30,PUNE_WEST,0.0,0.0,0.0,22.1,43.0,0.0,3.2,GOOD
2026-05-20T05:45:00+05:30,PUNE_WEST,0.0,0.0,0.0,22.5,40.7,0.0,3.1,GOOD
2026-05-20T06:00:00+05:30,PUNE_WEST,0.0,0.0,0.0,23.1,35.4,0.0,3.9,GOOD
2026-05-20T06:15:00+05:30,PUNE_WEST,22.4,113.3,8.6,24.7,35.9,0.0,3.0,GOOD
2026-05-20T06:30:00+05:30,PUNE_WEST,62.5,315.8,24.0,25.0,36.0,0.0,3.4,GOOD
2026-05-20T06:45:00+05:30,PUNE_WEST,107.8,422.8,39.5,26.8,33.3,0.0,1.6,GOOD
2026-05-20T07:00:00+05:30,PUNE_WEST,174.8,513.9,62.0,26.6,31.5,0.0,3.9,GOOD
2026-05-20T07:15:00+05:30,PUNE_WEST,208.4,515.8,65.4,26.3,25.2,0.0,1.7,GOOD
2026-05-20T07:30:00+05:30,PUNE_WEST,264.5,510.2,94.1,26.2,31.6,0.0,2.9,GOOD
2026-05-20T07:45:00+05:30,PUNE_WEST,336.3,581.7,109.5,27.3,27.0,0.0,2.7,GOOD
2026-05-20T08:00:00+05:30,PUNE_WEST,382.4,538.4,143.0,26.6,34.5,0.0,2.6,GOOD
2026-05-20T08:15:00+05:30,PUNE_WEST,429.0,548.4,155.9,27.7,32.8,0.0,3.3,GOOD
2026-05-20T08:30:00+05:30,PUNE_WEST,517.9,604.0,186.0,29.6,32.2,0.0,2.6,GOOD
2026-05-20T08:45:00+05:30,PUNE_WEST,551.5,603.5,189.8,30.4,29.9,0.0,3.2,GOOD
2026-05-20T09:00:00+05:30,PUNE_WEST,612.3,632.1,203.5,29.5,28.0,0.0,2.9,GOOD
2026-05-20T09:15:00+05:30,PUNE_WEST,685.0,668.7,222.1,28.8,26.8,0.0,3.3,GOOD
2026-05-20T09:30:00+05:30,PUNE_WEST,690.9,589.4,257.8,29.2,34.3,0.0,3.7,GOOD
2026-05-20T09:45:00+05:30,PUNE_WEST,727.5,603.1,260.1,31.1,31.9,0.0,2.6,GOOD
2026-05-20T10:00:00+05:30,PUNE_WEST,792.6,607.1,299.4,30.0,35.0,0.0,2.7,GOOD
2026-05-20T10:15:00+05:30,PUNE_WEST,789.9,580.9,298.2,29.2,35.0,0.0,2.4,GOOD
2026-05-20T10:30:00+05:30,PUNE_WEST,823.1,557.0,334.3,31.1,39.4,0.0,3.4,GOOD
2026-05-20T10:45:00+05:30,PUNE_WEST,896.8,631.1,325.4,30.8,32.7,0.0,3.5,GOOD
2026-05-20T11:00:00+05:30,PUNE_WEST,909.6,612.9,339.7,31.0,34.4,0.0,2.2,GOOD
2026-05-20T11:15:00+05:30,PUNE_WEST,935.5,627.3,339.1,32.8,32.7,0.0,3.5,GOOD
2026-05-20T11:30:00+05:30,PUNE_WEST,978.1,678.8,321.0,33.8,27.4,0.0,4.4,GOOD
2026-05-20T11:45:00+05:30,PUNE_WEST,957.4,599.5,368.9,32.6,36.2,0.0,2.9,GOOD
2026-05-20T12:00:00+05:30,PUNE_WEST,972.4,595.2,382.4,31.1,37.4,0.0,4.6,GOOD
2026-05-20T12:15:00+05:30,PUNE_WEST,965.5,562.0,405.0,32.6,41.5,0.0,4.1,GOOD
2026-05-20T12:30:00+05:30,PUNE_WEST,969.3,542.0,427.4,32.3,44.8,0.0,2.8,GOOD
2026-05-20T12:45:00+05:30,PUNE_WEST,968.9,566.5,403.5,32.3,41.0,0.0,3.0,GOOD
2026-05-20T13:00:00+05:30,PUNE_WEST,925.4,548.7,380.7,33.4,40.2,0.0,2.3,GOOD
2026-05-20T13:15:00+05:30,PUNE_WEST,947.0,562.5,393.7,32.3,40.9,0.0,2.6,GOOD
2026-05-20T13:30:00+05:30,PUNE_WEST,939.9,567.9,388.6,31.6,40.5,0.0,3.0,GOOD
2026-05-20T13:45:00+05:30,PUNE_WEST,888.5,494.8,416.4,31.0,49.0,0.0,3.4,GOOD
2026-05-20T14:00:00+05:30,PUNE_WEST,885.4,529.4,391.0,33.8,44.9,0.0,4.7,GOOD
2026-05-20T14:15:00+05:30,PUNE_WEST,837.6,506.6,376.6,33.0,46.1,0.0,2.5,GOOD
2026-05-20T14:30:00+05:30,PUNE_WEST,845.0,510.0,394.7,31.6,48.8,0.0,3.3,GOOD
2026-05-20T14:45:00+05:30,PUNE_WEST,765.1,450.9,380.7,31.4,53.5,0.0,2.7,GOOD
2026-05-20T15:00:00+05:30,PUNE_WEST,690.8,418.2,348.4,30.8,54.5,0.0,3.2,GOOD
2026-05-20T15:15:00+05:30,PUNE_WEST,665.6,417.3,339.2,31.4,55.3,0.0,3.8,GOOD
2026-05-20T15:30:00+05:30,PUNE_WEST,652.0,430.3,332.6,30.8,55.4,0.0,4.3,GOOD
2026-05-20T15:45:00+05:30,PUNE_WEST,598.0,425.5,300.1,29.1,54.1,0.0,3.2,GOOD
2026-05-20T16:00:00+05:30,PUNE_WEST,588.4,482.8,272.0,29.0,48.0,0.0,3.1,GOOD
2026-05-20T16:15:00+05:30,PUNE_WEST,504.0,434.5,239.8,28.7,50.1,0.0,2.5,GOOD
2026-05-20T16:30:00+05:30,PUNE_WEST,456.1,405.8,229.4,28.8,54.3,0.0,3.5,GOOD
2026-05-20T16:45:00+05:30,PUNE_WEST,382.0,349.9,204.4,28.1,59.3,0.0,3.4,GOOD
2026-05-20T17:00:00+05:30,PUNE_WEST,345.5,346.5,188.0,27.4,60.6,0.0,3.1,GOOD
2026-05-20T17:15:00+05:30,PUNE_WEST,289.7,330.0,157.7,27.6,60.7,0.0,2.0,GOOD
2026-05-20T17:30:00+05:30,PUNE_WEST,278.9,419.2,134.6,27.8,51.2,0.0,3.4,GOOD
2026-05-20T17:45:00+05:30,PUNE_WEST,189.7,316.7,98.6,26.4,56.9,0.0,4.1,GOOD
2026-05-20T18:00:00+05:30,PUNE_WEST,171.8,332.5,95.3,26.7,62.3,0.0,3.4,GOOD
2026-05-20T18:15:00+05:30,PUNE_WEST,102.6,274.3,55.4,27.8,60.0,0.0,2.4,GOOD
2026-05-20T18:30:00+05:30,PUNE_WEST,56.9,216.1,30.6,25.6,59.6,0.0,3.7,GOOD
2026-05-20T18:45:00+05:30,PUNE_WEST,39.7,164.4,19.7,25.2,53.1,0.0,2.6,GOOD
2026-05-20T19:00:00+05:30,PUNE_WEST,0.0,0.0,0.0,26.0,54.2,0.0,4.1,GOOD
2026-05-20T19:15:00+05:30,PUNE_WEST,0.0,0.0,0.0,25.4,54.5,0.0,2.9,GOOD
2026-05-20T19:30:00+05:30,PUNE_WEST,0.0,0.0,0.0,24.6,49.4,0.0,2.3,GOOD
2026-05-20T19:45:00+05:30,PUNE_WEST,0.0,0.0,0.0,24.5,53.5,0.0,2.8,GOOD
2026-05-20T20:00:00+05:30,PUNE_WEST,0.0,0.0,0.0,24.4,55.7,0.0,3.7,GOOD
2026-05-20T20:15:00+05:30,PUNE_WEST,0.0,0.0,0.0,22.7,57.8,0.0,2.3,GOOD
2026-05-20T20:30:00+05:30,PUNE_WEST,0.0,0.0,0.0,21.0,63.5,0.0,3.4,GOOD
2026-05-20T20:45:00+05:30,PUNE_WEST,0.0,0.0,0.0,20.8,56.5,0.0,3.4,GOOD
2026-05-20T21:00:00+05:30,PUNE_WEST,0.0,0.0,0.0,22.4,59.3,0.0,2.8,GOOD
2026-05-20T21:15:00+05:30,PUNE_WEST,0.0,0.0,0.0,20.4,61.7,0.0,3.6,GOOD
2026-05-20T21:30:00+05:30,PUNE_WEST,0.0,0.0,0.0,21.1,60.0,0.0,3.9,GOOD
2026-05-20T21:45:00+05:30,PUNE_WEST,0.0,0.0,0.0,21.7,55.3,0.0,3.1,GOOD
2026-05-20T22:00:00+05:30,PUNE_WEST,0.0,0.0,0.0,21.0,52.8,0.0,3.3,GOOD
2026-05-20T22:15:00+05:30,PUNE_WEST,0.0,0.0,0.0,21.5,52.0,0.0,3.3,GOOD
2026-05-20T22:30:00+05:30,PUNE_WEST,0.0,0.0,0.0,22.7,54.1,0.0,3.1,GOOD
2026-05-20T22:45:00+05:30,PUNE_WEST,0.0,0.0,0.0,21.1,48.4,0.0,3.3,GOOD
2026-05-20T23:00:00+05:30,PUNE_WEST,0.0,0.0,0.0,21.1,50.6,0.0,4.2,GOOD
2026-05-20T23:15:00+05:30,PUNE_WEST,0.0,0.0,0.0,21.4,49.2,0.0,3.3,GOOD
2026-05-20T23:30:00+05:30,PUNE_WEST,0.0,0.0,0.0,20.7,51.9,0.0,2.4,GOOD
2026-05-20T23:45:00+05:30,PUNE_WEST,0.0,0.0,0.0,22.5,49.8,0.0,2.7,GOOD
2026-05-21T00:00:00+05:30,PUNE_WEST,0.0,0.0,0.0,23.3,39.0,0.0,3.9,GOOD
2026-05-21T00:15:00+05:30,PUNE_WEST,0.0,0.0,0.0,21.4,40.1,0.0,3.9,GOOD
2026-05-21T00:30:00+05:30,PUNE_WEST,0.0,0.0,0.0,23.4,36.6,0.0,3.9,GOOD
2026-05-21T00:45:00+05:30,PUNE_WEST,0.0,0.0,0.0,22.4,33.5,0.0,2.9,GOOD
2026-05-21T01:00:00+05:30,PUNE_WEST,0.0,0.0,0.0,20.9,30.6,0.0,2.1,GOOD
2026-05-21T01:15:00+05:30,PUNE_WEST,0.0,0.0,0.0,22.9,36.0,0.0,4.0,GOOD
2026-05-21T01:30:00+05:30,PUNE_WEST,0.0,0.0,0.0,21.6,33.6,0.0,4.1,GOOD
2026-05-21T01:45:00+05:30,PUNE_WEST,0.0,0.0,0.0,22.5,30.0,0.0,3.5,GOOD
2026-05-21T02:00:00+05:30,PUNE_WEST,0.0,0.0,0.0,23.2,29.1,0.0,3.5,GOOD
2026-05-21T02:15:00+05:30,PUNE_WEST,0.0,0.0,0.0,22.0,23.2,0.0,2.5,GOOD
2026-05-21T02:30:00+05:30,PUNE_WEST,0.0,0.0,0.0,23.0,22.5,0.0,3.6,GOOD
2026-05-21T02:45:00+05:30,PUNE_WEST,0.0,0.0,0.0,22.1,25.8,0.0,1.0,GOOD
2026-05-21T03:00:00+05:30,PUNE_WEST,0.0,0.0,0.0,22.4,22.1,0.0,1.6,GOOD
2026-05-21T03:15:00+05:30,PUNE_WEST,0.0,0.0,0.0,22.5,20.7,0.0,1.7,GOOD
2026-05-21T03:30:00+05:30,PUNE_WEST,0.0,0.0,0.0,22.7,20.7,0.0,2.7,GOOD
2026-05-21T03:45:00+05:30,PUNE_WEST,0.0,0.0,0.0,23.3,21.6,0.0,2.8,GOOD
2026-05-21T04:00:00+05:30,PUNE_WEST,0.0,0.0,0.0,22.7,28.3,0.0,3.0,GOOD
2026-05-21T04:15:00+05:30,PUNE_WEST,0.0,0.0,0.0,21.9,30.2,0.0,3.4,GOOD
2026-05-21T04:30:00+05:30,PUNE_WEST,0.0,0.0,0.0,22.7,28.6,0.0,3.7,GOOD
2026-05-21T04:45:00+05:30,PUNE_WEST,0.0,0.0,0.0,22.3,23.0,0.0,1.7,GOOD
2026-05-21T05:00:00+05:30,PUNE_WEST,0.0,0.0,0.0,23.1,21.6,0.0,1.7,GOOD
2026-05-21T05:15:00+05:30,PUNE_WEST,0.0,0.0,0.0,23.5,28.5,0.0,4.0,GOOD
2026-05-21T05:30:00+05:30,PUNE_WEST,0.0,0.0,0.0,22.6,26.7,0.0,2.0,GOOD
2026-05-21T05:45:00+05:30,PUNE_WEST,0.0,0.0,0.0,24.4,22.6,0.0,3.6,GOOD
2026-05-21T06:00:00+05:30,PUNE_WEST,0.0,0.0,0.0,26.3,20.7,0.0,3.4,GOOD
2026-05-21T06:15:00+05:30,PUNE_WEST,31.9,183.2,9.5,24.8,22.9,0.0,3.2,GOOD
2026-05-21T06:30:00+05:30,PUNE_WEST,73.2,415.6,22.6,23.4,24.4,0.0,3.0,GOOD
2026-05-21T06:45:00+05:30,PUNE_WEST,114.9,465.0,39.4,25.7,29.7,0.0,1.9,GOOD
2026-05-21T07:00:00+05:30,PUNE_WEST,198.8,601.5,66.3,25.7,28.2,0.0,2.7,GOOD
2026-05-21T07:15:00+05:30,PUNE_WEST,225.6,580.9,64.2,25.3,20.7,0.0,2.5,GOOD
2026-05-21T07:30:00+05:30,PUNE_WEST,282.5,604.0,80.4,26.2,20.7,0.0,3.7,GOOD
2026-05-21T07:45:00+05:30,PUNE_WEST,352.0,644.3,100.4,28.7,20.8,0.0,2.3,GOOD
2026-05-21T08:00:00+05:30,PUNE_WEST,388.6,624.7,110.6,27.8,20.7,0.0,2.4,GOOD
2026-05-21T08:15:00+05:30,PUNE_WEST,471.7,665.3,140.2,28.9,22.6,0.0,2.4,GOOD
2026-05-21T08:30:00+05:30,PUNE_WEST,494.1,608.2,159.7,28.8,26.6,0.0,2.4,GOOD
2026-05-21T08:45:00+05:30,PUNE_WEST,551.9,618.3,181.3,27.7,27.5,0.0,2.6,GOOD
2026-05-21T09:00:00+05:30,PUNE_WEST,607.7,649.3,187.6,29.2,24.4,0.0,3.6,GOOD
2026-05-21T09:15:00+05:30,PUNE_WEST,658.4,640.6,214.9,31.2,27.1,0.0,2.5,GOOD
2026-05-21T09:30:00+05:30,PUNE_WEST,695.8,641.7,224.2,29.8,26.5,0.0,2.4,GOOD
2026-05-21T09:45:00+05:30,PUNE_WEST,735.9,629.2,248.2,31.3,28.8,0.0,1.6,GOOD
2026-05-21T10:00:00+05:30,PUNE_WEST,801.3,685.1,244.8,32.1,23.9,0.0,3.1,GOOD
2026-05-21T10:15:00+05:30,PUNE_WEST,824.2,667.3,259.3,31.7,25.3,0.0,2.9,GOOD
2026-05-21T10:30:00+05:30,PUNE_WEST,862.7,627.0,312.4,31.9,32.6,0.0,2.5,GOOD
2026-05-21T10:45:00+05:30,PUNE_WEST,893.3,641.9,312.2,31.3,30.7,0.0,3.0,GOOD
2026-05-21T11:00:00+05:30,PUNE_WEST,907.4,629.9,321.8,31.8,31.5,0.0,2.6,GOOD
2026-05-21T11:15:00+05:30,PUNE_WEST,952.1,657.2,327.3,31.8,29.8,0.0,3.8,GOOD
2026-05-21T11:30:00+05:30,PUNE_WEST,991.0,674.9,337.8,31.2,29.4,0.0,3.6,GOOD
2026-05-21T11:45:00+05:30,PUNE_WEST,978.2,640.4,349.7,32.3,31.9,0.0,1.7,GOOD
2026-05-21T12:00:00+05:30,PUNE_WEST,1000.8,650.5,356.0,32.0,31.6,0.0,4.1,GOOD
2026-05-21T12:15:00+05:30,PUNE_WEST,962.2,593.2,370.7,32.5,36.2,0.0,2.9,GOOD
2026-05-21T12:30:00+05:30,PUNE_WEST,979.2,594.3,385.1,31.7,37.4,0.0,2.7,GOOD
2026-05-21T12:45:00+05:30,PUNE_WEST,970.8,574.2,397.7,32.3,39.9,0.0,2.0,GOOD
2026-05-21T13:00:00+05:30,PUNE_WEST,919.6,510.4,412.9,32.5,46.0,0.0,3.4,GOOD
2026-05-21T13:15:00+05:30,PUNE_WEST,933.7,525.3,417.0,31.7,45.6,0.0,2.4,GOOD
2026-05-21T13:30:00+05:30,PUNE_WEST,871.3,498.1,387.9,31.1,45.4,0.0,2.8,GOOD
2026-05-21T13:45:00+05:30,PUNE_WEST,893.1,528.6,388.7,32.5,43.9,0.0,3.9,GOOD
2026-05-21T14:00:00+05:30,PUNE_WEST,904.3,558.9,382.3,32.2,42.0,0.0,3.6,GOOD
2026-05-21T14:15:00+05:30,PUNE_WEST,865.8,530.7,382.8,31.3,44.9,0.0,3.9,GOOD
2026-05-21T14:30:00+05:30,PUNE_WEST,819.9,495.0,382.8,32.3,48.7,0.0,1.6,GOOD
2026-05-21T14:45:00+05:30,PUNE_WEST,803.0,512.0,366.4,31.2,47.1,0.0,2.2,GOOD
2026-05-21T15:00:00+05:30,PUNE_WEST,769.8,524.5,340.2,30.9,44.9,0.0,3.7,GOOD
2026-05-21T15:15:00+05:30,PUNE_WEST,691.5,481.5,314.8,31.9,46.9,0.0,3.7,GOOD
2026-05-21T15:30:00+05:30,PUNE_WEST,692.6,508.5,314.8,31.2,46.9,0.0,2.9,GOOD
2026-05-21T15:45:00+05:30,PUNE_WEST,615.9,495.4,268.9,31.8,44.1,0.0,2.3,GOOD
2026-05-21T16:00:00+05:30,PUNE_WEST,558.8,461.1,256.4,30.2,47.5,0.0,2.7,GOOD
2026-05-21T16:15:00+05:30,PUNE_WEST,555.8,489.7,257.7,28.7,48.3,0.0,2.9,GOOD
2026-05-21T16:30:00+05:30,PUNE_WEST,507.3,513.4,220.1,28.3,43.7,0.0,2.4,GOOD
2026-05-21T16:45:00+05:30,PUNE_WEST,437.4,486.2,190.3,29.2,43.9,0.0,3.1,GOOD
2026-05-21T17:00:00+05:30,PUNE_WEST,350.4,377.5,178.5,27.9,55.3,0.0,2.3,GOOD
2026-05-21T17:15:00+05:30,PUNE_WEST,318.2,374.5,168.0,26.5,58.2,0.0,2.8,GOOD
2026-05-21T17:30:00+05:30,PUNE_WEST,224.2,310.0,117.1,28.9,57.3,0.0,3.6,GOOD
2026-05-21T17:45:00+05:30,PUNE_WEST,219.5,363.4,114.6,26.7,57.2,0.0,2.7,GOOD
2026-05-21T18:00:00+05:30,PUNE_WEST,189.7,422.7,92.0,27.1,51.5,0.0,3.1,GOOD
2026-05-21T18:15:00+05:30,PUNE_WEST,136.0,362.2,73.2,25.8,59.8,0.0,3.0,GOOD
2026-05-21T18:30:00+05:30,PUNE_WEST,65.1,260.7,33.3,25.4,55.7,0.0,3.8,GOOD
2026-05-21T18:45:00+05:30,PUNE_WEST,29.0,113.8,15.1,25.4,57.2,0.0,5.1,GOOD
2026-05-21T19:00:00+05:30,PUNE_WEST,0.0,0.0,0.0,24.4,50.9,0.0,4.2,GOOD
2026-05-21T19:15:00+05:30,PUNE_WEST,0.0,0.0,0.0,24.0,57.9,0.0,3.5,GOOD
2026-05-21T19:30:00+05:30,PUNE_WEST,0.0,0.0,0.0,24.7,56.5,0.0,4.1,GOOD
2026-05-21T19:45:00+05:30,PUNE_WEST,0.0,0.0,0.0,23.6,53.7,0.0,3.6,GOOD
2026-05-21T20:00:00+05:30,PUNE_WEST,0.0,0.0,0.0,23.1,48.4,0.0,2.6,GOOD
2026-05-21T20:15:00+05:30,PUNE_WEST,0.0,0.0,0.0,23.6,51.7,0.0,3.8,GOOD
2026-05-21T20:30:00+05:30,PUNE_WEST,0.0,0.0,0.0,23.4,52.5,0.0,2.9,GOOD
2026-05-21T20:45:00+05:30,PUNE_WEST,0.0,0.0,0.0,22.9,56.9,0.0,2.6,GOOD
2026-05-21T21:00:00+05:30,PUNE_WEST,0.0,0.0,0.0,20.9,58.1,0.0,2.9,GOOD
2026-05-21T21:15:00+05:30,PUNE_WEST,0.0,0.0,0.0,22.1,57.5,0.0,4.0,GOOD
2026-05-21T21:30:00+05:30,PUNE_WEST,0.0,0.0,0.0,22.2,53.3,0.0,4.1,GOOD
2026-05-21T21:45:00+05:30,PUNE_WEST,0.0,0.0,0.0,21.4,51.5,0.0,3.5,GOOD
2026-05-21T22:00:00+05:30,PUNE_WEST,0.0,0.0,0.0,21.4,43.3,0.0,2.0,GOOD
2026-05-21T22:15:00+05:30,PUNE_WEST,0.0,0.0,0.0,20.5,46.9,0.0,2.4,GOOD
2026-05-21T22:30:00+05:30,PUNE_WEST,0.0,0.0,0.0,20.9,46.8,0.0,2.0,GOOD
2026-05-21T22:45:00+05:30,PUNE_WEST,0.0,0.0,0.0,21.2,55.0,0.0,2.7,GOOD
2026-05-21T23:00:00+05:30,PUNE_WEST,0.0,0.0,0.0,20,57.5,0.0,4.0,GOOD
2026-05-21T23:15:00+05:30,PUNE_WEST,0.0,0.0,0.0,22.1,56.3,0.0,2.0,GOOD
2026-05-21T23:30:00+05:30,PUNE_WEST,0.0,0.0,0.0,21.7,51.6,0.0,4.3,GOOD
2026-05-21T23:45:00+05:30,PUNE_WEST,0.0,0.0,0.0,21.0,54.8,0.0,3.2,GOOD
2026-05-22T00:00:00+05:30,PUNE_WEST,0.0,0.0,0.0,22.2,26.0,0.0,3.0,GOOD
2026-05-22T00:15:00+05:30,PUNE_WEST,0.0,0.0,0.0,21.6,26.3,0.0,3.1,GOOD
2026-05-22T00:30:00+05:30,PUNE_WEST,0.0,0.0,0.0,20.8,23.6,0.0,1.4,GOOD
2026-05-22T00:45:00+05:30,PUNE_WEST,0.0,0.0,0.0,22.1,26.8,0.0,2.6,GOOD
2026-05-22T01:00:00+05:30,PUNE_WEST,0.0,0.0,0.0,21.6,20.7,0.0,2.1,GOOD
2026-05-22T01:15:00+05:30,PUNE_WEST,0.0,0.0,0.0,23.0,27.3,0.0,3.1,GOOD
2026-05-22T01:30:00+05:30,PUNE_WEST,0.0,0.0,0.0,21.0,30.1,0.0,2.7,GOOD
2026-05-22T01:45:00+05:30,PUNE_WEST,0.0,0.0,0.0,23.3,27.1,0.0,2.9,GOOD
2026-05-22T02:00:00+05:30,PUNE_WEST,0.0,0.0,0.0,21.4,30.4,0.0,3.0,GOOD
2026-05-22T02:15:00+05:30,PUNE_WEST,0.0,0.0,0.0,21.4,30.8,0.0,2.2,GOOD
2026-05-22T02:30:00+05:30,PUNE_WEST,0.0,0.0,0.0,22.1,27.3,0.0,4.4,GOOD
2026-05-22T02:45:00+05:30,PUNE_WEST,0.0,0.0,0.0,22.4,28.8,0.0,2.8,GOOD
2026-05-22T03:00:00+05:30,PUNE_WEST,0.0,0.0,0.0,22.8,33.3,0.0,3.9,GOOD
2026-05-22T03:15:00+05:30,PUNE_WEST,0.0,0.0,0.0,22.0,32.0,0.0,2.3,GOOD
2026-05-22T03:30:00+05:30,PUNE_WEST,0.0,0.0,0.0,22.2,33.8,0.0,3.5,GOOD
2026-05-22T03:45:00+05:30,PUNE_WEST,0.0,0.0,0.0,23.6,32.0,0.0,2.9,GOOD
2026-05-22T04:00:00+05:30,PUNE_WEST,0.0,0.0,0.0,21.6,26.9,0.0,2.4,GOOD
2026-05-22T04:15:00+05:30,PUNE_WEST,0.0,0.0,0.0,23.4,28.7,0.0,2.6,GOOD
2026-05-22T04:30:00+05:30,PUNE_WEST,0.0,0.0,0.0,21.4,31.5,0.0,2.8,GOOD
2026-05-22T04:45:00+05:30,PUNE_WEST,0.0,0.0,0.0,21.8,30.9,0.0,2.8,GOOD
2026-05-22T05:00:00+05:30,PUNE_WEST,0.0,0.0,0.0,21.8,31.9,0.0,3.1,GOOD
2026-05-22T05:15:00+05:30,PUNE_WEST,0.0,0.0,0.0,23.1,32.2,0.0,1.9,GOOD
2026-05-22T05:30:00+05:30,PUNE_WEST,0.0,0.0,0.0,23.1,34.9,0.0,3.5,GOOD
2026-05-22T05:45:00+05:30,PUNE_WEST,0.0,0.0,0.0,23.8,35.7,0.0,2.3,GOOD
2026-05-22T06:00:00+05:30,PUNE_WEST,0.0,0.0,0.0,24.1,30.1,0.0,3.3,GOOD
2026-05-22T06:15:00+05:30,PUNE_WEST,16.6,88.7,5.8,24.1,30.5,0.0,2.7,GOOD
2026-05-22T06:30:00+05:30,PUNE_WEST,92.1,486.6,32.8,25.5,31.7,0.0,3.8,GOOD
2026-05-22T06:45:00+05:30,PUNE_WEST,143.8,554.6,53.3,25.4,34.0,0.0,3.4,GOOD
2026-05-22T07:00:00+05:30,PUNE_WEST,199.7,563.7,75.1,26.2,34.8,0.0,2.4,GOOD
2026-05-22T07:15:00+05:30,PUNE_WEST,229.4,509.2,87.6,27.1,35.7,0.0,2.7,GOOD
2026-05-22T07:30:00+05:30,PUNE_WEST,246.7,429.8,102.6,26.9,40.9,0.0,2.5,GOOD
2026-05-22T07:45:00+05:30,PUNE_WEST,303.0,427.9,135.7,26.1,45.8,0.0,2.9,GOOD
2026-05-22T08:00:00+05:30,PUNE_WEST,357.4,448.0,157.8,26.1,44.8,0.0,3.7,GOOD
2026-05-22T08:15:00+05:30,PUNE_WEST,432.3,511.6,177.2,28.0,40.0,0.0,2.9,GOOD
2026-05-22T08:30:00+05:30,PUNE_WEST,461.8,477.9,198.9,27.7,43.2,0.0,3.2,GOOD
2026-05-22T08:45:00+05:30,PUNE_WEST,535.0,515.0,226.1,28.2,42.0,0.0,2.5,GOOD
2026-05-22T09:00:00+05:30,PUNE_WEST,614.4,580.4,238.8,29.4,36.7,0.0,3.4,GOOD
2026-05-22T09:15:00+05:30,PUNE_WEST,631.4,539.8,257.6,29.7,39.7,0.0,3.6,GOOD
2026-05-22T09:30:00+05:30,PUNE_WEST,667.6,540.1,270.5,29.1,39.3,0.0,3.4,GOOD
2026-05-22T09:45:00+05:30,PUNE_WEST,706.8,513.5,308.8,30.4,44.1,0.0,2.1,GOOD
2026-05-22T10:00:00+05:30,PUNE_WEST,760.6,571.7,296.2,31.0,36.8,0.0,4.0,GOOD
2026-05-22T10:15:00+05:30,PUNE_WEST,808.8,586.0,312.7,30.5,36.4,0.0,3.1,GOOD
2026-05-22T10:30:00+05:30,PUNE_WEST,836.5,602.2,308.1,30.8,33.6,0.0,3.6,GOOD
2026-05-22T10:45:00+05:30,PUNE_WEST,874.1,602.8,328.4,31.8,34.7,0.0,3.1,GOOD
2026-05-22T11:00:00+05:30,PUNE_WEST,930.6,622.6,351.8,32.7,35.1,0.0,3.5,GOOD
2026-05-22T11:15:00+05:30,PUNE_WEST,946.6,634.7,343.3,32.2,32.7,0.0,2.3,GOOD
2026-05-22T11:30:00+05:30,PUNE_WEST,974.2,657.0,338.4,31.4,30.4,0.0,2.3,GOOD
2026-05-22T11:45:00+05:30,PUNE_WEST,975.6,703.1,285.6,32.5,22.0,0.0,3.2,GOOD
2026-05-22T12:00:00+05:30,PUNE_WEST,977.9,679.2,304.7,33.7,24.9,0.0,3.1,GOOD
2026-05-22T12:15:00+05:30,PUNE_WEST,976.1,618.2,359.6,31.3,33.6,0.0,1.7,GOOD
2026-05-22T12:30:00+05:30,PUNE_WEST,981.2,631.5,350.0,32.9,31.8,0.0,2.7,GOOD
2026-05-22T12:45:00+05:30,PUNE_WEST,1009.3,656.2,354.4,32.4,30.9,0.0,2.0,GOOD
2026-05-22T13:00:00+05:30,PUNE_WEST,953.2,584.9,372.6,33.7,37.1,0.0,2.5,GOOD
2026-05-22T13:15:00+05:30,PUNE_WEST,965.1,605.9,369.2,32.8,35.8,0.0,2.6,GOOD
2026-05-22T13:30:00+05:30,PUNE_WEST,968.8,610.9,375.8,32.5,36.6,0.0,2.5,GOOD
2026-05-22T13:45:00+05:30,PUNE_WEST,919.5,542.4,402.0,31.9,44.2,0.0,3.1,GOOD
2026-05-22T14:00:00+05:30,PUNE_WEST,904.5,609.2,335.4,33.3,34.0,0.0,3.4,GOOD
2026-05-22T14:15:00+05:30,PUNE_WEST,863.8,561.9,352.3,32.2,39.7,0.0,4.0,GOOD
2026-05-22T14:30:00+05:30,PUNE_WEST,835.4,530.3,367.0,31.8,44.5,0.0,3.2,GOOD
2026-05-22T14:45:00+05:30,PUNE_WEST,744.3,448.0,362.2,29.7,51.8,0.0,3.5,GOOD
2026-05-22T15:00:00+05:30,PUNE_WEST,727.9,463.0,348.5,32.1,50.6,0.0,3.0,GOOD
2026-05-22T15:15:00+05:30,PUNE_WEST,718.5,507.5,321.2,31.7,45.7,0.0,2.6,GOOD
2026-05-22T15:30:00+05:30,PUNE_WEST,682.6,544.6,277.7,30.4,39.5,0.0,3.0,GOOD
2026-05-22T15:45:00+05:30,PUNE_WEST,655.9,550.2,270.2,30.8,40.3,0.0,3.1,GOOD
2026-05-22T16:00:00+05:30,PUNE_WEST,582.7,509.3,248.4,30.1,42.5,0.0,3.8,GOOD
2026-05-22T16:15:00+05:30,PUNE_WEST,551.4,542.8,220.7,29.7,38.5,0.0,4.0,GOOD
2026-05-22T16:30:00+05:30,PUNE_WEST,489.5,540.1,187.0,29.4,35.7,0.0,2.8,GOOD
2026-05-22T16:45:00+05:30,PUNE_WEST,455.1,551.3,174.5,29.3,35.9,0.0,2.0,GOOD
2026-05-22T17:00:00+05:30,PUNE_WEST,399.4,522.8,161.0,28.4,38.9,0.0,2.4,GOOD
2026-05-22T17:15:00+05:30,PUNE_WEST,328.3,496.7,128.7,28.5,37.2,0.0,3.9,GOOD
2026-05-22T17:30:00+05:30,PUNE_WEST,295.2,505.5,120.2,28.6,39.5,0.0,3.1,GOOD
2026-05-22T17:45:00+05:30,PUNE_WEST,238.6,495.6,95.0,27.6,38.2,0.0,2.2,GOOD
2026-05-22T18:00:00+05:30,PUNE_WEST,206.2,488.8,92.6,29.3,46.0,0.0,3.4,GOOD
2026-05-22T18:15:00+05:30,PUNE_WEST,134.3,402.5,64.0,26.9,50.3,0.0,3.2,GOOD
2026-05-22T18:30:00+05:30,PUNE_WEST,91.0,382.0,44.5,26.3,52.1,0.0,2.5,GOOD
2026-05-22T18:45:00+05:30,PUNE_WEST,31.1,129.7,15.3,26.8,52.6,0.0,3.8,GOOD
2026-05-22T19:00:00+05:30,PUNE_WEST,14.0,59.0,6.8,24.7,51.8,0.0,3.1,GOOD
2026-05-22T19:15:00+05:30,PUNE_WEST,0.0,0.0,0.0,26.9,51.5,0.0,3.4,GOOD
2026-05-22T19:30:00+05:30,PUNE_WEST,0.0,0.0,0.0,24.6,44.1,0.0,5.2,GOOD
2026-05-22T19:45:00+05:30,PUNE_WEST,0.0,0.0,0.0,23.8,44.5,0.0,2.7,GOOD
2026-05-22T20:00:00+05:30,PUNE_WEST,0.0,0.0,0.0,24.1,53.0,0.0,4.1,GOOD
2026-05-22T20:15:00+05:30,PUNE_WEST,0.0,0.0,0.0,22.4,50.7,0.0,3.3,GOOD
2026-05-22T20:30:00+05:30,PUNE_WEST,0.0,0.0,0.0,23.0,55.4,0.0,3.2,GOOD
2026-05-22T20:45:00+05:30,PUNE_WEST,0.0,0.0,0.0,21.2,60.7,0.0,3.1,GOOD
2026-05-22T21:00:00+05:30,PUNE_WEST,0.0,0.0,0.0,20.9,63.7,0.0,2.5,GOOD
2026-05-22T21:15:00+05:30,PUNE_WEST,0.0,0.0,0.0,20.1,62.1,0.0,3.4,GOOD
2026-05-22T21:30:00+05:30,PUNE_WEST,0.0,0.0,0.0,21.9,66.1,0.0,3.7,GOOD
2026-05-22T21:45:00+05:30,PUNE_WEST,0.0,0.0,0.0,20.6,62.2,0.0,3.5,GOOD
2026-05-22T22:00:00+05:30,PUNE_WEST,0.0,0.0,0.0,22.5,58.3,0.0,2.7,GOOD
2026-05-22T22:15:00+05:30,PUNE_WEST,0.0,0.0,0.0,21.7,52.8,0.0,3.4,GOOD
2026-05-22T22:30:00+05:30,PUNE_WEST,0.0,0.0,0.0,20.8,47.9,0.0,3.2,GOOD
2026-05-22T22:45:00+05:30,PUNE_WEST,0.0,0.0,0.0,22.6,45.9,0.0,2.5,GOOD
2026-05-22T23:00:00+05:30,PUNE_WEST,0.0,0.0,0.0,20.4,48.0,0.0,3.5,GOOD
2026-05-22T23:15:00+05:30,PUNE_WEST,0.0,0.0,0.0,20.7,41.7,0.0,3.0,GOOD
2026-05-22T23:30:00+05:30,PUNE_WEST,0.0,0.0,0.0,21.6,39.6,0.0,2.6,GOOD
2026-05-22T23:45:00+05:30,PUNE_WEST,0.0,0.0,0.0,22.3,46.5,0.0,4.0,GOOD
2026-05-23T00:00:00+05:30,PUNE_WEST,0.0,0.0,0.0,24.1,10.6,0.0,3.0,GOOD
2026-05-23T00:15:00+05:30,PUNE_WEST,0.0,0.0,0.0,23.4,13.2,0.0,2.5,GOOD
2026-05-23T00:30:00+05:30,PUNE_WEST,0.0,0.0,0.0,22.1,18.3,0.0,3.1,GOOD
2026-05-23T00:45:00+05:30,PUNE_WEST,0.0,0.0,0.0,23.1,17.0,0.0,3.6,GOOD
2026-05-23T01:00:00+05:30,PUNE_WEST,0.0,0.0,0.0,24.1,21.0,0.0,2.1,GOOD
2026-05-23T01:15:00+05:30,PUNE_WEST,0.0,0.0,0.0,22.8,17.9,0.0,1.2,GOOD
2026-05-23T01:30:00+05:30,PUNE_WEST,0.0,0.0,0.0,22.2,17.7,0.0,2.0,GOOD
2026-05-23T01:45:00+05:30,PUNE_WEST,0.0,0.0,0.0,23.1,17.9,0.0,3.3,GOOD
2026-05-23T02:00:00+05:30,PUNE_WEST,0.0,0.0,0.0,23.3,17.5,0.0,3.4,GOOD
2026-05-23T02:15:00+05:30,PUNE_WEST,0.0,0.0,0.0,21.5,21.0,0.0,2.2,GOOD
2026-05-23T02:30:00+05:30,PUNE_WEST,0.0,0.0,0.0,22.7,15.2,0.0,1.8,GOOD
2026-05-23T02:45:00+05:30,PUNE_WEST,0.0,0.0,0.0,21.8,15.9,0.0,2.5,GOOD
2026-05-23T03:00:00+05:30,PUNE_WEST,0.0,0.0,0.0,24.0,8.6,0.0,1.9,GOOD
2026-05-23T03:15:00+05:30,PUNE_WEST,0.0,0.0,0.0,22.1,10.8,0.0,1.5,GOOD
2026-05-23T03:30:00+05:30,PUNE_WEST,0.0,0.0,0.0,22.4,10.9,0.0,3.0,GOOD
2026-05-23T03:45:00+05:30,PUNE_WEST,0.0,0.0,0.0,23.2,8.4,0.0,2.4,GOOD
2026-05-23T04:00:00+05:30,PUNE_WEST,0.0,0.0,0.0,24.3,8.3,0.0,3.4,GOOD
2026-05-23T04:15:00+05:30,PUNE_WEST,0.0,0.0,0.0,22.6,10.8,0.0,3.4,GOOD
2026-05-23T04:30:00+05:30,PUNE_WEST,0.0,0.0,0.0,22.0,14.0,0.0,2.4,GOOD
2026-05-23T04:45:00+05:30,PUNE_WEST,0.0,0.0,0.0,23.3,16.6,0.0,3.0,GOOD
2026-05-23T05:00:00+05:30,PUNE_WEST,0.0,0.0,0.0,22.7,15.7,0.0,3.3,GOOD
2026-05-23T05:15:00+05:30,PUNE_WEST,0.0,0.0,0.0,23.0,15.1,0.0,3.2,GOOD
2026-05-23T05:30:00+05:30,PUNE_WEST,0.0,0.0,0.0,23.9,18.7,0.0,2.3,GOOD
2026-05-23T05:45:00+05:30,PUNE_WEST,0.0,0.0,0.0,23.0,23.7,0.0,3.4,GOOD
2026-05-23T06:00:00+05:30,PUNE_WEST,0.0,0.0,0.0,22.9,18.3,0.0,3.2,GOOD
2026-05-23T06:15:00+05:30,PUNE_WEST,7.4,44.6,2.0,26.1,17.9,0.0,1.3,GOOD
2026-05-23T06:30:00+05:30,PUNE_WEST,72.8,445.6,18.5,24.9,16.0,0.0,2.4,GOOD
2026-05-23T06:45:00+05:30,PUNE_WEST,145.5,682.6,33.7,26.8,12.6,0.0,3.3,GOOD
2026-05-23T07:00:00+05:30,PUNE_WEST,174.2,576.9,46.4,26.1,17.9,0.0,2.4,GOOD
2026-05-23T07:15:00+05:30,PUNE_WEST,224.9,595.0,58.9,26.4,17.2,0.0,3.2,GOOD
2026-05-23T07:30:00+05:30,PUNE_WEST,285.0,646.8,67.9,26.7,13.6,0.0,2.9,GOOD
2026-05-23T07:45:00+05:30,PUNE_WEST,328.0,639.9,77.6,28.1,13.3,0.0,3.1,GOOD
2026-05-23T08:00:00+05:30,PUNE_WEST,382.3,719.0,61.7,28.1,1.8,0.0,2.2,GOOD
2026-05-23T08:15:00+05:30,PUNE_WEST,464.5,787.3,71.8,28.8,0.7,0.0,2.1,GOOD
2026-05-23T08:30:00+05:30,PUNE_WEST,516.7,793.8,79.8,28.9,0.7,0.0,3.0,GOOD
2026-05-23T08:45:00+05:30,PUNE_WEST,574.3,793.2,98.5,30.5,3.3,0.0,1.2,GOOD
2026-05-23T09:00:00+05:30,PUNE_WEST,626.1,817.9,96.7,30.5,0.7,0.0,3.2,GOOD
2026-05-23T09:15:00+05:30,PUNE_WEST,658.2,797.4,106.0,30.7,1.7,0.0,1.7,GOOD
2026-05-23T09:30:00+05:30,PUNE_WEST,732.3,803.1,142.0,30.7,6.7,0.0,2.9,GOOD
2026-05-23T09:45:00+05:30,PUNE_WEST,770.8,807.2,145.1,30.6,5.9,0.0,3.2,GOOD
2026-05-23T10:00:00+05:30,PUNE_WEST,791.1,821.1,124.2,30.7,1.1,0.0,1.9,GOOD
2026-05-23T10:15:00+05:30,PUNE_WEST,816.9,816.1,126.2,30.8,0.7,0.0,3.2,GOOD
2026-05-23T10:30:00+05:30,PUNE_WEST,876.8,836.1,143.2,32.7,2.0,0.0,3.2,GOOD
2026-05-23T10:45:00+05:30,PUNE_WEST,911.0,851.0,140.7,33.7,0.7,0.0,2.6,GOOD
2026-05-23T11:00:00+05:30,PUNE_WEST,924.6,812.4,169.6,33.2,5.1,0.0,2.6,GOOD
2026-05-23T11:15:00+05:30,PUNE_WEST,981.2,873.0,151.6,31.8,0.7,0.0,2.2,GOOD
2026-05-23T11:30:00+05:30,PUNE_WEST,977.4,854.2,151.0,33.7,0.7,0.0,2.4,GOOD
2026-05-23T11:45:00+05:30,PUNE_WEST,983.2,847.3,151.9,35.2,0.7,0.0,2.6,GOOD
2026-05-23T12:00:00+05:30,PUNE_WEST,1004.3,856.9,155.1,34.8,0.7,0.0,2.3,GOOD
2026-05-23T12:15:00+05:30,PUNE_WEST,1054.0,893.8,162.8,34.3,0.7,0.0,2.1,GOOD
2026-05-23T12:30:00+05:30,PUNE_WEST,1026.4,857.1,169.8,36.1,2.4,0.0,2.2,GOOD
2026-05-23T12:45:00+05:30,PUNE_WEST,1007.5,816.1,193.1,33.1,6.4,0.0,2.9,GOOD
2026-05-23T13:00:00+05:30,PUNE_WEST,987.6,798.6,194.9,32.8,7.3,0.0,1.2,GOOD
2026-05-23T13:15:00+05:30,PUNE_WEST,1003.1,836.3,180.7,33.0,4.6,0.0,2.5,GOOD
2026-05-23T13:30:00+05:30,PUNE_WEST,981.5,830.0,175.9,33.0,4.5,0.0,1.6,GOOD
2026-05-23T13:45:00+05:30,PUNE_WEST,967.3,817.5,187.2,32.8,6.7,0.0,1.0,GOOD
2026-05-23T14:00:00+05:30,PUNE_WEST,950.0,855.5,150.9,33.7,1.4,0.0,1.3,GOOD
2026-05-23T14:15:00+05:30,PUNE_WEST,914.1,825.2,162.7,32.0,4.3,0.0,2.1,GOOD
2026-05-23T14:30:00+05:30,PUNE_WEST,871.9,792.4,171.9,33.7,7.2,0.0,2.4,GOOD
2026-05-23T14:45:00+05:30,PUNE_WEST,840.4,762.6,189.8,32.6,11.7,0.0,1.2,GOOD
2026-05-23T15:00:00+05:30,PUNE_WEST,797.1,746.2,185.4,32.6,12.7,0.0,2.8,GOOD
2026-05-23T15:15:00+05:30,PUNE_WEST,760.0,707.5,206.0,31.1,18.6,0.0,2.0,GOOD
2026-05-23T15:30:00+05:30,PUNE_WEST,720.7,703.6,197.5,32.9,19.1,0.0,3.1,GOOD
2026-05-23T15:45:00+05:30,PUNE_WEST,656.6,664.0,190.8,31.1,21.6,0.0,2.3,GOOD
2026-05-23T16:00:00+05:30,PUNE_WEST,623.2,684.8,173.3,31.2,19.7,0.0,3.3,GOOD
2026-05-23T16:15:00+05:30,PUNE_WEST,550.0,603.8,181.7,30.7,27.7,0.0,3.7,GOOD
2026-05-23T16:30:00+05:30,PUNE_WEST,521.8,622.8,172.5,31.0,27.8,0.0,2.6,GOOD
2026-05-23T16:45:00+05:30,PUNE_WEST,436.2,591.0,135.0,30.6,24.5,0.0,2.2,GOOD
2026-05-23T17:00:00+05:30,PUNE_WEST,393.4,623.5,108.5,29.6,19.3,0.0,1.9,GOOD
2026-05-23T17:15:00+05:30,PUNE_WEST,347.6,643.9,88.2,28.7,16.0,0.0,1.7,GOOD
2026-05-23T17:30:00+05:30,PUNE_WEST,308.6,640.2,86.2,30.1,19.9,0.0,1.7,GOOD
2026-05-23T17:45:00+05:30,PUNE_WEST,235.2,631.7,51.5,29.6,10.6,0.0,2.6,GOOD
2026-05-23T18:00:00+05:30,PUNE_WEST,187.8,608.0,45.8,26.7,14.4,0.0,3.0,GOOD
2026-05-23T18:15:00+05:30,PUNE_WEST,145.2,620.7,36.1,27.3,15.1,0.0,3.9,GOOD
2026-05-23T18:30:00+05:30,PUNE_WEST,77.3,459.0,21.4,27.0,19.4,0.0,2.4,GOOD
2026-05-23T18:45:00+05:30,PUNE_WEST,56.2,325.9,16.5,27.5,22.0,0.0,2.1,GOOD
2026-05-23T19:00:00+05:30,PUNE_WEST,3.6,20.6,1.0,24.6,21.9,0.0,3.0,GOOD
2026-05-23T19:15:00+05:30,PUNE_WEST,0.0,0.0,0.0,25.2,23.3,0.0,3.5,GOOD
2026-05-23T19:30:00+05:30,PUNE_WEST,0.0,0.0,0.0,26.2,26.3,0.0,3.3,GOOD
2026-05-23T19:45:00+05:30,PUNE_WEST,0.0,0.0,0.0,24.3,30.7,0.0,1.1,GOOD
2026-05-23T20:00:00+05:30,PUNE_WEST,0.0,0.0,0.0,24.6,32.2,0.0,3.0,GOOD
2026-05-23T20:15:00+05:30,PUNE_WEST,0.0,0.0,0.0,23.8,36.0,0.0,3.2,GOOD
2026-05-23T20:30:00+05:30,PUNE_WEST,0.0,0.0,0.0,22.8,37.3,0.0,1.3,GOOD
2026-05-23T20:45:00+05:30,PUNE_WEST,0.0,0.0,0.0,22.7,38.8,0.0,3.0,GOOD
2026-05-23T21:00:00+05:30,PUNE_WEST,0.0,0.0,0.0,20.7,41.0,0.0,3.0,GOOD
2026-05-23T21:15:00+05:30,PUNE_WEST,0.0,0.0,0.0,21.8,36.3,0.0,2.3,GOOD
2026-05-23T21:30:00+05:30,PUNE_WEST,0.0,0.0,0.0,22.8,34.3,0.0,2.5,GOOD
2026-05-23T21:45:00+05:30,PUNE_WEST,0.0,0.0,0.0,22.4,33.9,0.0,3.1,GOOD
2026-05-23T22:00:00+05:30,PUNE_WEST,0.0,0.0,0.0,21.4,32.9,0.0,2.4,GOOD
2026-05-23T22:15:00+05:30,PUNE_WEST,0.0,0.0,0.0,22.8,32.9,0.0,2.8,GOOD
2026-05-23T22:30:00+05:30,PUNE_WEST,0.0,0.0,0.0,21.6,28.6,0.0,2.4,GOOD
2026-05-23T22:45:00+05:30,PUNE_WEST,0.0,0.0,0.0,23.9,27.7,0.0,3.0,GOOD
2026-05-23T23:00:00+05:30,PUNE_WEST,0.0,0.0,0.0,22.5,31.8,0.0,1.6,GOOD
2026-05-23T23:15:00+05:30,PUNE_WEST,0.0,0.0,0.0,23.0,28.6,0.0,2.3,GOOD
2026-05-23T23:30:00+05:30,PUNE_WEST,0.0,0.0,0.0,23.5,28.0,0.0,3.1,GOOD
2026-05-23T23:45:00+05:30,PUNE_WEST,0.0,0.0,0.0,22.4,25.5,0.0,1.8,GOOD
2026-05-24T00:00:00+05:30,PUNE_WEST,0.0,0.0,0.0,21.1,41.0,0.0,2.6,GOOD
2026-05-24T00:15:00+05:30,PUNE_WEST,0.0,0.0,0.0,22.1,37.8,0.0,2.2,GOOD
2026-05-24T00:30:00+05:30,PUNE_WEST,0.0,0.0,0.0,22.0,40.0,0.0,3.4,GOOD
2026-05-24T00:45:00+05:30,PUNE_WEST,0.0,0.0,0.0,22.3,33.9,0.0,2.4,GOOD
2026-05-24T01:00:00+05:30,PUNE_WEST,0.0,0.0,0.0,21.5,33.5,0.0,3.8,GOOD
2026-05-24T01:15:00+05:30,PUNE_WEST,0.0,0.0,0.0,22.4,30.6,0.0,3.1,GOOD
2026-05-24T01:30:00+05:30,PUNE_WEST,0.0,0.0,0.0,23.1,25.9,0.0,3.1,GOOD
2026-05-24T01:45:00+05:30,PUNE_WEST,0.0,0.0,0.0,23.0,20.7,0.0,2.2,GOOD
2026-05-24T02:00:00+05:30,PUNE_WEST,0.0,0.0,0.0,22.4,26.1,0.0,2.7,GOOD
2026-05-24T02:15:00+05:30,PUNE_WEST,0.0,0.0,0.0,23.6,29.5,0.0,1.8,GOOD
2026-05-24T02:30:00+05:30,PUNE_WEST,0.0,0.0,0.0,23.2,33.5,0.0,3.1,GOOD
2026-05-24T02:45:00+05:30,PUNE_WEST,0.0,0.0,0.0,23.4,31.9,0.0,2.9,GOOD
2026-05-24T03:00:00+05:30,PUNE_WEST,0.0,0.0,0.0,22.6,37.7,0.0,3.1,GOOD
2026-05-24T03:15:00+05:30,PUNE_WEST,0.0,0.0,0.0,21.8,35.5,0.0,2.8,GOOD
2026-05-24T03:30:00+05:30,PUNE_WEST,0.0,0.0,0.0,22.4,36.1,0.0,2.4,GOOD
2026-05-24T03:45:00+05:30,PUNE_WEST,0.0,0.0,0.0,23.7,35.3,0.0,3.6,GOOD
2026-05-24T04:00:00+05:30,PUNE_WEST,0.0,0.0,0.0,21.7,36.6,0.0,2.9,GOOD
2026-05-24T04:15:00+05:30,PUNE_WEST,0.0,0.0,0.0,22.9,38.5,0.0,3.4,GOOD
2026-05-24T04:30:00+05:30,PUNE_WEST,0.0,0.0,0.0,21.6,39.6,0.0,3.6,GOOD
2026-05-24T04:45:00+05:30,PUNE_WEST,0.0,0.0,0.0,22.2,37.8,0.0,2.7,GOOD
2026-05-24T05:00:00+05:30,PUNE_WEST,0.0,0.0,0.0,22.7,26.3,0.0,2.9,GOOD
2026-05-24T05:15:00+05:30,PUNE_WEST,0.0,0.0,0.0,22.9,28.3,0.0,2.9,GOOD
2026-05-24T05:30:00+05:30,PUNE_WEST,0.0,0.0,0.0,23.6,31.1,0.0,2.6,GOOD
2026-05-24T05:45:00+05:30,PUNE_WEST,0.0,0.0,0.0,23.8,31.4,0.0,1.9,GOOD
2026-05-24T06:00:00+05:30,PUNE_WEST,0.0,0.0,0.0,22.8,32.5,0.0,2.6,GOOD
2026-05-24T06:15:00+05:30,PUNE_WEST,38.5,202.3,13.8,26.1,32.3,0.0,3.9,GOOD
2026-05-24T06:30:00+05:30,PUNE_WEST,85.0,430.1,32.6,24.3,35.9,0.0,2.8,GOOD
2026-05-24T06:45:00+05:30,PUNE_WEST,105.2,389.7,41.1,25.6,37.1,0.0,3.4,GOOD
2026-05-24T07:00:00+05:30,PUNE_WEST,172.7,481.2,65.8,27.5,35.6,0.0,3.2,GOOD
2026-05-24T07:15:00+05:30,PUNE_WEST,231.2,519.2,86.1,25.3,34.2,0.0,3.5,GOOD
2026-05-24T07:30:00+05:30,PUNE_WEST,267.8,519.6,93.2,26.1,30.5,0.0,3.0,GOOD
2026-05-24T07:45:00+05:30,PUNE_WEST,358.6,583.5,130.1,27.3,32.7,0.0,2.6,GOOD
2026-05-24T08:00:00+05:30,PUNE_WEST,371.9,527.9,136.4,28.8,33.3,0.0,3.5,GOOD
2026-05-24T08:15:00+05:30,PUNE_WEST,447.6,552.7,171.7,27.1,36.0,0.0,2.0,GOOD
2026-05-24T08:30:00+05:30,PUNE_WEST,488.1,536.9,192.6,28.8,37.6,0.0,2.6,GOOD
2026-05-24T08:45:00+05:30,PUNE_WEST,565.0,553.1,233.2,27.8,40.4,0.0,4.1,GOOD
2026-05-24T09:00:00+05:30,PUNE_WEST,589.7,546.0,236.3,29.7,38.6,0.0,3.5,GOOD
2026-05-24T09:15:00+05:30,PUNE_WEST,651.6,570.0,256.9,28.6,37.6,0.0,2.6,GOOD
2026-05-24T09:30:00+05:30,PUNE_WEST,679.1,563.2,265.1,29.6,37.0,0.0,2.9,GOOD
2026-05-24T09:45:00+05:30,PUNE_WEST,742.5,613.1,267.2,30.4,32.3,0.0,3.3,GOOD
2026-05-24T10:00:00+05:30,PUNE_WEST,780.5,619.3,277.5,31.0,31.6,0.0,3.8,GOOD
2026-05-24T10:15:00+05:30,PUNE_WEST,804.4,580.6,313.1,30.2,36.8,0.0,3.8,GOOD
2026-05-24T10:30:00+05:30,PUNE_WEST,827.1,592.5,307.3,30.8,34.1,0.0,1.7,GOOD
2026-05-24T10:45:00+05:30,PUNE_WEST,875.6,621.6,313.0,32.2,31.9,0.0,3.2,GOOD
2026-05-24T11:00:00+05:30,PUNE_WEST,926.2,660.1,312.8,31.5,28.9,0.0,2.0,GOOD
2026-05-24T11:15:00+05:30,PUNE_WEST,958.9,675.7,316.9,32.6,27.8,0.0,2.9,GOOD
2026-05-24T11:30:00+05:30,PUNE_WEST,954.5,684.7,292.1,32.9,24.0,0.0,1.7,GOOD
2026-05-24T11:45:00+05:30,PUNE_WEST,986.0,703.8,295.6,32.0,23.0,0.0,2.2,GOOD
2026-05-24T12:00:00+05:30,PUNE_WEST,980.0,664.9,321.2,32.9,27.3,0.0,1.8,GOOD
2026-05-24T12:15:00+05:30,PUNE_WEST,972.6,612.8,361.7,34.6,34.1,0.0,1.9,GOOD
2026-05-24T12:30:00+05:30,PUNE_WEST,978.7,630.1,349.0,33.5,31.8,0.0,1.8,GOOD
2026-05-24T12:45:00+05:30,PUNE_WEST,941.6,554.5,388.4,33.4,40.4,0.0,3.0,GOOD
2026-05-24T13:00:00+05:30,PUNE_WEST,954.6,549.3,409.5,33.1,42.9,0.0,3.2,GOOD
2026-05-24T13:15:00+05:30,PUNE_WEST,936.1,567.5,378.0,31.7,39.0,0.0,3.4,GOOD
2026-05-24T13:30:00+05:30,PUNE_WEST,939.6,568.4,387.8,30.9,40.4,0.0,2.6,GOOD
2026-05-24T13:45:00+05:30,PUNE_WEST,927.5,584.5,369.7,32.6,38.2,0.0,2.7,GOOD
2026-05-24T14:00:00+05:30,PUNE_WEST,890.7,568.1,360.0,33.1,39.1,0.0,2.4,GOOD
2026-05-24T14:15:00+05:30,PUNE_WEST,866.2,547.2,367.9,32.5,42.3,0.0,1.8,GOOD
2026-05-24T14:30:00+05:30,PUNE_WEST,804.8,531.0,335.6,31.2,41.1,0.0,2.5,GOOD
2026-05-24T14:45:00+05:30,PUNE_WEST,779.2,513.7,340.8,31.7,44.2,0.0,3.8,GOOD
2026-05-24T15:00:00+05:30,PUNE_WEST,769.6,553.6,315.7,31.3,40.0,0.0,2.5,GOOD
2026-05-24T15:15:00+05:30,PUNE_WEST,725.2,538.7,303.1,32.1,41.2,0.0,3.2,GOOD
2026-05-24T15:30:00+05:30,PUNE_WEST,681.6,568.8,258.4,32.3,35.2,0.0,3.4,GOOD
2026-05-24T15:45:00+05:30,PUNE_WEST,621.9,514.0,261.1,30.5,41.5,0.0,3.8,GOOD
2026-05-24T16:00:00+05:30,PUNE_WEST,586.9,518.2,246.2,29.6,41.5,0.0,2.3,GOOD
2026-05-24T16:15:00+05:30,PUNE_WEST,528.7,501.4,222.5,29.1,41.7,0.0,2.6,GOOD
2026-05-24T16:30:00+05:30,PUNE_WEST,491.2,498.3,211.4,28.0,43.1,0.0,3.5,GOOD
2026-05-24T16:45:00+05:30,PUNE_WEST,451.7,503.0,194.9,29.9,43.3,0.0,3.0,GOOD
2026-05-24T17:00:00+05:30,PUNE_WEST,370.3,458.4,160.4,28.4,43.6,0.0,4.1,GOOD
2026-05-24T17:15:00+05:30,PUNE_WEST,324.4,462.4,137.7,27.5,42.2,0.0,2.6,GOOD
2026-05-24T17:30:00+05:30,PUNE_WEST,279.3,451.5,122.0,27.6,44.1,0.0,3.1,GOOD
2026-05-24T17:45:00+05:30,PUNE_WEST,217.6,408.5,98.4,27.1,46.5,0.0,2.8,GOOD
2026-05-24T18:00:00+05:30,PUNE_WEST,157.3,361.5,72.4,28.2,47.7,0.0,2.6,GOOD
2026-05-24T18:15:00+05:30,PUNE_WEST,133.9,408.6,61.5,26.8,47.6,0.0,2.7,GOOD
2026-05-24T18:30:00+05:30,PUNE_WEST,80.0,352.6,37.0,28.3,48.1,0.0,3.0,GOOD
2026-05-24T18:45:00+05:30,PUNE_WEST,12.4,51.9,6.1,25.6,52.3,0.0,2.6,GOOD
2026-05-24T19:00:00+05:30,PUNE_WEST,0.0,0.0,0.0,25.8,48.9,0.0,3.9,GOOD
2026-05-24T19:15:00+05:30,PUNE_WEST,0.0,0.0,0.0,24.9,51.5,0.0,3.0,GOOD
2026-05-24T19:30:00+05:30,PUNE_WEST,0.0,0.0,0.0,26.2,47.3,0.0,2.7,GOOD
2026-05-24T19:45:00+05:30,PUNE_WEST,0.0,0.0,0.0,24.0,46.1,0.0,3.9,GOOD
2026-05-24T20:00:00+05:30,PUNE_WEST,0.0,0.0,0.0,23.2,44.9,0.0,3.5,GOOD
2026-05-24T20:15:00+05:30,PUNE_WEST,0.0,0.0,0.0,22.4,46.8,0.0,3.0,GOOD
2026-05-24T20:30:00+05:30,PUNE_WEST,0.0,0.0,0.0,22.8,43.1,0.0,3.6,GOOD
2026-05-24T20:45:00+05:30,PUNE_WEST,0.0,0.0,0.0,21.3,43.6,0.0,3.3,GOOD
2026-05-24T21:00:00+05:30,PUNE_WEST,0.0,0.0,0.0,21.0,41.2,0.0,2.9,GOOD
2026-05-24T21:15:00+05:30,PUNE_WEST,0.0,0.0,0.0,22.3,41.8,0.0,3.0,GOOD
2026-05-24T21:30:00+05:30,PUNE_WEST,0.0,0.0,0.0,21.4,37.2,0.0,3.8,GOOD
2026-05-24T21:45:00+05:30,PUNE_WEST,0.0,0.0,0.0,23.0,43.2,0.0,3.4,GOOD
2026-05-24T22:00:00+05:30,PUNE_WEST,0.0,0.0,0.0,23.4,44.5,0.0,4.2,GOOD
2026-05-24T22:15:00+05:30,PUNE_WEST,0.0,0.0,0.0,22.1,42.0,0.0,2.1,GOOD
2026-05-24T22:30:00+05:30,PUNE_WEST,0.0,0.0,0.0,22.3,43.1,0.0,3.6,GOOD
2026-05-24T22:45:00+05:30,PUNE_WEST,0.0,0.0,0.0,23.2,46.9,0.0,3.1,GOOD
2026-05-24T23:00:00+05:30,PUNE_WEST,0.0,0.0,0.0,21.9,43.6,0.0,4.2,GOOD
2026-05-24T23:15:00+05:30,PUNE_WEST,0.0,0.0,0.0,22.5,46.9,0.0,3.1,GOOD
2026-05-24T23:30:00+05:30,PUNE_WEST,0.0,0.0,0.0,22.4,47.2,0.0,3.1,GOOD
2026-05-24T23:45:00+05:30,PUNE_WEST,0.0,0.0,0.0,21.1,45.8,0.0,2.9,GOOD
2026-05-25T00:00:00+05:30,PUNE_WEST,0.0,0.0,0.0,24.1,15.2,0.0,3.0,GOOD
2026-05-25T00:15:00+05:30,PUNE_WEST,0.0,0.0,0.0,22.8,19.3,0.0,2.6,GOOD
2026-05-25T00:30:00+05:30,PUNE_WEST,0.0,0.0,0.0,22.5,17.2,0.0,3.1,GOOD
2026-05-25T00:45:00+05:30,PUNE_WEST,0.0,0.0,0.0,22.2,15.4,0.0,2.6,GOOD
2026-05-25T01:00:00+05:30,PUNE_WEST,0.0,0.0,0.0,23.1,15.6,0.0,3.1,GOOD
2026-05-25T01:15:00+05:30,PUNE_WEST,0.0,0.0,0.0,20.5,15.7,0.0,2.1,GOOD
2026-05-25T01:30:00+05:30,PUNE_WEST,0.0,0.0,0.0,24.1,15.0,0.0,2.5,GOOD
2026-05-25T01:45:00+05:30,PUNE_WEST,0.0,0.0,0.0,23.6,16.7,0.0,1.6,GOOD
2026-05-25T02:00:00+05:30,PUNE_WEST,0.0,0.0,0.0,24.0,17.3,0.0,2.4,GOOD
2026-05-25T02:15:00+05:30,PUNE_WEST,0.0,0.0,0.0,22.6,15.3,0.0,1.8,GOOD
2026-05-25T02:30:00+05:30,PUNE_WEST,0.0,0.0,0.0,23.2,12.8,0.0,2.5,GOOD
2026-05-25T02:45:00+05:30,PUNE_WEST,0.0,0.0,0.0,23.4,12.9,0.0,1.6,GOOD
2026-05-25T03:00:00+05:30,PUNE_WEST,0.0,0.0,0.0,23.0,18.8,0.0,2.6,GOOD
2026-05-25T03:15:00+05:30,PUNE_WEST,0.0,0.0,0.0,22.5,14.8,0.0,2.7,GOOD
2026-05-25T03:30:00+05:30,PUNE_WEST,0.0,0.0,0.0,24.0,6.0,0.0,1.7,GOOD
2026-05-25T03:45:00+05:30,PUNE_WEST,0.0,0.0,0.0,23.2,6.6,0.0,1.6,GOOD
2026-05-25T04:00:00+05:30,PUNE_WEST,0.0,0.0,0.0,23.2,10.9,0.0,3.4,GOOD
2026-05-25T04:15:00+05:30,PUNE_WEST,0.0,0.0,0.0,23.5,5.6,0.0,2.0,GOOD
2026-05-25T04:30:00+05:30,PUNE_WEST,0.0,0.0,0.0,23.4,6.6,0.0,2.0,GOOD
2026-05-25T04:45:00+05:30,PUNE_WEST,0.0,0.0,0.0,23.5,6.0,0.0,2.9,GOOD
2026-05-25T05:00:00+05:30,PUNE_WEST,0.0,0.0,0.0,24.3,6.0,0.0,3.0,GOOD
2026-05-25T05:15:00+05:30,PUNE_WEST,0.0,0.0,0.0,24.0,2.4,0.0,2.4,GOOD
2026-05-25T05:30:00+05:30,PUNE_WEST,0.0,0.0,0.0,24.2,5.7,0.0,1.9,GOOD
2026-05-25T05:45:00+05:30,PUNE_WEST,0.0,0.0,0.0,24.2,7.4,0.0,2.2,GOOD
2026-05-25T06:00:00+05:30,PUNE_WEST,0.0,0.0,0.0,26.0,5.3,0.0,3.4,GOOD
2026-05-25T06:15:00+05:30,PUNE_WEST,33.0,206.2,7.9,24.9,13.7,0.0,1.6,GOOD
2026-05-25T06:30:00+05:30,PUNE_WEST,54.1,346.0,12.0,25.3,10.9,0.0,2.5,GOOD
2026-05-25T06:45:00+05:30,PUNE_WEST,142.5,677.6,30.8,26.2,10.1,0.0,2.8,GOOD
2026-05-25T07:00:00+05:30,PUNE_WEST,167.2,612.3,31.0,26.5,5.4,0.0,2.1,GOOD
2026-05-25T07:15:00+05:30,PUNE_WEST,247.9,726.3,44.7,26.8,4.6,0.0,2.1,GOOD
2026-05-25T07:30:00+05:30,PUNE_WEST,286.2,668.4,61.4,29.1,9.9,0.0,0.9,GOOD
2026-05-25T07:45:00+05:30,PUNE_WEST,349.2,728.4,63.7,28.2,5.0,0.0,2.5,GOOD
2026-05-25T08:00:00+05:30,PUNE_WEST,422.0,745.1,89.4,29.2,9.5,0.0,2.0,GOOD
2026-05-25T08:15:00+05:30,PUNE_WEST,453.0,709.1,99.0,28.5,10.5,0.0,2.7,GOOD
2026-05-25T08:30:00+05:30,PUNE_WEST,490.0,727.9,89.3,29.1,5.0,0.0,2.4,GOOD
2026-05-25T08:45:00+05:30,PUNE_WEST,560.8,773.2,96.9,30.8,3.5,0.0,2.4,GOOD
2026-05-25T09:00:00+05:30,PUNE_WEST,629.2,796.4,113.7,29.5,4.7,0.0,2.0,GOOD
2026-05-25T09:15:00+05:30,PUNE_WEST,657.4,760.8,130.5,31.0,7.5,0.0,2.6,GOOD
2026-05-25T09:30:00+05:30,PUNE_WEST,715.5,790.3,134.6,31.2,5.9,0.0,2.2,GOOD
2026-05-25T09:45:00+05:30,PUNE_WEST,759.8,769.8,163.3,31.4,10.0,0.0,3.3,GOOD
2026-05-25T10:00:00+05:30,PUNE_WEST,807.9,796.7,160.8,31.8,7.6,0.0,2.9,GOOD
2026-05-25T10:15:00+05:30,PUNE_WEST,838.5,792.9,167.6,31.3,7.7,0.0,2.1,GOOD
2026-05-25T10:30:00+05:30,PUNE_WEST,874.0,816.7,157.6,32.3,4.7,0.0,1.8,GOOD
2026-05-25T10:45:00+05:30,PUNE_WEST,922.9,807.1,192.7,34.0,9.0,0.0,2.0,GOOD
2026-05-25T11:00:00+05:30,PUNE_WEST,927.0,800.9,182.8,31.8,7.3,0.0,2.8,GOOD
2026-05-25T11:15:00+05:30,PUNE_WEST,969.7,808.4,201.7,32.7,8.9,0.0,2.4,GOOD
2026-05-25T11:30:00+05:30,PUNE_WEST,966.0,774.9,216.5,32.4,11.4,0.0,2.6,GOOD
2026-05-25T11:45:00+05:30,PUNE_WEST,975.5,722.2,267.1,33.4,19.0,0.0,2.2,GOOD
2026-05-25T12:00:00+05:30,PUNE_WEST,990.7,691.4,305.6,31.9,24.4,0.0,2.7,GOOD
2026-05-25T12:15:00+05:30,PUNE_WEST,977.5,671.7,307.9,33.5,25.4,0.0,3.1,GOOD
2026-05-25T12:30:00+05:30,PUNE_WEST,980.1,678.3,302.4,32.4,24.4,0.0,2.9,GOOD
2026-05-25T12:45:00+05:30,PUNE_WEST,1051.8,729.7,323.9,34.1,24.3,0.0,2.8,GOOD
2026-05-25T13:00:00+05:30,PUNE_WEST,1003.7,733.7,275.5,31.2,19.2,0.0,1.7,GOOD
2026-05-25T13:15:00+05:30,PUNE_WEST,1002.4,717.0,297.3,33.6,22.6,0.0,3.9,GOOD
2026-05-25T13:30:00+05:30,PUNE_WEST,970.9,707.3,284.3,32.4,22.0,0.0,2.2,GOOD
2026-05-25T13:45:00+05:30,PUNE_WEST,953.2,728.0,258.4,33.0,18.6,0.0,1.6,GOOD
2026-05-25T14:00:00+05:30,PUNE_WEST,929.3,737.6,240.1,32.5,16.7,0.0,1.7,GOOD
2026-05-25T14:15:00+05:30,PUNE_WEST,896.9,703.2,256.5,33.3,20.9,0.0,2.3,GOOD
2026-05-25T14:30:00+05:30,PUNE_WEST,885.8,735.2,235.9,33.4,17.9,0.0,2.7,GOOD
2026-05-25T14:45:00+05:30,PUNE_WEST,824.2,714.6,214.2,32.6,16.9,0.0,2.2,GOOD
2026-05-25T15:00:00+05:30,PUNE_WEST,800.3,749.6,185.4,32.3,12.6,0.0,1.4,GOOD
2026-05-25T15:15:00+05:30,PUNE_WEST,742.0,731.2,168.9,32.3,11.9,0.0,1.9,GOOD
2026-05-25T15:30:00+05:30,PUNE_WEST,720.6,763.3,152.3,32.8,9.4,0.0,2.6,GOOD
2026-05-25T15:45:00+05:30,PUNE_WEST,674.4,789.1,120.1,31.0,4.3,0.0,2.4,GOOD
2026-05-25T16:00:00+05:30,PUNE_WEST,616.4,737.4,131.1,30.7,9.6,0.0,3.1,GOOD
2026-05-25T16:15:00+05:30,PUNE_WEST,568.5,679.2,153.3,31.5,18.4,0.0,3.8,GOOD
2026-05-25T16:30:00+05:30,PUNE_WEST,526.0,690.3,137.9,30.8,17.3,0.0,2.5,GOOD
2026-05-25T16:45:00+05:30,PUNE_WEST,471.1,666.6,130.2,30.4,19.5,0.0,2.9,GOOD
2026-05-25T17:00:00+05:30,PUNE_WEST,411.7,625.3,124.8,28.8,23.6,0.0,1.3,GOOD
2026-05-25T17:15:00+05:30,PUNE_WEST,367.3,661.9,99.4,29.9,18.6,0.0,2.6,GOOD
2026-05-25T17:30:00+05:30,PUNE_WEST,275.0,560.0,79.4,28.1,21.3,0.0,2.6,GOOD
2026-05-25T17:45:00+05:30,PUNE_WEST,225.4,562.9,60.5,27.4,18.2,0.0,2.6,GOOD
2026-05-25T18:00:00+05:30,PUNE_WEST,187.3,596.3,46.6,26.7,15.2,0.0,1.9,GOOD
2026-05-25T18:15:00+05:30,PUNE_WEST,129.2,536.4,33.6,27.3,16.9,0.0,2.9,GOOD
2026-05-25T18:30:00+05:30,PUNE_WEST,97.5,578.9,27.0,28.3,19.5,0.0,2.3,GOOD
2026-05-25T18:45:00+05:30,PUNE_WEST,39.6,238.7,10.6,27.4,17.9,0.0,3.5,GOOD
2026-05-25T19:00:00+05:30,PUNE_WEST,0.0,0.0,0.0,28.2,19.2,0.0,4.0,GOOD
2026-05-25T19:15:00+05:30,PUNE_WEST,0.0,0.0,0.0,26.3,16.6,0.0,3.5,GOOD
2026-05-25T19:30:00+05:30,PUNE_WEST,0.0,0.0,0.0,23.4,19.5,0.0,3.2,GOOD
2026-05-25T19:45:00+05:30,PUNE_WEST,0.0,0.0,0.0,26.2,20.6,0.0,2.1,GOOD
2026-05-25T20:00:00+05:30,PUNE_WEST,0.0,0.0,0.0,25.4,22.8,0.0,2.5,GOOD
2026-05-25T20:15:00+05:30,PUNE_WEST,0.0,0.0,0.0,25.8,21.1,0.0,1.6,GOOD
2026-05-25T20:30:00+05:30,PUNE_WEST,0.0,0.0,0.0,23.9,26.6,0.0,1.7,GOOD
2026-05-25T20:45:00+05:30,PUNE_WEST,0.0,0.0,0.0,22.9,25.3,0.0,2.7,GOOD
2026-05-25T21:00:00+05:30,PUNE_WEST,0.0,0.0,0.0,22.3,25.5,0.0,2.4,GOOD
2026-05-25T21:15:00+05:30,PUNE_WEST,0.0,0.0,0.0,23.0,22.9,0.0,3.4,GOOD
2026-05-25T21:30:00+05:30,PUNE_WEST,0.0,0.0,0.0,24.0,23.1,0.0,3.3,GOOD
2026-05-25T21:45:00+05:30,PUNE_WEST,0.0,0.0,0.0,21.6,32.3,0.0,3.3,GOOD
2026-05-25T22:00:00+05:30,PUNE_WEST,0.0,0.0,0.0,22.1,29.7,0.0,2.2,GOOD
2026-05-25T22:15:00+05:30,PUNE_WEST,0.0,0.0,0.0,23.3,25.6,0.0,2.8,GOOD
2026-05-25T22:30:00+05:30,PUNE_WEST,0.0,0.0,0.0,23.1,20.8,0.0,3.9,GOOD
2026-05-25T22:45:00+05:30,PUNE_WEST,0.0,0.0,0.0,23.6,17.5,0.0,3.4,GOOD
2026-05-25T23:00:00+05:30,PUNE_WEST,0.0,0.0,0.0,23.4,17.3,0.0,1.8,GOOD
2026-05-25T23:15:00+05:30,PUNE_WEST,0.0,0.0,0.0,22.3,14.1,0.0,2.4,GOOD
2026-05-25T23:30:00+05:30,PUNE_WEST,0.0,0.0,0.0,24.2,11.8,0.0,2.5,GOOD
2026-05-25T23:45:00+05:30,PUNE_WEST,0.0,0.0,0.0,21.4,14.5,0.0,1.9,GOOD
2026-05-26T00:00:00+05:30,PUNE_WEST,0.0,0.0,0.0,20.4,66.3,0.0,3.1,GOOD
2026-05-26T00:15:00+05:30,PUNE_WEST,0.0,0.0,0.0,20.7,68.4,0.0,4.5,GOOD
2026-05-26T00:30:00+05:30,PUNE_WEST,0.0,0.0,0.0,21.7,73.0,0.0,4.9,GOOD
2026-05-26T00:45:00+05:30,PUNE_WEST,0.0,0.0,0.0,21.8,79.1,0.0,3.6,GOOD
2026-05-26T01:00:00+05:30,PUNE_WEST,0.0,0.0,0.0,20.0,74.8,0.0,2.1,GOOD
2026-05-26T01:15:00+05:30,PUNE_WEST,0.0,0.0,0.0,21.0,70.7,0.0,4.5,GOOD
2026-05-26T01:30:00+05:30,PUNE_WEST,0.0,0.0,0.0,21.9,65.8,0.0,3.7,GOOD
2026-05-26T01:45:00+05:30,PUNE_WEST,0.0,0.0,0.0,20.9,67.8,0.0,3.4,GOOD
2026-05-26T02:00:00+05:30,PUNE_WEST,0.0,0.0,0.0,21.6,64.2,0.0,4.0,GOOD
2026-05-26T02:15:00+05:30,PUNE_WEST,0.0,0.0,0.0,20.9,68.6,0.0,3.0,GOOD
2026-05-26T02:30:00+05:30,PUNE_WEST,0.0,0.0,0.0,20.9,67.8,0.0,4.7,GOOD
2026-05-26T02:45:00+05:30,PUNE_WEST,0.0,0.0,0.0,20,70.2,0.0,3.6,GOOD
2026-05-26T03:00:00+05:30,PUNE_WEST,0.0,0.0,0.0,21.9,65.2,0.0,2.7,GOOD
2026-05-26T03:15:00+05:30,PUNE_WEST,0.0,0.0,0.0,21.5,67.0,0.0,3.8,GOOD
2026-05-26T03:30:00+05:30,PUNE_WEST,0.0,0.0,0.0,20,64.3,0.0,4.2,GOOD
2026-05-26T03:45:00+05:30,PUNE_WEST,0.0,0.0,0.0,21.1,67.2,0.0,3.2,GOOD
2026-05-26T04:00:00+05:30,PUNE_WEST,0.0,0.0,0.0,21.8,65.6,0.0,5.3,GOOD
2026-05-26T04:15:00+05:30,PUNE_WEST,0.0,0.0,0.0,20.3,66.2,0.0,3.6,GOOD
2026-05-26T04:30:00+05:30,PUNE_WEST,0.0,0.0,0.0,20,71.6,0.0,3.9,GOOD
2026-05-26T04:45:00+05:30,PUNE_WEST,0.0,0.0,0.0,21.8,71.2,0.0,4.2,GOOD
2026-05-26T05:00:00+05:30,PUNE_WEST,0.0,0.0,0.0,21.9,72.5,0.0,4.5,GOOD
2026-05-26T05:15:00+05:30,PUNE_WEST,0.0,0.0,0.0,21.8,69.2,0.0,2.7,GOOD
2026-05-26T05:30:00+05:30,PUNE_WEST,0.0,0.0,0.0,20.5,75.1,0.0,3.5,GOOD
2026-05-26T05:45:00+05:30,PUNE_WEST,0.0,0.0,0.0,21.8,77.1,0.0,2.3,GOOD
2026-05-26T06:00:00+05:30,PUNE_WEST,0.0,0.0,0.0,23.0,78.4,0.0,4.7,GOOD
2026-05-26T06:15:00+05:30,PUNE_WEST,0.0,0.0,0.0,22.0,82.3,0.0,3.8,GOOD
2026-05-26T06:30:00+05:30,PUNE_WEST,54.2,149.3,36.0,22.6,79.1,0.0,3.8,GOOD
2026-05-26T06:45:00+05:30,PUNE_WEST,61.8,129.2,40.5,23.2,77.6,0.0,4.2,GOOD
2026-05-26T07:00:00+05:30,PUNE_WEST,77.7,128.5,49.0,22.5,74.0,0.0,4.7,GOOD
2026-05-26T07:15:00+05:30,PUNE_WEST,99.4,121.7,65.3,25.4,78.0,0.0,3.5,GOOD
2026-05-26T07:30:00+05:30,PUNE_WEST,144.2,156.5,91.5,24.1,74.6,0.0,3.6,GOOD
2026-05-26T07:45:00+05:30,PUNE_WEST,224.2,227.2,135.1,25.8,69.6,0.0,2.2,GOOD
2026-05-26T08:00:00+05:30,PUNE_WEST,257.4,234.6,152.6,26.8,68.2,0.0,3.0,GOOD
2026-05-26T08:15:00+05:30,PUNE_WEST,305.4,262.6,174.3,27.0,64.7,0.0,2.6,GOOD
2026-05-26T08:30:00+05:30,PUNE_WEST,287.6,213.2,170.2,26.2,68.0,0.0,2.2,GOOD
2026-05-26T08:45:00+05:30,PUNE_WEST,360.4,251.9,209.2,28.4,66.2,0.0,4.0,GOOD
2026-05-26T09:00:00+05:30,PUNE_WEST,385.3,244.2,227.2,28.5,67.6,0.0,2.9,GOOD
2026-05-26T09:15:00+05:30,PUNE_WEST,419.9,239.0,254.4,28.0,70.1,0.0,4.5,GOOD
2026-05-26T09:30:00+05:30,PUNE_WEST,430.6,239.0,254.9,28.1,68.0,0.0,3.7,GOOD
2026-05-26T09:45:00+05:30,PUNE_WEST,497.3,278.4,281.5,29.1,64.0,0.0,3.4,GOOD
2026-05-26T10:00:00+05:30,PUNE_WEST,465.2,217.8,288.4,27.8,72.3,0.0,4.0,GOOD
2026-05-26T10:15:00+05:30,PUNE_WEST,472.5,204.3,299.6,29.8,74.5,0.0,2.4,GOOD
2026-05-26T10:30:00+05:30,PUNE_WEST,521.7,229.1,320.9,30.0,71.5,0.0,2.8,GOOD
2026-05-26T10:45:00+05:30,PUNE_WEST,562.7,255.4,331.6,29.9,67.6,0.0,3.4,GOOD
2026-05-26T11:00:00+05:30,PUNE_WEST,600.9,263.7,355.9,29.9,68.0,0.0,2.6,GOOD
2026-05-26T11:15:00+05:30,PUNE_WEST,557.6,219.8,348.8,29.6,73.2,0.0,4.5,GOOD
2026-05-26T11:30:00+05:30,PUNE_WEST,535.9,205.1,337.6,28.5,73.8,0.0,4.6,GOOD
2026-05-26T11:45:00+05:30,PUNE_WEST,540.5,194.8,349.5,30.6,76.4,0.0,4.0,GOOD
2026-05-26T12:00:00+05:30,PUNE_WEST,524.2,182.9,343.0,30.6,77.6,0.0,3.7,GOOD
2026-05-26T12:15:00+05:30,PUNE_WEST,583.6,216.9,367.4,32.0,73.8,0.0,3.8,GOOD
2026-05-26T12:30:00+05:30,PUNE_WEST,609.4,231.9,377.7,32.0,72.3,0.0,4.1,GOOD
2026-05-26T12:45:00+05:30,PUNE_WEST,590.4,218.7,372.3,31.0,73.9,0.0,3.3,GOOD
2026-05-26T13:00:00+05:30,PUNE_WEST,537.8,190.1,349.2,31.4,76.8,0.0,3.7,GOOD
2026-05-26T13:15:00+05:30,PUNE_WEST,535.1,187.9,350.3,29.8,77.6,0.0,3.2,GOOD
2026-05-26T13:30:00+05:30,PUNE_WEST,443.4,141.4,306.1,30.3,83.1,0.0,3.6,GOOD
2026-05-26T13:45:00+05:30,PUNE_WEST,488.6,172.4,324.1,32.2,79.0,0.0,4.3,GOOD
2026-05-26T14:00:00+05:30,PUNE_WEST,514.9,190.6,336.9,30.3,77.6,0.0,4.0,GOOD
2026-05-26T14:15:00+05:30,PUNE_WEST,483.3,189.5,310.8,30.1,75.8,0.0,3.2,GOOD
2026-05-26T14:30:00+05:30,PUNE_WEST,524.0,229.3,321.3,31.4,71.3,0.0,3.4,GOOD
2026-05-26T14:45:00+05:30,PUNE_WEST,446.7,190.2,284.3,31.7,74.8,0.0,3.3,GOOD
2026-05-26T15:00:00+05:30,PUNE_WEST,447.5,190.9,290.8,30.2,76.9,0.0,2.6,GOOD
2026-05-26T15:15:00+05:30,PUNE_WEST,468.2,229.3,288.3,29.1,71.7,0.0,2.7,GOOD
2026-05-26T15:30:00+05:30,PUNE_WEST,429.8,218.7,266.9,29.9,72.4,0.0,4.1,GOOD
2026-05-26T15:45:00+05:30,PUNE_WEST,343.6,162.0,229.7,26.9,79.8,0.0,4.0,GOOD
2026-05-26T16:00:00+05:30,PUNE_WEST,290.5,139.4,198.7,30.3,82.2,0.0,4.1,GOOD
2026-05-26T16:15:00+05:30,PUNE_WEST,298.3,168.7,195.1,28.5,77.5,0.0,2.6,GOOD
2026-05-26T16:30:00+05:30,PUNE_WEST,249.6,144.5,168.3,30.2,80.7,0.0,4.4,GOOD
2026-05-26T16:45:00+05:30,PUNE_WEST,222.5,150.3,145.5,28.9,77.5,0.0,2.7,GOOD
2026-05-26T17:00:00+05:30,PUNE_WEST,225.5,179.0,143.2,27.2,74.6,0.0,3.0,GOOD
2026-05-26T17:15:00+05:30,PUNE_WEST,209.6,198.2,129.2,26.4,71.7,0.0,3.0,GOOD
2026-05-26T17:30:00+05:30,PUNE_WEST,145.6,147.7,93.8,26.9,76.1,0.0,2.2,GOOD
2026-05-26T17:45:00+05:30,PUNE_WEST,133.0,152.3,88.2,25.1,79.0,0.0,4.5,GOOD
2026-05-26T18:00:00+05:30,PUNE_WEST,104.7,162.0,66.3,25.3,74.3,0.0,3.5,GOOD
2026-05-26T18:15:00+05:30,PUNE_WEST,103.3,210.3,65.5,25.0,74.5,0.0,3.8,GOOD
2026-05-26T18:30:00+05:30,PUNE_WEST,29.7,94.4,18.2,25.3,71.1,0.0,2.5,GOOD
2026-05-26T18:45:00+05:30,PUNE_WEST,12.4,35.5,8.1,23.9,77.3,0.0,4.4,GOOD
2026-05-26T19:00:00+05:30,PUNE_WEST,0.0,0.0,0.0,24.2,82.5,0.0,4.5,GOOD
2026-05-26T19:15:00+05:30,PUNE_WEST,0.0,0.0,0.0,22.8,90.5,0.0,5.5,GOOD
2026-05-26T19:30:00+05:30,PUNE_WEST,0.0,0.0,0.0,22.4,87.8,0.0,4.2,GOOD
2026-05-26T19:45:00+05:30,PUNE_WEST,0.0,0.0,0.0,24.0,83.6,0.0,4.4,GOOD
2026-05-26T20:00:00+05:30,PUNE_WEST,0.0,0.0,0.0,20.8,83.0,0.0,4.5,GOOD
2026-05-26T20:15:00+05:30,PUNE_WEST,0.0,0.0,0.0,20.7,84.5,0.0,4.4,GOOD
2026-05-26T20:30:00+05:30,PUNE_WEST,0.0,0.0,0.0,21.2,82.0,0.0,3.5,GOOD
2026-05-26T20:45:00+05:30,PUNE_WEST,0.0,0.0,0.0,20.8,82.0,0.0,4.6,GOOD
2026-05-26T21:00:00+05:30,PUNE_WEST,0.0,0.0,0.0,20.5,82.2,0.0,3.6,GOOD
2026-05-26T21:15:00+05:30,PUNE_WEST,0.0,0.0,0.0,21.2,75.2,0.0,3.5,GOOD
2026-05-26T21:30:00+05:30,PUNE_WEST,0.0,0.0,0.0,21.6,73.6,0.0,4.0,GOOD
2026-05-26T21:45:00+05:30,PUNE_WEST,0.0,0.0,0.0,21.2,69.9,0.0,3.6,GOOD
2026-05-26T22:00:00+05:30,PUNE_WEST,0.0,0.0,0.0,20.5,69.4,0.0,3.7,GOOD
2026-05-26T22:15:00+05:30,PUNE_WEST,0.0,0.0,0.0,22.1,75.5,0.0,5.0,GOOD
2026-05-26T22:30:00+05:30,PUNE_WEST,0.0,0.0,0.0,21.1,75.6,0.0,2.2,GOOD
2026-05-26T22:45:00+05:30,PUNE_WEST,0.0,0.0,0.0,22.3,73.8,0.0,3.3,GOOD
2026-05-26T23:00:00+05:30,PUNE_WEST,0.0,0.0,0.0,21.0,74.5,0.0,4.1,GOOD
2026-05-26T23:15:00+05:30,PUNE_WEST,0.0,0.0,0.0,20.9,74.8,0.0,3.5,GOOD
2026-05-26T23:30:00+05:30,PUNE_WEST,0.0,0.0,0.0,20,75.7,0.0,3.2,GOOD
2026-05-26T23:45:00+05:30,PUNE_WEST,0.0,0.0,0.0,20.6,69.2,0.0,3.9,GOOD
2026-05-27T00:00:00+05:30,PUNE_WEST,0.0,0.0,0.0,23.6,47.2,0.0,3.6,GOOD
2026-05-27T00:15:00+05:30,PUNE_WEST,0.0,0.0,0.0,21.3,43.4,0.0,2.0,GOOD
2026-05-27T00:30:00+05:30,PUNE_WEST,0.0,0.0,0.0,21.2,43.2,0.0,3.0,GOOD
2026-05-27T00:45:00+05:30,PUNE_WEST,0.0,0.0,0.0,22.2,41.9,0.0,2.9,GOOD
2026-05-27T01:00:00+05:30,PUNE_WEST,0.0,0.0,0.0,21.5,43.4,0.0,3.7,GOOD
2026-05-27T01:15:00+05:30,PUNE_WEST,0.0,0.0,0.0,22.0,41.9,0.0,3.6,GOOD
2026-05-27T01:30:00+05:30,PUNE_WEST,0.0,0.0,0.0,22.2,32.0,0.0,3.4,GOOD
2026-05-27T01:45:00+05:30,PUNE_WEST,0.0,0.0,0.0,23.2,35.0,0.0,1.6,GOOD
2026-05-27T02:00:00+05:30,PUNE_WEST,0.0,0.0,0.0,22.3,33.2,0.0,2.1,GOOD
2026-05-27T02:15:00+05:30,PUNE_WEST,0.0,0.0,0.0,22.0,26.1,0.0,2.2,GOOD
2026-05-27T02:30:00+05:30,PUNE_WEST,0.0,0.0,0.0,22.0,29.5,0.0,2.9,GOOD
2026-05-27T02:45:00+05:30,PUNE_WEST,0.0,0.0,0.0,21.4,35.8,0.0,2.9,GOOD
2026-05-27T03:00:00+05:30,PUNE_WEST,0.0,0.0,0.0,23.3,32.1,0.0,3.5,GOOD
2026-05-27T03:15:00+05:30,PUNE_WEST,0.0,0.0,0.0,22.1,31.1,0.0,4.0,GOOD
2026-05-27T03:30:00+05:30,PUNE_WEST,0.0,0.0,0.0,22.0,33.5,0.0,2.5,GOOD
2026-05-27T03:45:00+05:30,PUNE_WEST,0.0,0.0,0.0,22.9,39.7,0.0,4.3,GOOD
2026-05-27T04:00:00+05:30,PUNE_WEST,0.0,0.0,0.0,21.9,37.4,0.0,3.4,GOOD
2026-05-27T04:15:00+05:30,PUNE_WEST,0.0,0.0,0.0,22.5,39.5,0.0,2.9,GOOD
2026-05-27T04:30:00+05:30,PUNE_WEST,0.0,0.0,0.0,21.8,42.6,0.0,2.3,GOOD
2026-05-27T04:45:00+05:30,PUNE_WEST,0.0,0.0,0.0,22.0,40.9,0.0,3.2,GOOD
2026-05-27T05:00:00+05:30,PUNE_WEST,0.0,0.0,0.0,24.2,31.9,0.0,2.8,GOOD
2026-05-27T05:15:00+05:30,PUNE_WEST,0.0,0.0,0.0,22.9,36.9,0.0,2.4,GOOD
2026-05-27T05:30:00+05:30,PUNE_WEST,0.0,0.0,0.0,22.8,36.3,0.0,2.8,GOOD
2026-05-27T05:45:00+05:30,PUNE_WEST,0.0,0.0,0.0,23.4,36.3,0.0,3.0,GOOD
2026-05-27T06:00:00+05:30,PUNE_WEST,0.0,0.0,0.0,22.9,33.2,0.0,1.6,GOOD
2026-05-27T06:15:00+05:30,PUNE_WEST,55.8,295.8,19.7,24.4,31.3,0.0,1.4,GOOD
2026-05-27T06:30:00+05:30,PUNE_WEST,69.0,374.6,23.3,25.7,28.9,0.0,3.1,GOOD
2026-05-27T06:45:00+05:30,PUNE_WEST,131.2,538.2,42.0,25.5,26.2,0.0,3.6,GOOD
2026-05-27T07:00:00+05:30,PUNE_WEST,185.1,574.5,56.7,26.6,24.1,0.0,3.5,GOOD
2026-05-27T07:15:00+05:30,PUNE_WEST,230.0,586.8,65.4,26.2,20.7,0.0,1.8,GOOD
2026-05-27T07:30:00+05:30,PUNE_WEST,278.8,563.0,89.2,26.8,26.1,0.0,2.5,GOOD
2026-05-27T07:45:00+05:30,PUNE_WEST,348.7,567.5,126.1,26.5,32.5,0.0,4.6,GOOD
2026-05-27T08:00:00+05:30,PUNE_WEST,401.4,577.3,143.6,26.7,32.0,0.0,3.2,GOOD
2026-05-27T08:15:00+05:30,PUNE_WEST,432.2,533.7,165.7,27.1,35.9,0.0,2.9,GOOD
2026-05-27T08:30:00+05:30,PUNE_WEST,469.6,533.4,175.9,27.7,34.5,0.0,3.6,GOOD
2026-05-27T08:45:00+05:30,PUNE_WEST,538.6,528.2,221.7,27.2,40.2,0.0,3.3,GOOD
2026-05-27T09:00:00+05:30,PUNE_WEST,582.2,512.0,250.8,28.7,43.2,0.0,2.5,GOOD
2026-05-27T09:15:00+05:30,PUNE_WEST,611.3,506.8,260.4,29.6,42.5,0.0,2.5,GOOD
2026-05-27T09:30:00+05:30,PUNE_WEST,661.8,516.5,282.3,31.7,42.6,0.0,3.9,GOOD
2026-05-27T09:45:00+05:30,PUNE_WEST,706.8,538.3,289.8,30.9,40.0,0.0,3.1,GOOD
2026-05-27T10:00:00+05:30,PUNE_WEST,753.5,562.6,296.8,29.5,37.5,0.0,3.5,GOOD
2026-05-27T10:15:00+05:30,PUNE_WEST,792.9,571.1,309.9,31.2,37.1,0.0,2.1,GOOD
2026-05-27T10:30:00+05:30,PUNE_WEST,818.3,537.3,347.2,31.0,42.2,0.0,2.8,GOOD
2026-05-27T10:45:00+05:30,PUNE_WEST,870.5,543.1,379.3,30.9,44.0,0.0,2.7,GOOD
2026-05-27T11:00:00+05:30,PUNE_WEST,883.1,552.1,370.3,31.5,41.4,0.0,4.3,GOOD
2026-05-27T11:15:00+05:30,PUNE_WEST,909.5,566.8,371.3,31.8,39.7,0.0,2.6,GOOD
2026-05-27T11:30:00+05:30,PUNE_WEST,928.4,533.6,412.5,31.6,45.3,0.0,2.4,GOOD
2026-05-27T11:45:00+05:30,PUNE_WEST,909.9,497.2,422.5,31.8,48.3,0.0,3.7,GOOD
2026-05-27T12:00:00+05:30,PUNE_WEST,942.7,530.5,417.4,33.2,45.0,0.0,3.9,GOOD
2026-05-27T12:15:00+05:30,PUNE_WEST,966.4,565.6,402.7,31.1,41.0,0.0,2.5,GOOD
2026-05-27T12:30:00+05:30,PUNE_WEST,949.8,533.2,417.2,30.9,44.5,0.0,3.0,GOOD
2026-05-27T12:45:00+05:30,PUNE_WEST,901.8,475.1,427.9,32.1,49.9,0.0,3.4,GOOD
2026-05-27T13:00:00+05:30,PUNE_WEST,928.1,520.4,411.7,32.1,45.2,0.0,4.0,GOOD
2026-05-27T13:15:00+05:30,PUNE_WEST,923.2,501.7,429.9,31.6,48.6,0.0,2.6,GOOD
2026-05-27T13:30:00+05:30,PUNE_WEST,903.0,483.0,434.2,31.1,50.9,0.0,3.4,GOOD
2026-05-27T13:45:00+05:30,PUNE_WEST,883.1,513.2,393.2,33.5,45.4,0.0,2.5,GOOD
2026-05-27T14:00:00+05:30,PUNE_WEST,900.8,572.1,366.2,32.1,39.5,0.0,2.4,GOOD
2026-05-27T14:15:00+05:30,PUNE_WEST,837.6,506.0,376.5,31.2,46.1,0.0,3.7,GOOD
2026-05-27T14:30:00+05:30,PUNE_WEST,814.3,493.0,378.3,31.5,48.4,0.0,2.9,GOOD
2026-05-27T14:45:00+05:30,PUNE_WEST,773.9,474.8,368.3,29.9,50.1,0.0,3.3,GOOD
2026-05-27T15:00:00+05:30,PUNE_WEST,740.6,483.2,343.9,28.3,48.4,0.0,2.3,GOOD
2026-05-27T15:15:00+05:30,PUNE_WEST,721.1,488.5,337.9,31.7,49.0,0.0,4.3,GOOD
2026-05-27T15:30:00+05:30,PUNE_WEST,639.9,444.9,308.3,31.0,51.0,0.0,3.5,GOOD
2026-05-27T15:45:00+05:30,PUNE_WEST,647.0,538.9,267.8,31.0,40.6,0.0,1.9,GOOD
2026-05-27T16:00:00+05:30,PUNE_WEST,596.1,558.8,227.8,31.5,35.7,0.0,1.9,GOOD
2026-05-27T16:15:00+05:30,PUNE_WEST,553.9,537.8,224.4,31.5,39.3,0.0,2.6,GOOD
2026-05-27T16:30:00+05:30,PUNE_WEST,458.1,469.7,193.3,29.9,41.8,0.0,2.2,GOOD
2026-05-27T16:45:00+05:30,PUNE_WEST,444.2,469.3,203.4,28.6,47.4,0.0,3.1,GOOD
2026-05-27T17:00:00+05:30,PUNE_WEST,390.6,447.1,184.7,28.5,49.7,0.0,2.2,GOOD
2026-05-27T17:15:00+05:30,PUNE_WEST,338.2,470.9,146.8,28.9,43.7,0.0,3.6,GOOD
2026-05-27T17:30:00+05:30,PUNE_WEST,287.4,444.4,131.3,29.3,47.2,0.0,2.9,GOOD
2026-05-27T17:45:00+05:30,PUNE_WEST,211.7,373.6,101.3,27.3,50.6,0.0,3.6,GOOD
2026-05-27T18:00:00+05:30,PUNE_WEST,161.7,352.5,77.7,26.6,50.8,0.0,2.9,GOOD
2026-05-27T18:15:00+05:30,PUNE_WEST,127.2,388.6,56.9,27.3,45.8,0.0,3.6,GOOD
2026-05-27T18:30:00+05:30,PUNE_WEST,59.6,240.9,30.0,24.8,54.3,0.0,3.2,GOOD
2026-05-27T18:45:00+05:30,PUNE_WEST,48.5,210.9,22.8,25.5,49.3,0.0,2.4,GOOD
2026-05-27T19:00:00+05:30,PUNE_WEST,15.5,69.0,7.1,25.5,47.4,0.0,2.5,GOOD
2026-05-27T19:15:00+05:30,PUNE_WEST,0.0,0.0,0.0,25.2,55.3,0.0,4.0,GOOD
2026-05-27T19:30:00+05:30,PUNE_WEST,0.0,0.0,0.0,25.5,60.8,0.0,2.2,GOOD
2026-05-27T19:45:00+05:30,PUNE_WEST,0.0,0.0,0.0,24.3,63.4,0.0,2.7,GOOD
2026-05-27T20:00:00+05:30,PUNE_WEST,0.0,0.0,0.0,24.1,58.0,0.0,2.8,GOOD
2026-05-27T20:15:00+05:30,PUNE_WEST,0.0,0.0,0.0,23.8,52.7,0.0,2.7,GOOD
2026-05-27T20:30:00+05:30,PUNE_WEST,0.0,0.0,0.0,23.1,49.2,0.0,2.3,GOOD
2026-05-27T20:45:00+05:30,PUNE_WEST,0.0,0.0,0.0,21.5,50.2,0.0,3.1,GOOD
2026-05-27T21:00:00+05:30,PUNE_WEST,0.0,0.0,0.0,21.2,52.9,0.0,3.1,GOOD
2026-05-27T21:15:00+05:30,PUNE_WEST,0.0,0.0,0.0,21.6,51.1,0.0,3.1,GOOD
2026-05-27T21:30:00+05:30,PUNE_WEST,0.0,0.0,0.0,22.2,48.0,0.0,2.7,GOOD
2026-05-27T21:45:00+05:30,PUNE_WEST,0.0,0.0,0.0,22.4,42.2,0.0,2.6,GOOD
2026-05-27T22:00:00+05:30,PUNE_WEST,0.0,0.0,0.0,22.7,46.9,0.0,2.9,GOOD
2026-05-27T22:15:00+05:30,PUNE_WEST,0.0,0.0,0.0,21.9,50.0,0.0,4.3,GOOD
2026-05-27T22:30:00+05:30,PUNE_WEST,0.0,0.0,0.0,21.1,47.7,0.0,2.1,GOOD
2026-05-27T22:45:00+05:30,PUNE_WEST,0.0,0.0,0.0,22.3,45.9,0.0,2.3,GOOD
2026-05-27T23:00:00+05:30,PUNE_WEST,0.0,0.0,0.0,22.8,41.6,0.0,3.5,GOOD
2026-05-27T23:15:00+05:30,PUNE_WEST,0.0,0.0,0.0,22.5,42.6,0.0,3.6,GOOD
2026-05-27T23:30:00+05:30,PUNE_WEST,0.0,0.0,0.0,22.3,45.9,0.0,3.4,GOOD
2026-05-27T23:45:00+05:30,PUNE_WEST,0.0,0.0,0.0,20.7,44.1,0.0,2.7,GOOD
2026-05-28T00:00:00+05:30,PUNE_WEST,0.0,0.0,0.0,23.0,49.4,0.0,2.8,GOOD
2026-05-28T00:15:00+05:30,PUNE_WEST,0.0,0.0,0.0,20.9,50.4,0.0,3.3,GOOD
2026-05-28T00:30:00+05:30,PUNE_WEST,0.0,0.0,0.0,21.6,44.9,0.0,2.4,GOOD
2026-05-28T00:45:00+05:30,PUNE_WEST,0.0,0.0,0.0,22.2,46.8,0.0,3.0,GOOD
2026-05-28T01:00:00+05:30,PUNE_WEST,0.0,0.0,0.0,21.6,48.4,0.0,3.9,GOOD
2026-05-28T01:15:00+05:30,PUNE_WEST,0.0,0.0,0.0,21.8,46.0,0.0,3.3,GOOD
2026-05-28T01:30:00+05:30,PUNE_WEST,0.0,0.0,0.0,22.5,45.8,0.0,2.9,GOOD
2026-05-28T01:45:00+05:30,PUNE_WEST,0.0,0.0,0.0,22.9,47.2,0.0,3.2,GOOD
2026-05-28T02:00:00+05:30,PUNE_WEST,0.0,0.0,0.0,21.4,49.8,0.0,3.9,GOOD
2026-05-28T02:15:00+05:30,PUNE_WEST,0.0,0.0,0.0,22.2,43.4,0.0,2.8,GOOD
2026-05-28T02:30:00+05:30,PUNE_WEST,0.0,0.0,0.0,21.9,38.7,0.0,2.7,GOOD
2026-05-28T02:45:00+05:30,PUNE_WEST,0.0,0.0,0.0,21.4,42.6,0.0,2.6,GOOD
2026-05-28T03:00:00+05:30,PUNE_WEST,0.0,0.0,0.0,21.6,41.1,0.0,2.4,GOOD
2026-05-28T03:15:00+05:30,PUNE_WEST,0.0,0.0,0.0,23.1,42.1,0.0,3.2,GOOD
2026-05-28T03:30:00+05:30,PUNE_WEST,0.0,0.0,0.0,21.9,39.5,0.0,2.8,GOOD
2026-05-28T03:45:00+05:30,PUNE_WEST,0.0,0.0,0.0,23.3,33.2,0.0,2.7,GOOD
2026-05-28T04:00:00+05:30,PUNE_WEST,0.0,0.0,0.0,21.8,32.6,0.0,2.2,GOOD
2026-05-28T04:15:00+05:30,PUNE_WEST,0.0,0.0,0.0,23.1,32.4,0.0,1.8,GOOD
2026-05-28T04:30:00+05:30,PUNE_WEST,0.0,0.0,0.0,21.8,36.3,0.0,3.7,GOOD
2026-05-28T04:45:00+05:30,PUNE_WEST,0.0,0.0,0.0,22.2,38.9,0.0,3.1,GOOD
2026-05-28T05:00:00+05:30,PUNE_WEST,0.0,0.0,0.0,23.3,37.1,0.0,2.8,GOOD
2026-05-28T05:15:00+05:30,PUNE_WEST,0.0,0.0,0.0,23.7,39.1,0.0,4.3,GOOD
2026-05-28T05:30:00+05:30,PUNE_WEST,0.0,0.0,0.0,23.3,46.8,0.0,4.1,GOOD
2026-05-28T05:45:00+05:30,PUNE_WEST,0.0,0.0,0.0,23.7,46.7,0.0,2.8,GOOD
2026-05-28T06:00:00+05:30,PUNE_WEST,0.0,0.0,0.0,23.7,46.0,0.0,4.0,GOOD
2026-05-28T06:15:00+05:30,PUNE_WEST,30.4,146.5,12.5,24.9,40.3,0.0,2.8,GOOD
2026-05-28T06:30:00+05:30,PUNE_WEST,73.8,364.0,29.4,25.9,38.3,0.0,3.1,GOOD
2026-05-28T06:45:00+05:30,PUNE_WEST,123.6,428.9,52.4,24.8,42.1,0.0,2.9,GOOD
2026-05-28T07:00:00+05:30,PUNE_WEST,166.6,439.4,68.3,24.8,40.0,0.0,2.7,GOOD
2026-05-28T07:15:00+05:30,PUNE_WEST,228.7,517.0,83.5,26.9,33.1,0.0,3.5,GOOD
2026-05-28T07:30:00+05:30,PUNE_WEST,316.6,594.3,116.3,27.7,33.4,0.0,2.7,GOOD
2026-05-28T07:45:00+05:30,PUNE_WEST,299.9,466.3,116.9,26.2,36.9,0.0,2.3,GOOD
2026-05-28T08:00:00+05:30,PUNE_WEST,387.7,489.8,168.9,27.1,43.9,0.0,3.6,GOOD
2026-05-28T08:15:00+05:30,PUNE_WEST,415.0,438.7,195.8,27.8,49.5,0.0,4.4,GOOD
2026-05-28T08:30:00+05:30,PUNE_WEST,477.7,455.4,226.9,28.2,50.0,0.0,3.3,GOOD
2026-05-28T08:45:00+05:30,PUNE_WEST,488.5,422.9,234.8,29.9,50.9,0.0,3.2,GOOD
2026-05-28T09:00:00+05:30,PUNE_WEST,578.2,511.1,247.4,30.3,42.8,0.0,2.0,GOOD
2026-05-28T09:15:00+05:30,PUNE_WEST,608.8,476.9,278.7,29.0,47.4,0.0,4.1,GOOD
2026-05-28T09:30:00+05:30,PUNE_WEST,686.5,502.0,317.7,28.6,48.1,0.0,4.4,GOOD
2026-05-28T09:45:00+05:30,PUNE_WEST,672.6,451.0,323.3,29.8,50.9,0.0,3.2,GOOD
2026-05-28T10:00:00+05:30,PUNE_WEST,738.9,512.5,323.0,29.5,44.2,0.0,3.1,GOOD
2026-05-28T10:15:00+05:30,PUNE_WEST,757.3,487.7,344.9,28.8,47.0,0.0,2.8,GOOD
2026-05-28T10:30:00+05:30,PUNE_WEST,818.0,525.5,357.4,31.6,44.1,0.0,3.0,GOOD
2026-05-28T10:45:00+05:30,PUNE_WEST,882.7,587.0,351.9,32.2,38.3,0.0,1.2,GOOD
2026-05-28T11:00:00+05:30,PUNE_WEST,902.8,593.9,351.4,32.9,36.8,0.0,3.0,GOOD
2026-05-28T11:15:00+05:30,PUNE_WEST,904.8,594.8,340.2,32.4,34.8,0.0,4.0,GOOD
2026-05-28T11:30:00+05:30,PUNE_WEST,931.1,592.2,358.6,34.1,36.2,0.0,2.7,GOOD
2026-05-28T11:45:00+05:30,PUNE_WEST,968.9,640.5,341.1,32.3,31.1,0.0,2.8,GOOD
2026-05-28T12:00:00+05:30,PUNE_WEST,973.8,636.5,343.6,32.3,31.2,0.0,3.6,GOOD
2026-05-28T12:15:00+05:30,PUNE_WEST,1000.1,628.8,373.6,32.0,34.4,0.0,2.1,GOOD
2026-05-28T12:30:00+05:30,PUNE_WEST,978.5,640.0,339.3,34.0,30.3,0.0,3.9,GOOD
2026-05-28T12:45:00+05:30,PUNE_WEST,960.7,595.0,367.2,32.3,35.7,0.0,4.2,GOOD
2026-05-28T13:00:00+05:30,PUNE_WEST,946.2,551.5,399.0,31.4,41.8,0.0,2.4,GOOD
2026-05-28T13:15:00+05:30,PUNE_WEST,924.3,520.0,412.9,31.6,45.7,0.0,2.3,GOOD
2026-05-28T13:30:00+05:30,PUNE_WEST,948.6,561.5,403.5,31.9,42.4,0.0,3.2,GOOD
2026-05-28T13:45:00+05:30,PUNE_WEST,921.2,580.5,367.2,33.6,38.2,0.0,3.2,GOOD
2026-05-28T14:00:00+05:30,PUNE_WEST,870.0,524.9,379.4,31.7,44.0,0.0,3.7,GOOD
2026-05-28T14:15:00+05:30,PUNE_WEST,809.1,466.3,384.2,32.3,50.0,0.0,3.2,GOOD
2026-05-28T14:30:00+05:30,PUNE_WEST,742.8,396.6,392.0,31.5,58.1,0.0,3.9,GOOD
2026-05-28T14:45:00+05:30,PUNE_WEST,725.5,406.3,378.4,30.9,57.2,0.0,3.4,GOOD
2026-05-28T15:00:00+05:30,PUNE_WEST,643.8,344.1,361.3,30.7,63.2,0.0,4.2,GOOD
2026-05-28T15:15:00+05:30,PUNE_WEST,580.9,313.1,335.1,29.8,65.7,0.0,3.5,GOOD
2026-05-28T15:30:00+05:30,PUNE_WEST,588.1,354.8,323.5,31.0,61.5,0.0,3.8,GOOD
2026-05-28T15:45:00+05:30,PUNE_WEST,506.4,290.3,302.0,28.5,68.7,0.0,4.5,GOOD
2026-05-28T16:00:00+05:30,PUNE_WEST,476.7,296.5,281.1,29.5,67.6,0.0,3.3,GOOD
2026-05-28T16:15:00+05:30,PUNE_WEST,460.9,321.4,263.8,29.5,65.0,0.0,3.6,GOOD
2026-05-28T16:30:00+05:30,PUNE_WEST,450.6,366.2,243.9,27.7,60.2,0.0,4.1,GOOD
2026-05-28T16:45:00+05:30,PUNE_WEST,394.6,367.4,205.9,28.0,57.2,0.0,3.5,GOOD
2026-05-28T17:00:00+05:30,PUNE_WEST,356.0,347.7,195.6,28.2,61.5,0.0,3.3,GOOD
2026-05-28T17:15:00+05:30,PUNE_WEST,300.0,340.0,161.4,29.2,59.7,0.0,3.5,GOOD
2026-05-28T17:30:00+05:30,PUNE_WEST,220.6,272.9,124.4,28.0,63.7,0.0,4.0,GOOD
2026-05-28T17:45:00+05:30,PUNE_WEST,215.5,342.8,114.0,27.3,58.3,0.0,3.7,GOOD
2026-05-28T18:00:00+05:30,PUNE_WEST,174.9,328.4,96.2,25.4,61.6,0.0,3.4,GOOD
2026-05-28T18:15:00+05:30,PUNE_WEST,113.8,297.7,59.6,26.9,57.5,0.0,3.9,GOOD
2026-05-28T18:30:00+05:30,PUNE_WEST,116.4,459.0,59.4,24.8,55.4,0.0,3.2,GOOD
2026-05-28T18:45:00+05:30,PUNE_WEST,64.8,257.3,33.4,25.2,56.3,0.0,3.2,GOOD
2026-05-28T19:00:00+05:30,PUNE_WEST,0.9,3.3,0.5,25.0,60.4,0.0,3.6,GOOD
2026-05-28T19:15:00+05:30,PUNE_WEST,0.0,0.0,0.0,23.5,53.7,0.0,3.5,GOOD
2026-05-28T19:30:00+05:30,PUNE_WEST,0.0,0.0,0.0,24.1,50.3,0.0,3.8,GOOD
2026-05-28T19:45:00+05:30,PUNE_WEST,0.0,0.0,0.0,21.9,55.6,0.0,3.3,GOOD
2026-05-28T20:00:00+05:30,PUNE_WEST,0.0,0.0,0.0,23.6,53.4,0.0,4.0,GOOD
2026-05-28T20:15:00+05:30,PUNE_WEST,0.0,0.0,0.0,22.3,55.3,0.0,3.8,GOOD
2026-05-28T20:30:00+05:30,PUNE_WEST,0.0,0.0,0.0,21.8,55.0,0.0,3.9,GOOD
2026-05-28T20:45:00+05:30,PUNE_WEST,0.0,0.0,0.0,22.9,49.6,0.0,2.9,GOOD
2026-05-28T21:00:00+05:30,PUNE_WEST,0.0,0.0,0.0,22.0,50.2,0.0,3.7,GOOD
2026-05-28T21:15:00+05:30,PUNE_WEST,0.0,0.0,0.0,21.9,51.4,0.0,3.6,GOOD
2026-05-28T21:30:00+05:30,PUNE_WEST,0.0,0.0,0.0,22.3,56.2,0.0,4.0,GOOD
2026-05-28T21:45:00+05:30,PUNE_WEST,0.0,0.0,0.0,20.9,53.9,0.0,3.4,GOOD
2026-05-28T22:00:00+05:30,PUNE_WEST,0.0,0.0,0.0,21.9,55.0,0.0,2.4,GOOD
2026-05-28T22:15:00+05:30,PUNE_WEST,0.0,0.0,0.0,21.9,53.5,0.0,3.0,GOOD
2026-05-28T22:30:00+05:30,PUNE_WEST,0.0,0.0,0.0,21.5,47.3,0.0,3.8,GOOD
2026-05-28T22:45:00+05:30,PUNE_WEST,0.0,0.0,0.0,20.3,52.4,0.0,2.6,GOOD
2026-05-28T23:00:00+05:30,PUNE_WEST,0.0,0.0,0.0,21.2,53.0,0.0,2.9,GOOD
2026-05-28T23:15:00+05:30,PUNE_WEST,0.0,0.0,0.0,20.6,47.3,0.0,3.2,GOOD
2026-05-28T23:30:00+05:30,PUNE_WEST,0.0,0.0,0.0,22.2,48.2,0.0,3.7,GOOD
2026-05-28T23:45:00+05:30,PUNE_WEST,0.0,0.0,0.0,21.3,47.7,0.0,3.1,GOOD
2026-05-29T00:00:00+05:30,PUNE_WEST,0.0,0.0,0.0,20.9,44.5,0.0,2.6,GOOD
2026-05-29T00:15:00+05:30,PUNE_WEST,0.0,0.0,0.0,22.7,42.6,0.0,2.6,GOOD
2026-05-29T00:30:00+05:30,PUNE_WEST,0.0,0.0,0.0,21.7,43.0,0.0,3.3,GOOD
2026-05-29T00:45:00+05:30,PUNE_WEST,0.0,0.0,0.0,22.0,42.6,0.0,2.5,GOOD
2026-05-29T01:00:00+05:30,PUNE_WEST,0.0,0.0,0.0,21.3,42.2,0.0,3.0,GOOD
2026-05-29T01:15:00+05:30,PUNE_WEST,0.0,0.0,0.0,21.5,38.6,0.0,3.0,GOOD
2026-05-29T01:30:00+05:30,PUNE_WEST,0.0,0.0,0.0,23.8,36.0,0.0,3.6,GOOD
2026-05-29T01:45:00+05:30,PUNE_WEST,0.0,0.0,0.0,23.0,31.9,0.0,3.1,GOOD
2026-05-29T02:00:00+05:30,PUNE_WEST,0.0,0.0,0.0,21.6,34.8,0.0,2.7,GOOD
2026-05-29T02:15:00+05:30,PUNE_WEST,0.0,0.0,0.0,22.5,35.0,0.0,1.7,GOOD
2026-05-29T02:30:00+05:30,PUNE_WEST,0.0,0.0,0.0,23.1,33.7,0.0,2.1,GOOD
2026-05-29T02:45:00+05:30,PUNE_WEST,0.0,0.0,0.0,22.2,33.6,0.0,3.5,GOOD
2026-05-29T03:00:00+05:30,PUNE_WEST,0.0,0.0,0.0,22.1,39.9,0.0,2.9,GOOD
2026-05-29T03:15:00+05:30,PUNE_WEST,0.0,0.0,0.0,22.2,47.9,0.0,2.8,GOOD
2026-05-29T03:30:00+05:30,PUNE_WEST,0.0,0.0,0.0,21.0,47.0,0.0,2.7,GOOD
2026-05-29T03:45:00+05:30,PUNE_WEST,0.0,0.0,0.0,23.2,46.8,0.0,3.8,GOOD
2026-05-29T04:00:00+05:30,PUNE_WEST,0.0,0.0,0.0,20.3,48.6,0.0,3.7,GOOD
2026-05-29T04:15:00+05:30,PUNE_WEST,0.0,0.0,0.0,21.3,51.4,0.0,4.2,GOOD
2026-05-29T04:30:00+05:30,PUNE_WEST,0.0,0.0,0.0,22.0,47.6,0.0,3.8,GOOD
2026-05-29T04:45:00+05:30,PUNE_WEST,0.0,0.0,0.0,21.6,46.4,0.0,3.9,GOOD
2026-05-29T05:00:00+05:30,PUNE_WEST,0.0,0.0,0.0,24.5,46.7,0.0,2.8,GOOD
2026-05-29T05:15:00+05:30,PUNE_WEST,0.0,0.0,0.0,21.6,47.4,0.0,2.9,GOOD
2026-05-29T05:30:00+05:30,PUNE_WEST,0.0,0.0,0.0,22.1,46.9,0.0,3.6,GOOD
2026-05-29T05:45:00+05:30,PUNE_WEST,0.0,0.0,0.0,22.9,50.2,0.0,3.6,GOOD
2026-05-29T06:00:00+05:30,PUNE_WEST,0.0,0.0,0.0,23.3,51.0,0.0,3.1,GOOD
2026-05-29T06:15:00+05:30,PUNE_WEST,22.5,94.6,10.9,24.0,51.8,0.0,3.8,GOOD
2026-05-29T06:30:00+05:30,PUNE_WEST,77.0,346.6,34.7,25.2,46.3,0.0,3.2,GOOD
2026-05-29T06:45:00+05:30,PUNE_WEST,150.9,555.2,58.5,25.8,36.6,0.0,3.4,GOOD
2026-05-29T07:00:00+05:30,PUNE_WEST,196.8,573.4,68.4,26.4,30.4,0.0,4.1,GOOD
2026-05-29T07:15:00+05:30,PUNE_WEST,210.1,475.6,76.5,26.9,32.9,0.0,3.6,GOOD
2026-05-29T07:30:00+05:30,PUNE_WEST,302.5,560.6,113.5,26.2,34.6,0.0,3.0,GOOD
2026-05-29T07:45:00+05:30,PUNE_WEST,348.3,590.7,116.4,26.9,28.4,0.0,2.5,GOOD
2026-05-29T08:00:00+05:30,PUNE_WEST,389.0,596.4,122.6,27.7,25.4,0.0,2.8,GOOD
2026-05-29T08:15:00+05:30,PUNE_WEST,427.1,606.0,124.4,27.5,21.7,0.0,3.7,GOOD
2026-05-29T08:30:00+05:30,PUNE_WEST,522.6,679.1,148.7,29.4,20.7,0.0,2.1,GOOD
2026-05-29T08:45:00+05:30,PUNE_WEST,548.5,654.2,156.0,28.4,20.7,0.0,3.2,GOOD
2026-05-29T09:00:00+05:30,PUNE_WEST,617.0,643.4,200.7,31.1,27.0,0.0,3.1,GOOD
2026-05-29T09:15:00+05:30,PUNE_WEST,636.5,595.0,224.7,29.5,31.2,0.0,2.6,GOOD
2026-05-29T09:30:00+05:30,PUNE_WEST,663.8,544.8,263.7,28.7,38.0,0.0,3.5,GOOD
2026-05-29T09:45:00+05:30,PUNE_WEST,750.5,611.1,277.3,28.9,33.8,0.0,2.8,GOOD
2026-05-29T10:00:00+05:30,PUNE_WEST,778.5,594.7,296.0,30.7,35.4,0.0,3.0,GOOD
2026-05-29T10:15:00+05:30,PUNE_WEST,796.9,593.6,295.1,30.5,33.9,0.0,3.4,GOOD
2026-05-29T10:30:00+05:30,PUNE_WEST,840.4,585.2,327.6,31.0,36.9,0.0,2.6,GOOD
2026-05-29T10:45:00+05:30,PUNE_WEST,880.9,618.3,322.0,32.5,33.2,0.0,3.3,GOOD
2026-05-29T11:00:00+05:30,PUNE_WEST,916.5,645.3,317.6,31.7,30.2,0.0,3.2,GOOD
2026-05-29T11:15:00+05:30,PUNE_WEST,929.8,644.2,318.3,33.0,29.6,0.0,3.5,GOOD
2026-05-29T11:30:00+05:30,PUNE_WEST,951.2,641.6,331.3,32.1,30.5,0.0,3.5,GOOD
2026-05-29T11:45:00+05:30,PUNE_WEST,940.9,629.5,324.0,31.5,29.9,0.0,2.7,GOOD
2026-05-29T12:00:00+05:30,PUNE_WEST,970.9,652.4,325.1,32.0,28.4,0.0,2.0,GOOD
2026-05-29T12:15:00+05:30,PUNE_WEST,976.4,651.1,327.9,32.5,28.6,0.0,2.7,GOOD
2026-05-29T12:30:00+05:30,PUNE_WEST,999.1,649.6,350.4,33.1,30.9,0.0,2.6,GOOD
2026-05-29T12:45:00+05:30,PUNE_WEST,983.8,628.8,356.8,33.2,32.7,0.0,2.0,GOOD
2026-05-29T13:00:00+05:30,PUNE_WEST,969.0,604.8,368.9,33.2,35.5,0.0,2.1,GOOD
2026-05-29T13:15:00+05:30,PUNE_WEST,949.6,567.0,392.1,32.7,40.4,0.0,2.5,GOOD
2026-05-29T13:30:00+05:30,PUNE_WEST,924.8,593.1,349.0,31.8,35.0,0.0,3.3,GOOD
2026-05-29T13:45:00+05:30,PUNE_WEST,927.7,583.5,370.7,33.5,38.4,0.0,3.1,GOOD
2026-05-29T14:00:00+05:30,PUNE_WEST,899.4,561.6,374.4,31.8,41.0,0.0,2.6,GOOD
2026-05-29T14:15:00+05:30,PUNE_WEST,835.9,483.5,395.2,30.5,49.7,0.0,3.8,GOOD
2026-05-29T14:30:00+05:30,PUNE_WEST,764.6,421.0,392.1,31.8,55.8,0.0,1.9,GOOD
2026-05-29T14:45:00+05:30,PUNE_WEST,743.1,424.2,380.5,30.6,55.7,0.0,4.1,GOOD
2026-05-29T15:00:00+05:30,PUNE_WEST,658.6,362.6,360.6,31.1,61.2,0.0,3.7,GOOD
2026-05-29T15:15:00+05:30,PUNE_WEST,626.0,382.5,325.6,30.5,56.9,0.0,3.1,GOOD
2026-05-29T15:30:00+05:30,PUNE_WEST,597.8,367.6,323.4,29.0,60.2,0.0,3.3,GOOD
2026-05-29T15:45:00+05:30,PUNE_WEST,568.1,373.1,305.2,31.4,59.6,0.0,3.5,GOOD
2026-05-29T16:00:00+05:30,PUNE_WEST,543.5,380.2,292.4,29.7,59.7,0.0,3.7,GOOD
2026-05-29T16:15:00+05:30,PUNE_WEST,497.7,388.1,259.5,28.7,57.1,0.0,4.0,GOOD
2026-05-29T16:30:00+05:30,PUNE_WEST,417.0,360.5,213.2,27.7,55.6,0.0,3.8,GOOD
2026-05-29T16:45:00+05:30,PUNE_WEST,441.1,431.4,219.1,30.3,53.3,0.0,3.6,GOOD
2026-05-29T17:00:00+05:30,PUNE_WEST,340.3,356.6,175.4,28.6,56.2,0.0,4.4,GOOD
2026-05-29T17:15:00+05:30,PUNE_WEST,316.7,372.5,164.6,30.1,56.9,0.0,2.4,GOOD
2026-05-29T17:30:00+05:30,PUNE_WEST,256.3,351.2,132.2,28.3,56.3,0.0,2.8,GOOD
2026-05-29T17:45:00+05:30,PUNE_WEST,215.2,353.0,110.2,25.3,55.7,0.0,3.4,GOOD
2026-05-29T18:00:00+05:30,PUNE_WEST,155.7,279.4,88.5,26.9,64.4,0.0,3.8,GOOD
2026-05-29T18:15:00+05:30,PUNE_WEST,106.0,249.4,60.2,25.2,64.4,0.0,3.5,GOOD
2026-05-29T18:30:00+05:30,PUNE_WEST,82.0,279.1,46.9,24.6,65.0,0.0,3.9,GOOD
2026-05-29T18:45:00+05:30,PUNE_WEST,23.0,91.6,11.8,26.0,56.1,0.0,4.6,GOOD
2026-05-29T19:00:00+05:30,PUNE_WEST,0.6,2.3,0.3,24.3,58.4,0.0,3.9,GOOD
2026-05-29T19:15:00+05:30,PUNE_WEST,0.0,0.0,0.0,25.8,54.4,0.0,4.6,GOOD
2026-05-29T19:30:00+05:30,PUNE_WEST,0.0,0.0,0.0,25.7,54.1,0.0,4.0,GOOD
2026-05-29T19:45:00+05:30,PUNE_WEST,0.0,0.0,0.0,24.3,49.1,0.0,3.8,GOOD
2026-05-29T20:00:00+05:30,PUNE_WEST,0.0,0.0,0.0,22.8,48.1,0.0,3.2,GOOD
2026-05-29T20:15:00+05:30,PUNE_WEST,0.0,0.0,0.0,24.6,50.8,0.0,3.2,GOOD
2026-05-29T20:30:00+05:30,PUNE_WEST,0.0,0.0,0.0,22.0,48.0,0.0,3.5,GOOD
2026-05-29T20:45:00+05:30,PUNE_WEST,0.0,0.0,0.0,22.7,45.8,0.0,3.1,GOOD
2026-05-29T21:00:00+05:30,PUNE_WEST,0.0,0.0,0.0,22.4,47.8,0.0,3.0,GOOD
2026-05-29T21:15:00+05:30,PUNE_WEST,0.0,0.0,0.0,21.6,53.5,0.0,2.7,GOOD
2026-05-29T21:30:00+05:30,PUNE_WEST,0.0,0.0,0.0,22.5,50.6,0.0,3.4,GOOD
2026-05-29T21:45:00+05:30,PUNE_WEST,0.0,0.0,0.0,22.4,50.3,0.0,2.9,GOOD
2026-05-29T22:00:00+05:30,PUNE_WEST,0.0,0.0,0.0,22.2,54.9,0.0,4.0,GOOD
2026-05-29T22:15:00+05:30,PUNE_WEST,0.0,0.0,0.0,20.5,55.4,0.0,2.9,GOOD
2026-05-29T22:30:00+05:30,PUNE_WEST,0.0,0.0,0.0,21.4,55.4,0.0,2.7,GOOD
2026-05-29T22:45:00+05:30,PUNE_WEST,0.0,0.0,0.0,22.9,55.7,0.0,2.6,GOOD
2026-05-29T23:00:00+05:30,PUNE_WEST,0.0,0.0,0.0,20.8,49.5,0.0,3.2,GOOD
2026-05-29T23:15:00+05:30,PUNE_WEST,0.0,0.0,0.0,22.0,44.0,0.0,1.6,GOOD
2026-05-29T23:30:00+05:30,PUNE_WEST,0.0,0.0,0.0,22.3,47.5,0.0,2.0,GOOD
2026-05-29T23:45:00+05:30,PUNE_WEST,0.0,0.0,0.0,21.8,48.6,0.0,3.1,GOOD
2026-05-30T00:00:00+05:30,PUNE_WEST,0.0,0.0,0.0,21.8,32.7,0.0,3.1,GOOD
2026-05-30T00:15:00+05:30,PUNE_WEST,0.0,0.0,0.0,22.9,34.6,0.0,3.5,GOOD
2026-05-30T00:30:00+05:30,PUNE_WEST,0.0,0.0,0.0,22.3,38.7,0.0,3.4,GOOD
2026-05-30T00:45:00+05:30,PUNE_WEST,0.0,0.0,0.0,23.7,39.7,0.0,2.9,GOOD
2026-05-30T01:00:00+05:30,PUNE_WEST,0.0,0.0,0.0,21.9,41.0,0.0,2.8,GOOD
2026-05-30T01:15:00+05:30,PUNE_WEST,0.0,0.0,0.0,22.6,41.5,0.0,3.1,GOOD
2026-05-30T01:30:00+05:30,PUNE_WEST,0.0,0.0,0.0,21.9,41.2,0.0,4.6,GOOD
2026-05-30T01:45:00+05:30,PUNE_WEST,0.0,0.0,0.0,22.4,41.1,0.0,4.1,GOOD
2026-05-30T02:00:00+05:30,PUNE_WEST,0.0,0.0,0.0,22.3,31.6,0.0,3.6,GOOD
2026-05-30T02:15:00+05:30,PUNE_WEST,0.0,0.0,0.0,22.2,29.7,0.0,2.3,GOOD
2026-05-30T02:30:00+05:30,PUNE_WEST,0.0,0.0,0.0,21.5,30.7,0.0,3.3,GOOD
2026-05-30T02:45:00+05:30,PUNE_WEST,0.0,0.0,0.0,23.9,35.8,0.0,2.9,GOOD
2026-05-30T03:00:00+05:30,PUNE_WEST,0.0,0.0,0.0,22.5,39.8,0.0,3.0,GOOD
2026-05-30T03:15:00+05:30,PUNE_WEST,0.0,0.0,0.0,21.9,44.8,0.0,3.8,GOOD
2026-05-30T03:30:00+05:30,PUNE_WEST,0.0,0.0,0.0,21.8,46.5,0.0,3.1,GOOD
2026-05-30T03:45:00+05:30,PUNE_WEST,0.0,0.0,0.0,20.7,48.0,0.0,2.2,GOOD
2026-05-30T04:00:00+05:30,PUNE_WEST,0.0,0.0,0.0,22.0,45.8,0.0,3.9,GOOD
2026-05-30T04:15:00+05:30,PUNE_WEST,0.0,0.0,0.0,23.7,45.3,0.0,2.5,GOOD
2026-05-30T04:30:00+05:30,PUNE_WEST,0.0,0.0,0.0,22.7,41.0,0.0,3.4,GOOD
2026-05-30T04:45:00+05:30,PUNE_WEST,0.0,0.0,0.0,23.2,38.4,0.0,2.2,GOOD
2026-05-30T05:00:00+05:30,PUNE_WEST,0.0,0.0,0.0,23.4,41.8,0.0,3.7,GOOD
2026-05-30T05:15:00+05:30,PUNE_WEST,0.0,0.0,0.0,24.0,44.7,0.0,2.1,GOOD
2026-05-30T05:30:00+05:30,PUNE_WEST,0.0,0.0,0.0,23.9,40.8,0.0,4.4,GOOD
2026-05-30T05:45:00+05:30,PUNE_WEST,0.0,0.0,0.0,24.9,48.7,0.0,3.4,GOOD
2026-05-30T06:00:00+05:30,PUNE_WEST,0.0,0.0,0.0,23.4,44.7,0.0,2.1,GOOD
2026-05-30T06:15:00+05:30,PUNE_WEST,13.6,65.1,5.6,25.2,40.8,0.0,2.6,GOOD
2026-05-30T06:30:00+05:30,PUNE_WEST,63.2,303.1,26.2,24.9,40.8,0.0,3.9,GOOD
2026-05-30T06:45:00+05:30,PUNE_WEST,126.6,434.0,54.3,26.2,42.9,0.0,2.5,GOOD
2026-05-30T07:00:00+05:30,PUNE_WEST,153.6,412.2,61.2,26.5,38.3,0.0,2.8,GOOD
2026-05-30T07:15:00+05:30,PUNE_WEST,237.6,512.5,93.6,26.7,37.5,0.0,3.3,GOOD
2026-05-30T07:30:00+05:30,PUNE_WEST,307.1,536.0,126.4,26.1,40.2,0.0,2.9,GOOD
2026-05-30T07:45:00+05:30,PUNE_WEST,349.9,553.4,132.7,26.7,35.3,0.0,3.7,GOOD
2026-05-30T08:00:00+05:30,PUNE_WEST,400.2,573.1,144.2,27.8,32.4,0.0,1.7,GOOD
2026-05-30T08:15:00+05:30,PUNE_WEST,454.4,559.1,175.2,27.6,36.2,0.0,2.8,GOOD
2026-05-30T08:30:00+05:30,PUNE_WEST,479.5,526.2,189.9,28.5,37.8,0.0,2.5,GOOD
2026-05-30T08:45:00+05:30,PUNE_WEST,534.9,546.0,207.5,28.5,36.6,0.0,4.0,GOOD
2026-05-30T09:00:00+05:30,PUNE_WEST,587.5,554.0,229.2,28.7,36.9,0.0,3.6,GOOD
2026-05-30T09:15:00+05:30,PUNE_WEST,667.3,595.5,255.3,28.5,35.8,0.0,2.5,GOOD
2026-05-30T09:30:00+05:30,PUNE_WEST,725.4,625.1,266.4,31.3,33.4,0.0,3.3,GOOD
2026-05-30T09:45:00+05:30,PUNE_WEST,708.7,586.1,255.1,30.9,32.3,0.0,2.7,GOOD
2026-05-30T10:00:00+05:30,PUNE_WEST,751.8,557.3,299.8,31.3,38.3,0.0,2.1,GOOD
2026-05-30T10:15:00+05:30,PUNE_WEST,763.0,525.5,318.9,30.8,41.2,0.0,3.1,GOOD
2026-05-30T10:30:00+05:30,PUNE_WEST,843.8,585.5,330.9,30.6,37.3,0.0,3.5,GOOD
2026-05-30T10:45:00+05:30,PUNE_WEST,856.7,578.7,333.7,32.5,36.9,0.0,2.5,GOOD
2026-05-30T11:00:00+05:30,PUNE_WEST,893.6,570.2,364.4,31.9,39.7,0.0,1.7,GOOD
2026-05-30T11:15:00+05:30,PUNE_WEST,895.2,542.2,380.7,31.0,42.3,0.0,2.3,GOOD
2026-05-30T11:30:00+05:30,PUNE_WEST,946.8,612.9,354.6,32.4,34.5,0.0,4.0,GOOD
2026-05-30T11:45:00+05:30,PUNE_WEST,951.4,616.0,347.9,32.5,33.2,0.0,2.6,GOOD
2026-05-30T12:00:00+05:30,PUNE_WEST,954.8,592.5,368.4,33.5,36.3,0.0,2.8,GOOD
2026-05-30T12:15:00+05:30,PUNE_WEST,965.1,572.1,395.4,30.4,39.9,0.0,3.3,GOOD
2026-05-30T12:30:00+05:30,PUNE_WEST,972.0,593.8,379.1,32.0,36.9,0.0,3.1,GOOD
2026-05-30T12:45:00+05:30,PUNE_WEST,977.0,594.1,384.7,31.9,37.5,0.0,3.3,GOOD
2026-05-30T13:00:00+05:30,PUNE_WEST,973.3,573.2,404.7,32.8,40.9,0.0,1.0,GOOD
2026-05-30T13:15:00+05:30,PUNE_WEST,937.1,534.7,411.4,32.6,44.5,0.0,2.5,GOOD
2026-05-30T13:30:00+05:30,PUNE_WEST,918.7,535.0,399.4,32.5,43.8,0.0,3.3,GOOD
2026-05-30T13:45:00+05:30,PUNE_WEST,886.3,512.7,396.9,30.0,45.8,0.0,2.1,GOOD
2026-05-30T14:00:00+05:30,PUNE_WEST,862.2,505.9,389.3,31.3,46.4,0.0,2.8,GOOD
2026-05-30T14:15:00+05:30,PUNE_WEST,831.2,499.1,376.3,32.3,46.6,0.0,3.5,GOOD
2026-05-30T14:30:00+05:30,PUNE_WEST,783.2,462.4,374.0,30.5,50.4,0.0,3.8,GOOD
2026-05-30T14:45:00+05:30,PUNE_WEST,727.4,427.5,361.9,30.9,53.5,0.0,3.2,GOOD
2026-05-30T15:00:00+05:30,PUNE_WEST,737.6,485.3,338.7,30.4,47.6,0.0,2.3,GOOD
2026-05-30T15:15:00+05:30,PUNE_WEST,700.0,481.0,322.1,31.8,47.7,0.0,2.4,GOOD
2026-05-30T15:30:00+05:30,PUNE_WEST,676.2,499.4,303.2,31.8,45.9,0.0,3.3,GOOD
2026-05-30T15:45:00+05:30,PUNE_WEST,622.6,466.4,293.7,30.4,49.5,0.0,2.9,GOOD
2026-05-30T16:00:00+05:30,PUNE_WEST,613.2,500.5,282.4,31.2,47.8,0.0,4.7,GOOD
2026-05-30T16:15:00+05:30,PUNE_WEST,532.5,460.6,249.4,31.4,49.0,0.0,2.7,GOOD
2026-05-30T16:30:00+05:30,PUNE_WEST,481.0,456.3,222.8,28.8,48.2,0.0,3.2,GOOD
2026-05-30T16:45:00+05:30,PUNE_WEST,416.4,402.5,209.0,27.7,54.1,0.0,3.2,GOOD
2026-05-30T17:00:00+05:30,PUNE_WEST,365.5,385.5,186.9,29.4,55.6,0.0,4.3,GOOD
2026-05-30T17:15:00+05:30,PUNE_WEST,320.4,365.4,170.8,27.4,58.9,0.0,3.1,GOOD
2026-05-30T17:30:00+05:30,PUNE_WEST,277.5,385.5,140.9,27.6,55.0,0.0,4.2,GOOD
2026-05-30T17:45:00+05:30,PUNE_WEST,241.6,438.7,110.6,26.7,47.4,0.0,1.8,GOOD
2026-05-30T18:00:00+05:30,PUNE_WEST,198.2,429.4,94.4,26.9,50.2,0.0,4.1,GOOD
2026-05-30T18:15:00+05:30,PUNE_WEST,113.8,322.6,54.2,26.0,50.3,0.0,2.6,GOOD
2026-05-30T18:30:00+05:30,PUNE_WEST,73.1,292.3,36.0,26.2,52.7,0.0,2.6,GOOD
2026-05-30T18:45:00+05:30,PUNE_WEST,52.8,217.7,26.3,24.4,53.5,0.0,3.1,GOOD
2026-05-30T19:00:00+05:30,PUNE_WEST,10.9,45.6,5.3,26.3,52.2,0.0,2.6,GOOD
2026-05-30T19:15:00+05:30,PUNE_WEST,0.0,0.0,0.0,26.5,52.7,0.0,4.3,GOOD
2026-05-30T19:30:00+05:30,PUNE_WEST,0.0,0.0,0.0,24.8,58.1,0.0,3.9,GOOD
2026-05-30T19:45:00+05:30,PUNE_WEST,0.0,0.0,0.0,24.5,51.6,0.0,3.6,GOOD
2026-05-30T20:00:00+05:30,PUNE_WEST,0.0,0.0,0.0,23.7,50.7,0.0,3.3,GOOD
2026-05-30T20:15:00+05:30,PUNE_WEST,0.0,0.0,0.0,23.5,50.4,0.0,2.3,GOOD
2026-05-30T20:30:00+05:30,PUNE_WEST,0.0,0.0,0.0,22.0,43.3,0.0,3.6,GOOD
2026-05-30T20:45:00+05:30,PUNE_WEST,0.0,0.0,0.0,22.3,41.8,0.0,2.7,GOOD
2026-05-30T21:00:00+05:30,PUNE_WEST,0.0,0.0,0.0,21.6,41.6,0.0,2.6,GOOD
2026-05-30T21:15:00+05:30,PUNE_WEST,0.0,0.0,0.0,21.2,40.7,0.0,3.2,GOOD
2026-05-30T21:30:00+05:30,PUNE_WEST,0.0,0.0,0.0,23.1,38.7,0.0,2.7,GOOD
2026-05-30T21:45:00+05:30,PUNE_WEST,0.0,0.0,0.0,21.8,42.0,0.0,2.8,GOOD
2026-05-30T22:00:00+05:30,PUNE_WEST,0.0,0.0,0.0,21.8,43.4,0.0,2.9,GOOD
2026-05-30T22:15:00+05:30,PUNE_WEST,0.0,0.0,0.0,22.4,47.5,0.0,3.4,GOOD
2026-05-30T22:30:00+05:30,PUNE_WEST,0.0,0.0,0.0,23.0,47.5,0.0,2.8,GOOD
2026-05-30T22:45:00+05:30,PUNE_WEST,0.0,0.0,0.0,21.3,50.0,0.0,2.3,GOOD
2026-05-30T23:00:00+05:30,PUNE_WEST,0.0,0.0,0.0,22.3,49.7,0.0,4.3,GOOD
2026-05-30T23:15:00+05:30,PUNE_WEST,0.0,0.0,0.0,20.5,45.2,0.0,4.8,GOOD
2026-05-30T23:30:00+05:30,PUNE_WEST,0.0,0.0,0.0,22.7,56.7,0.0,3.0,GOOD
2026-05-30T23:45:00+05:30,PUNE_WEST,0.0,0.0,0.0,22.9,53.1,0.0,2.8,GOOD
2026-05-31T00:00:00+05:30,PUNE_WEST,0.0,0.0,0.0,23.8,16.5,0.0,2.8,GOOD
2026-05-31T00:15:00+05:30,PUNE_WEST,0.0,0.0,0.0,22.2,19.4,0.0,1.5,GOOD
2026-05-31T00:30:00+05:30,PUNE_WEST,0.0,0.0,0.0,22.2,20.7,0.0,2.7,SUSPECT
2026-05-31T00:45:00+05:30,PUNE_WEST,0.0,0.0,0.0,24.5,17.7,0.0,1.9,GOOD
2026-05-31T01:00:00+05:30,PUNE_WEST,0.0,0.0,0.0,24.7,9.8,0.0,1.9,GOOD
2026-05-31T01:15:00+05:30,PUNE_WEST,0.0,0.0,0.0,22.5,10.5,0.0,2.5,GOOD
2026-05-31T01:30:00+05:30,PUNE_WEST,0.0,0.0,0.0,23.1,7.5,0.0,2.4,GOOD
2026-05-31T01:45:00+05:30,PUNE_WEST,0.0,0.0,0.0,23.8,9.6,0.0,2.0,GOOD
2026-05-31T02:00:00+05:30,PUNE_WEST,0.0,0.0,0.0,22.9,15.8,0.0,3.2,GOOD
2026-05-31T02:15:00+05:30,PUNE_WEST,0.0,0.0,0.0,22.5,10.4,0.0,2.3,GOOD
2026-05-31T02:30:00+05:30,PUNE_WEST,0.0,0.0,0.0,24.1,8.4,0.0,3.2,GOOD
2026-05-31T02:45:00+05:30,PUNE_WEST,0.0,0.0,0.0,23.6,12.9,0.0,2.8,GOOD
2026-05-31T03:00:00+05:30,PUNE_WEST,0.0,0.0,0.0,24.3,9.8,0.0,2.6,GOOD
2026-05-31T03:15:00+05:30,PUNE_WEST,0.0,0.0,0.0,23.5,19.5,0.0,3.1,GOOD
2026-05-31T03:30:00+05:30,PUNE_WEST,0.0,0.0,0.0,22.9,17.6,0.0,1.4,GOOD
2026-05-31T03:45:00+05:30,PUNE_WEST,0.0,0.0,0.0,23.1,15.8,0.0,2.2,GOOD
2026-05-31T04:00:00+05:30,PUNE_WEST,0.0,0.0,0.0,22.9,15.4,0.0,2.6,GOOD
2026-05-31T04:15:00+05:30,PUNE_WEST,0.0,0.0,0.0,21.8,20.9,0.0,3.0,GOOD
2026-05-31T04:30:00+05:30,PUNE_WEST,0.0,0.0,0.0,23.7,16.6,0.0,2.9,GOOD
2026-05-31T04:45:00+05:30,PUNE_WEST,0.0,0.0,0.0,22.9,15.4,0.0,2.8,GOOD
2026-05-31T05:00:00+05:30,PUNE_WEST,0.0,0.0,0.0,22.3,13.0,0.0,2.8,GOOD
2026-05-31T05:15:00+05:30,PUNE_WEST,0.0,0.0,0.0,23.0,17.0,0.0,2.3,GOOD
2026-05-31T05:30:00+05:30,PUNE_WEST,0.0,0.0,0.0,24.5,14.7,0.0,2.9,GOOD
2026-05-31T05:45:00+05:30,PUNE_WEST,0.0,0.0,0.0,24.8,14.6,0.0,2.5,GOOD
2026-05-31T06:00:00+05:30,PUNE_WEST,0.0,0.0,0.0,24.2,10.8,0.0,0.7,GOOD
2026-05-31T06:15:00+05:30,PUNE_WEST,35.8,231.8,7.6,25.1,9.4,0.0,2.5,GOOD
2026-05-31T06:30:00+05:30,PUNE_WEST,104.6,708.0,18.3,25.8,3.9,0.0,1.8,GOOD
2026-05-31T06:45:00+05:30,PUNE_WEST,129.3,636.1,23.2,26.0,4.5,0.0,1.8,GOOD
2026-05-31T07:00:00+05:30,PUNE_WEST,199.8,733.9,35.3,26.3,4.1,0.0,2.5,GOOD
2026-05-31T07:15:00+05:30,PUNE_WEST,240.7,706.8,42.0,26.7,3.8,0.0,1.4,GOOD
2026-05-31T07:30:00+05:30,PUNE_WEST,299.2,715.8,57.8,28.1,6.6,0.0,1.3,GOOD
2026-05-31T07:45:00+05:30,PUNE_WEST,338.4,705.7,61.4,28.0,4.8,0.0,3.1,GOOD
2026-05-31T08:00:00+05:30,PUNE_WEST,412.0,728.5,86.6,28.2,9.3,0.0,2.3,GOOD
2026-05-31T08:15:00+05:30,PUNE_WEST,436.7,663.2,105.5,29.0,14.1,0.0,3.1,GOOD
2026-05-31T08:30:00+05:30,PUNE_WEST,499.6,664.9,133.7,28.7,18.1,0.0,3.3,GOOD
2026-05-31T08:45:00+05:30,PUNE_WEST,558.2,700.2,138.4,30.1,15.1,0.0,3.0,GOOD
2026-05-31T09:00:00+05:30,PUNE_WEST,594.5,667.0,163.1,30.3,19.1,0.0,1.9,GOOD
2026-05-31T09:15:00+05:30,PUNE_WEST,674.6,735.0,166.3,30.9,14.8,0.0,3.0,GOOD
2026-05-31T09:30:00+05:30,PUNE_WEST,702.9,777.9,132.0,31.1,5.8,0.0,1.9,GOOD
2026-05-31T09:45:00+05:30,PUNE_WEST,749.8,765.4,157.5,31.4,9.2,0.0,2.3,GOOD
2026-05-31T10:00:00+05:30,PUNE_WEST,817.0,778.2,186.1,30.4,12.0,0.0,2.5,GOOD
2026-05-31T10:15:00+05:30,PUNE_WEST,837.3,743.5,209.2,30.5,15.4,0.0,2.5,GOOD
2026-05-31T10:30:00+05:30,PUNE_WEST,860.4,751.2,202.5,33.0,13.1,0.0,2.5,GOOD
2026-05-31T10:45:00+05:30,PUNE_WEST,895.3,706.7,256.9,31.0,21.1,0.0,2.6,GOOD
2026-05-31T11:00:00+05:30,PUNE_WEST,949.6,737.8,265.1,32.0,19.9,0.0,3.1,GOOD
2026-05-31T11:15:00+05:30,PUNE_WEST,963.1,731.8,269.0,32.1,19.9,0.0,3.5,GOOD
2026-05-31T11:30:00+05:30,PUNE_WEST,974.1,733.4,265.7,32.8,18.9,0.0,2.4,GOOD
2026-05-31T11:45:00+05:30,PUNE_WEST,980.4,715.9,279.1,33.6,20.7,0.0,3.2,GOOD
2026-05-31T12:00:00+05:30,PUNE_WEST,987.8,697.8,297.3,34.3,23.2,0.0,2.2,GOOD
2026-05-31T12:15:00+05:30,PUNE_WEST,1013.8,684.2,332.5,32.1,27.4,0.0,4.6,GOOD
2026-05-31T12:30:00+05:30,PUNE_WEST,991.9,655.3,337.8,32.6,29.3,0.0,2.3,GOOD
2026-05-31T12:45:00+05:30,PUNE_WEST,984.2,628.4,357.7,33.9,32.8,0.0,1.7,GOOD
2026-05-31T13:00:00+05:30,PUNE_WEST,961.2,633.7,332.6,33.3,30.2,0.0,2.6,GOOD
2026-05-31T13:15:00+05:30,PUNE_WEST,972.2,668.0,315.4,32.2,26.8,0.0,2.9,GOOD
2026-05-31T13:30:00+05:30,PUNE_WEST,950.4,698.2,272.6,32.3,21.1,0.0,3.1,GOOD
2026-05-31T13:45:00+05:30,PUNE_WEST,957.0,729.0,261.1,32.1,18.9,0.0,2.7,GOOD
2026-05-31T14:00:00+05:30,PUNE_WEST,922.5,711.0,257.7,31.1,19.9,0.0,1.9,GOOD
2026-05-31T14:15:00+05:30,PUNE_WEST,916.2,728.0,252.4,33.9,19.3,0.0,1.8,GOOD
2026-05-31T14:30:00+05:30,PUNE_WEST,880.8,715.5,247.4,31.8,20.1,0.0,2.9,GOOD
2026-05-31T14:45:00+05:30,PUNE_WEST,855.2,749.0,214.6,33.4,15.5,0.0,3.3,GOOD
2026-05-31T15:00:00+05:30,PUNE_WEST,811.3,716.5,222.2,32.3,19.1,0.0,2.6,GOOD
2026-05-31T15:15:00+05:30,PUNE_WEST,758.7,688.0,217.7,32.0,21.1,0.0,2.1,GOOD
2026-05-31T15:30:00+05:30,PUNE_WEST,706.5,704.5,180.0,33.2,16.1,0.0,2.6,GOOD
2026-05-31T15:45:00+05:30,PUNE_WEST,648.6,663.9,180.0,31.8,19.6,0.0,2.8,GOOD
2026-05-31T16:00:00+05:30,PUNE_WEST,605.7,629.1,189.4,30.6,25.0,0.0,3.4,GOOD
2026-05-31T16:15:00+05:30,PUNE_WEST,570.9,655.3,167.7,30.5,22.1,0.0,2.6,GOOD
2026-05-31T16:30:00+05:30,PUNE_WEST,521.0,658.1,148.1,31.0,20.7,0.0,2.2,SUSPECT
2026-05-31T16:45:00+05:30,PUNE_WEST,479.3,660.5,138.3,29.5,21.3,0.0,3.0,GOOD
2026-05-31T17:00:00+05:30,PUNE_WEST,402.7,589.3,129.3,29.0,26.3,0.0,1.8,GOOD
2026-05-31T17:15:00+05:30,PUNE_WEST,364.3,666.1,90.9,29.8,15.3,0.0,4.1,GOOD
2026-05-31T17:30:00+05:30,PUNE_WEST,312.1,637.0,85.6,27.8,19.1,0.0,3.7,GOOD
2026-05-31T17:45:00+05:30,PUNE_WEST,253.2,599.5,73.5,27.8,21.6,0.0,2.9,GOOD
2026-05-31T18:00:00+05:30,PUNE_WEST,211.5,653.3,52.8,27.8,15.3,0.0,1.7,GOOD
2026-05-31T18:15:00+05:30,PUNE_WEST,137.4,540.4,37.0,26.9,18.4,0.0,2.6,GOOD
2026-05-31T18:30:00+05:30,PUNE_WEST,80.5,434.4,24.8,27.4,24.3,0.0,1.4,GOOD
2026-05-31T18:45:00+05:30,PUNE_WEST,39.8,225.1,12.3,27.1,24.6,0.0,3.3,GOOD
2026-05-31T19:00:00+05:30,PUNE_WEST,3.1,16.5,1.1,26.6,30.9,0.0,3.3,GOOD
2026-05-31T19:15:00+05:30,PUNE_WEST,0.0,0.0,0.0,26.4,32.0,0.0,3.6,GOOD
2026-05-31T19:30:00+05:30,PUNE_WEST,0.0,0.0,0.0,26.2,27.0,0.0,2.6,GOOD
2026-05-31T19:45:00+05:30,PUNE_WEST,0.0,0.0,0.0,25.2,32.1,0.0,2.5,GOOD
2026-05-31T20:00:00+05:30,PUNE_WEST,0.0,0.0,0.0,23.7,27.1,0.0,2.6,GOOD
2026-05-31T20:15:00+05:30,PUNE_WEST,0.0,0.0,0.0,24.2,25.7,0.0,1.5,GOOD
2026-05-31T20:30:00+05:30,PUNE_WEST,0.0,0.0,0.0,23.9,28.3,0.0,4.0,GOOD
2026-05-31T20:45:00+05:30,PUNE_WEST,0.0,0.0,0.0,24.4,25.9,0.0,3.6,GOOD
2026-05-31T21:00:00+05:30,PUNE_WEST,0.0,0.0,0.0,23.2,29.0,0.0,3.3,GOOD
2026-05-31T21:15:00+05:30,PUNE_WEST,0.0,0.0,0.0,22.3,20.5,0.0,2.8,GOOD
2026-05-31T21:30:00+05:30,PUNE_WEST,0.0,0.0,0.0,22.6,20.7,0.0,2.3,GOOD
2026-05-31T21:45:00+05:30,PUNE_WEST,0.0,0.0,0.0,23.2,19.7,0.0,2.7,GOOD
2026-05-31T22:00:00+05:30,PUNE_WEST,0.0,0.0,0.0,23.2,15.2,0.0,2.8,GOOD
2026-05-31T22:15:00+05:30,PUNE_WEST,0.0,0.0,0.0,23.3,15.9,0.0,1.9,GOOD
2026-05-31T22:30:00+05:30,PUNE_WEST,0.0,0.0,0.0,21.1,14.6,0.0,2.2,GOOD
2026-05-31T22:45:00+05:30,PUNE_WEST,0.0,0.0,0.0,22.9,14.7,0.0,2.4,GOOD
2026-05-31T23:00:00+05:30,PUNE_WEST,0.0,0.0,0.0,22.4,19.9,0.0,2.4,GOOD
2026-05-31T23:15:00+05:30,PUNE_WEST,0.0,0.0,0.0,23.7,16.9,0.0,2.3,GOOD
2026-05-31T23:30:00+05:30,PUNE_WEST,0.0,0.0,0.0,22.7,17.0,0.0,3.0,GOOD
2026-05-31T23:45:00+05:30,PUNE_WEST,0.0,0.0,0.0,21.5,17.0,0.0,3.7,GOOD
2026-06-01T00:00:00+05:30,PUNE_WEST,0.0,0.0,0.0,22.2,26.2,0.0,2.6,GOOD
2026-06-01T00:15:00+05:30,PUNE_WEST,0.0,0.0,0.0,20.6,26.5,0.0,2.2,GOOD
2026-06-01T00:30:00+05:30,PUNE_WEST,0.0,0.0,0.0,20.3,31.3,0.0,3.1,GOOD
2026-06-01T00:45:00+05:30,PUNE_WEST,0.0,0.0,0.0,20.7,28.4,0.0,3.2,GOOD
2026-06-01T01:00:00+05:30,PUNE_WEST,0.0,0.0,0.0,22.6,31.4,0.0,2.9,GOOD
2026-06-01T01:15:00+05:30,PUNE_WEST,0.0,0.0,0.0,20.8,34.6,0.0,3.2,GOOD
2026-06-01T01:30:00+05:30,PUNE_WEST,0.0,0.0,0.0,20.2,44.9,0.0,3.1,GOOD
2026-06-01T01:45:00+05:30,PUNE_WEST,0.0,0.0,0.0,20.6,40.6,0.0,1.4,GOOD
2026-06-01T02:00:00+05:30,PUNE_WEST,0.0,0.0,0.0,20.4,38.7,0.0,3.2,GOOD
2026-06-01T02:15:00+05:30,PUNE_WEST,0.0,0.0,0.0,20,34.8,0.0,2.9,GOOD
2026-06-01T02:30:00+05:30,PUNE_WEST,0.0,0.0,0.0,20,41.1,0.0,3.2,GOOD
2026-06-01T02:45:00+05:30,PUNE_WEST,0.0,0.0,0.0,21.5,43.4,0.0,3.5,GOOD
2026-06-01T03:00:00+05:30,PUNE_WEST,0.0,0.0,0.0,20.3,42.7,0.0,2.7,GOOD
2026-06-01T03:15:00+05:30,PUNE_WEST,0.0,0.0,0.0,21.5,45.9,0.0,3.1,GOOD
2026-06-01T03:30:00+05:30,PUNE_WEST,0.0,0.0,0.0,20.9,45.0,0.0,3.5,GOOD
2026-06-01T03:45:00+05:30,PUNE_WEST,0.0,0.0,0.0,20.2,44.7,0.0,2.1,GOOD
2026-06-01T04:00:00+05:30,PUNE_WEST,0.0,0.0,0.0,21.3,48.2,0.0,2.9,GOOD
2026-06-01T04:15:00+05:30,PUNE_WEST,0.0,0.0,0.0,20.4,47.0,0.0,2.6,GOOD
2026-06-01T04:30:00+05:30,PUNE_WEST,0.0,0.0,0.0,20,47.6,0.0,3.2,GOOD
2026-06-01T04:45:00+05:30,PUNE_WEST,0.0,0.0,0.0,20,45.6,0.0,2.8,GOOD
2026-06-01T05:00:00+05:30,PUNE_WEST,0.0,0.0,0.0,22.8,43.2,0.0,2.9,GOOD
2026-06-01T05:15:00+05:30,PUNE_WEST,0.0,0.0,0.0,23.3,34.6,0.0,2.3,GOOD
2026-06-01T05:30:00+05:30,PUNE_WEST,0.0,0.0,0.0,20.8,32.5,0.0,3.3,GOOD
2026-06-01T05:45:00+05:30,PUNE_WEST,0.0,0.0,0.0,21.8,28.7,0.0,2.4,GOOD
2026-06-01T06:00:00+05:30,PUNE_WEST,0.0,0.0,0.0,24.6,26.0,0.0,1.3,GOOD
2026-06-01T06:15:00+05:30,PUNE_WEST,32.6,178.5,10.8,23.5,28.0,0.0,1.8,GOOD
2026-06-01T06:30:00+05:30,PUNE_WEST,83.4,450.3,28.6,22.8,29.6,0.0,3.4,GOOD
2026-06-01T06:45:00+05:30,PUNE_WEST,154.4,598.1,54.5,23.6,31.2,0.0,2.3,GOOD
2026-06-01T07:00:00+05:30,PUNE_WEST,173.5,530.7,54.4,25.0,25.2,0.0,3.0,GOOD
2026-06-01T07:15:00+05:30,PUNE_WEST,227.0,531.0,77.8,24.2,29.6,0.0,3.1,GOOD
2026-06-01T07:30:00+05:30,PUNE_WEST,301.3,599.8,99.0,25.7,27.5,0.0,3.8,GOOD
2026-06-01T07:45:00+05:30,PUNE_WEST,346.3,612.5,106.0,26.4,24.0,0.0,2.6,GOOD
2026-06-01T08:00:00+05:30,PUNE_WEST,380.1,609.1,108.1,26.6,20.7,0.0,2.4,GOOD
2026-06-01T08:15:00+05:30,PUNE_WEST,412.1,569.1,128.0,26.9,24.7,0.0,3.1,GOOD
2026-06-01T08:30:00+05:30,PUNE_WEST,487.4,602.7,155.8,27.2,26.1,0.0,3.1,GOOD
2026-06-01T08:45:00+05:30,PUNE_WEST,559.0,629.9,181.5,28.2,26.9,0.0,2.2,GOOD
2026-06-01T09:00:00+05:30,PUNE_WEST,629.6,640.5,215.6,28.0,29.6,0.0,3.0,GOOD
2026-06-01T09:15:00+05:30,PUNE_WEST,671.6,685.4,197.7,28.3,22.2,0.0,3.1,GOOD
2026-06-01T09:30:00+05:30,PUNE_WEST,705.5,688.0,200.7,29.4,20.7,0.0,1.0,GOOD
2026-06-01T09:45:00+05:30,PUNE_WEST,733.0,643.1,235.6,29.5,26.4,0.0,2.0,GOOD
2026-06-01T10:00:00+05:30,PUNE_WEST,800.7,650.5,273.5,28.9,29.5,0.0,2.6,GOOD
2026-06-01T10:15:00+05:30,PUNE_WEST,790.6,595.2,288.0,30.1,33.0,0.0,1.9,GOOD
2026-06-01T10:30:00+05:30,PUNE_WEST,807.8,544.6,331.1,28.8,40.0,0.0,3.0,GOOD
2026-06-01T10:45:00+05:30,PUNE_WEST,852.8,566.9,340.8,29.4,38.4,0.0,1.1,GOOD
2026-06-01T11:00:00+05:30,PUNE_WEST,863.3,539.5,362.9,29.3,41.6,0.0,2.4,GOOD
2026-06-01T11:15:00+05:30,PUNE_WEST,893.8,548.4,373.7,29.7,41.3,0.0,2.0,GOOD
2026-06-01T11:30:00+05:30,PUNE_WEST,930.2,558.9,390.5,30.8,41.5,0.0,3.9,GOOD
2026-06-01T11:45:00+05:30,PUNE_WEST,954.6,581.8,384.9,30.4,39.0,0.0,3.5,GOOD
2026-06-01T12:00:00+05:30,PUNE_WEST,956.1,556.8,405.3,31.4,42.1,0.0,3.0,GOOD
2026-06-01T12:15:00+05:30,PUNE_WEST,931.7,529.2,404.8,31.4,43.8,0.0,3.0,GOOD
2026-06-01T12:30:00+05:30,PUNE_WEST,965.0,569.3,396.8,30.4,40.2,0.0,2.9,GOOD
2026-06-01T12:45:00+05:30,PUNE_WEST,983.7,587.5,398.1,30.4,39.2,0.0,2.1,GOOD
2026-06-01T13:00:00+05:30,PUNE_WEST,915.7,504.5,415.3,30.9,46.7,0.0,3.3,GOOD
2026-06-01T13:15:00+05:30,PUNE_WEST,918.7,509.9,417.3,31.0,46.8,0.0,3.0,GOOD
2026-06-01T13:30:00+05:30,PUNE_WEST,907.4,531.8,391.2,30.1,43.2,0.0,2.5,GOOD
2026-06-01T13:45:00+05:30,PUNE_WEST,890.9,551.5,364.4,31.1,39.9,0.0,4.1,GOOD
2026-06-01T14:00:00+05:30,PUNE_WEST,883.8,515.5,401.8,31.1,46.9,0.0,3.0,GOOD
2026-06-01T14:15:00+05:30,PUNE_WEST,872.9,562.3,360.1,29.7,40.4,0.0,2.1,GOOD
2026-06-01T14:30:00+05:30,PUNE_WEST,799.7,486.9,368.5,29.5,47.8,0.0,3.1,GOOD
2026-06-01T14:45:00+05:30,PUNE_WEST,813.3,523.6,365.3,31.0,46.0,0.0,2.6,GOOD
2026-06-01T15:00:00+05:30,PUNE_WEST,740.2,483.8,342.3,31.1,48.1,0.0,3.3,GOOD
2026-06-01T15:15:00+05:30,PUNE_WEST,719.1,519.3,310.6,29.4,43.4,0.0,3.4,GOOD
2026-06-01T15:30:00+05:30,PUNE_WEST,695.5,543.1,289.4,28.6,40.9,0.0,3.6,GOOD
2026-06-01T15:45:00+05:30,PUNE_WEST,624.1,461.0,298.5,27.1,50.5,0.0,3.9,GOOD
2026-06-01T16:00:00+05:30,PUNE_WEST,554.4,434.5,266.6,28.3,50.9,0.0,3.6,GOOD
2026-06-01T16:15:00+05:30,PUNE_WEST,514.6,431.6,248.8,29.0,51.3,0.0,3.8,GOOD
2026-06-01T16:30:00+05:30,PUNE_WEST,439.1,392.8,216.3,28.0,52.7,0.0,2.9,GOOD
2026-06-01T16:45:00+05:30,PUNE_WEST,420.4,405.8,210.5,28.8,54.0,0.0,3.4,GOOD
2026-06-01T17:00:00+05:30,PUNE_WEST,365.6,406.1,176.8,28.1,51.3,0.0,3.1,GOOD
2026-06-01T17:15:00+05:30,PUNE_WEST,288.2,362.2,139.2,25.8,51.2,0.0,2.4,GOOD
2026-06-01T17:30:00+05:30,PUNE_WEST,271.2,395.8,130.0,26.9,50.7,0.0,4.4,GOOD
2026-06-01T17:45:00+05:30,PUNE_WEST,213.5,359.5,105.4,25.8,52.9,0.0,3.5,GOOD
2026-06-01T18:00:00+05:30,PUNE_WEST,178.8,365.0,89.7,27.0,54.1,0.0,3.2,GOOD
2026-06-01T18:15:00+05:30,PUNE_WEST,124.4,322.0,64.2,25.2,56.3,0.0,3.7,GOOD
2026-06-01T18:30:00+05:30,PUNE_WEST,91.3,312.3,50.9,24.7,62.6,0.0,3.2,GOOD
2026-06-01T18:45:00+05:30,PUNE_WEST,25.9,93.3,14.5,22.6,63.2,0.0,3.5,GOOD
2026-06-01T19:00:00+05:30,PUNE_WEST,21.1,85.2,10.7,23.0,55.1,0.0,2.8,GOOD
2026-06-01T19:15:00+05:30,PUNE_WEST,0.0,0.0,0.0,22.6,52.1,0.0,2.5,GOOD
2026-06-01T19:30:00+05:30,PUNE_WEST,0.0,0.0,0.0,21.2,54.1,0.0,5.0,GOOD
2026-06-01T19:45:00+05:30,PUNE_WEST,0.0,0.0,0.0,22.1,57.7,0.0,3.7,GOOD
2026-06-01T20:00:00+05:30,PUNE_WEST,0.0,0.0,0.0,21.9,52.5,0.0,2.8,GOOD
2026-06-01T20:15:00+05:30,PUNE_WEST,0.0,0.0,0.0,21.7,52.7,0.0,3.5,GOOD
2026-06-01T20:30:00+05:30,PUNE_WEST,0.0,0.0,0.0,21.1,54.2,0.0,3.6,GOOD
2026-06-01T20:45:00+05:30,PUNE_WEST,0.0,0.0,0.0,21.0,51.2,0.0,2.6,GOOD
2026-06-01T21:00:00+05:30,PUNE_WEST,0.0,0.0,0.0,20.7,53.1,0.0,4.5,GOOD
2026-06-01T21:15:00+05:30,PUNE_WEST,0.0,0.0,0.0,20.4,54.0,0.0,2.4,GOOD
2026-06-01T21:30:00+05:30,PUNE_WEST,0.0,0.0,0.0,20,54.7,0.0,3.6,GOOD
2026-06-01T21:45:00+05:30,PUNE_WEST,0.0,0.0,0.0,20.7,53.4,0.0,3.7,GOOD
2026-06-01T22:00:00+05:30,PUNE_WEST,0.0,0.0,0.0,20.7,48.0,0.0,2.5,GOOD
2026-06-01T22:15:00+05:30,PUNE_WEST,0.0,0.0,0.0,20,50.4,0.0,3.7,GOOD
2026-06-01T22:30:00+05:30,PUNE_WEST,0.0,0.0,0.0,20,53.9,0.0,3.5,GOOD
2026-06-01T22:45:00+05:30,PUNE_WEST,0.0,0.0,0.0,20.2,51.0,0.0,3.7,GOOD
2026-06-01T23:00:00+05:30,PUNE_WEST,0.0,0.0,0.0,21.4,52.0,0.0,3.3,GOOD
2026-06-01T23:15:00+05:30,PUNE_WEST,0.0,0.0,0.0,20,52.1,0.0,3.7,GOOD
2026-06-01T23:30:00+05:30,PUNE_WEST,0.0,0.0,0.0,20.4,50.7,0.0,4.0,GOOD
2026-06-01T23:45:00+05:30,PUNE_WEST,0.0,0.0,0.0,20,55.9,0.0,2.6,GOOD
2026-06-02T00:00:00+05:30,PUNE_WEST,0.0,0.0,0.0,20,76.3,0.0,3.7,GOOD
2026-06-02T00:15:00+05:30,PUNE_WEST,0.0,0.0,0.0,20,79.0,0.0,3.5,GOOD
2026-06-02T00:30:00+05:30,PUNE_WEST,0.0,0.0,0.0,20,84.7,0.0,3.9,GOOD
2026-06-02T00:45:00+05:30,PUNE_WEST,0.0,0.0,0.0,20,84.5,0.0,3.8,GOOD
2026-06-02T01:00:00+05:30,PUNE_WEST,0.0,0.0,0.0,20,76.8,0.0,4.3,GOOD
2026-06-02T01:15:00+05:30,PUNE_WEST,0.0,0.0,0.0,20,81.7,0.0,4.0,GOOD
2026-06-02T01:30:00+05:30,PUNE_WEST,0.0,0.0,0.0,20.4,75.7,0.0,2.4,GOOD
2026-06-02T01:45:00+05:30,PUNE_WEST,0.0,0.0,0.0,20.9,76.5,0.0,3.7,GOOD
2026-06-02T02:00:00+05:30,PUNE_WEST,0.0,0.0,0.0,20,76.2,0.0,2.6,GOOD
2026-06-02T02:15:00+05:30,PUNE_WEST,0.0,0.0,0.0,20,81.0,0.0,3.7,GOOD
2026-06-02T02:30:00+05:30,PUNE_WEST,0.0,0.0,0.0,20,79.0,0.0,3.2,GOOD
2026-06-02T02:45:00+05:30,PUNE_WEST,0.0,0.0,0.0,20,82.3,0.0,4.2,GOOD
2026-06-02T03:00:00+05:30,PUNE_WEST,0.0,0.0,0.0,20,85.2,0.0,3.2,GOOD
2026-06-02T03:15:00+05:30,PUNE_WEST,0.0,0.0,0.0,20,79.4,0.0,3.1,GOOD
2026-06-02T03:30:00+05:30,PUNE_WEST,0.0,0.0,0.0,20,78.9,0.0,3.4,GOOD
2026-06-02T03:45:00+05:30,PUNE_WEST,0.0,0.0,0.0,20,81.2,0.0,3.8,GOOD
2026-06-02T04:00:00+05:30,PUNE_WEST,0.0,0.0,0.0,20,76.4,0.0,4.7,GOOD
2026-06-02T04:15:00+05:30,PUNE_WEST,0.0,0.0,0.0,20,72.6,0.0,2.7,GOOD
2026-06-02T04:30:00+05:30,PUNE_WEST,0.0,0.0,0.0,20,73.6,0.0,4.1,GOOD
2026-06-02T04:45:00+05:30,PUNE_WEST,0.0,0.0,0.0,20,74.2,0.0,4.1,GOOD
2026-06-02T05:00:00+05:30,PUNE_WEST,0.0,0.0,0.0,20,72.1,0.0,3.8,GOOD
2026-06-02T05:15:00+05:30,PUNE_WEST,0.0,0.0,0.0,20,69.0,0.0,3.5,GOOD
2026-06-02T05:30:00+05:30,PUNE_WEST,0.0,0.0,0.0,20,65.9,0.0,3.9,GOOD
2026-06-02T05:45:00+05:30,PUNE_WEST,0.0,0.0,0.0,20,63.1,0.0,4.5,GOOD
2026-06-02T06:00:00+05:30,PUNE_WEST,0.0,0.0,0.0,20.7,64.6,0.0,3.0,GOOD
2026-06-02T06:15:00+05:30,PUNE_WEST,24.6,83.0,14.5,23.1,67.6,0.0,4.5,GOOD
2026-06-02T06:30:00+05:30,PUNE_WEST,67.0,224.1,39.7,23.1,68.0,0.0,2.9,GOOD
2026-06-02T06:45:00+05:30,PUNE_WEST,89.0,223.6,51.6,22.4,66.2,0.0,2.8,GOOD
2026-06-02T07:00:00+05:30,PUNE_WEST,132.6,241.2,78.4,23.1,68.0,0.0,3.6,GOOD
2026-06-02T07:15:00+05:30,PUNE_WEST,127.1,172.2,78.7,24.2,72.2,0.0,2.9,GOOD
2026-06-02T07:30:00+05:30,PUNE_WEST,165.7,191.2,101.3,21.9,70.9,0.0,4.1,GOOD
2026-06-02T07:45:00+05:30,PUNE_WEST,210.5,211.7,127.5,24.7,70.1,0.0,3.3,GOOD
2026-06-02T08:00:00+05:30,PUNE_WEST,230.8,193.1,144.6,26.3,73.3,0.0,3.7,GOOD
2026-06-02T08:15:00+05:30,PUNE_WEST,261.1,194.6,163.9,25.0,73.5,0.0,4.1,GOOD
2026-06-02T08:30:00+05:30,PUNE_WEST,268.2,182.2,168.0,25.8,73.3,0.0,3.1,GOOD
2026-06-02T08:45:00+05:30,PUNE_WEST,353.5,231.9,214.5,26.0,70.3,0.0,4.3,GOOD
2026-06-02T09:00:00+05:30,PUNE_WEST,387.1,239.0,232.7,25.6,69.4,0.0,2.5,GOOD
2026-06-02T09:15:00+05:30,PUNE_WEST,421.2,253.2,246.3,26.6,66.9,0.0,3.3,GOOD
2026-06-02T09:30:00+05:30,PUNE_WEST,477.6,259.5,287.3,28.2,69.5,0.0,3.8,GOOD
2026-06-02T09:45:00+05:30,PUNE_WEST,477.8,254.1,281.4,28.3,67.5,0.0,3.2,GOOD
2026-06-02T10:00:00+05:30,PUNE_WEST,520.1,264.3,306.0,30.0,67.4,0.0,2.5,GOOD
2026-06-02T10:15:00+05:30,PUNE_WEST,520.5,237.2,320.2,27.6,71.6,0.0,4.4,GOOD
2026-06-02T10:30:00+05:30,PUNE_WEST,524.8,231.6,322.1,27.9,71.4,0.0,2.5,GOOD
2026-06-02T10:45:00+05:30,PUNE_WEST,504.2,210.4,314.2,28.4,72.8,0.0,3.9,GOOD
2026-06-02T11:00:00+05:30,PUNE_WEST,514.9,202.0,327.6,28.1,74.8,0.0,3.6,GOOD
2026-06-02T11:15:00+05:30,PUNE_WEST,523.5,193.4,340.2,28.7,76.9,0.0,4.4,GOOD
2026-06-02T11:30:00+05:30,PUNE_WEST,507.8,182.3,331.9,29.8,77.5,0.0,3.8,GOOD
2026-06-02T11:45:00+05:30,PUNE_WEST,507.7,174.7,336.7,29.4,78.9,0.0,3.0,GOOD
2026-06-02T12:00:00+05:30,PUNE_WEST,587.9,232.4,358.0,30.4,70.6,0.0,4.4,GOOD
2026-06-02T12:15:00+05:30,PUNE_WEST,566.8,210.6,357.2,30.1,73.9,0.0,3.5,GOOD
2026-06-02T12:30:00+05:30,PUNE_WEST,607.3,234.3,373.5,31.1,71.5,0.0,2.7,GOOD
2026-06-02T12:45:00+05:30,PUNE_WEST,586.4,217.5,369.6,29.8,73.9,0.0,3.3,GOOD
2026-06-02T13:00:00+05:30,PUNE_WEST,578.4,213.4,366.7,29.5,74.5,0.0,4.2,GOOD
2026-06-02T13:15:00+05:30,PUNE_WEST,577.4,221.3,359.9,29.9,72.8,0.0,3.4,GOOD
2026-06-02T13:30:00+05:30,PUNE_WEST,558.5,219.4,345.5,29.3,72.1,0.0,4.1,GOOD
2026-06-02T13:45:00+05:30,PUNE_WEST,512.9,188.9,332.5,30.8,76.7,0.0,3.9,GOOD
2026-06-02T14:00:00+05:30,PUNE_WEST,467.6,158.6,319.2,28.5,82.0,0.0,3.5,GOOD
2026-06-02T14:15:00+05:30,PUNE_WEST,342.8,105.5,246.6,29.1,87.6,0.0,3.7,GOOD
2026-06-02T14:30:00+05:30,PUNE_WEST,433.8,158.6,293.4,29.1,81.0,0.0,3.6,GOOD
2026-06-02T14:45:00+05:30,PUNE_WEST,393.6,144.1,270.3,29.2,82.6,0.0,3.1,GOOD
2026-06-02T15:00:00+05:30,PUNE_WEST,359.3,133.6,249.3,27.2,83.7,0.0,3.8,GOOD
2026-06-02T15:15:00+05:30,PUNE_WEST,390.5,166.9,259.2,29.5,79.0,0.0,4.8,GOOD
2026-06-02T15:30:00+05:30,PUNE_WEST,357.8,151.0,244.8,29.4,82.2,0.0,3.4,GOOD
2026-06-02T15:45:00+05:30,PUNE_WEST,321.3,142.4,220.7,28.4,82.6,0.0,3.3,GOOD
2026-06-02T16:00:00+05:30,PUNE_WEST,289.6,134.8,200.3,26.0,83.3,0.0,4.8,GOOD
2026-06-02T16:15:00+05:30,PUNE_WEST,282.4,147.9,191.2,27.5,81.1,0.0,3.4,GOOD
2026-06-02T16:30:00+05:30,PUNE_WEST,292.4,181.1,189.4,27.1,76.6,0.0,3.8,GOOD
2026-06-02T16:45:00+05:30,PUNE_WEST,241.6,162.0,157.7,26.4,77.3,0.0,3.3,GOOD
2026-06-02T17:00:00+05:30,PUNE_WEST,227.1,168.0,148.9,25.7,77.8,0.0,4.1,GOOD
2026-06-02T17:15:00+05:30,PUNE_WEST,168.4,135.4,112.6,26.1,79.8,0.0,4.2,GOOD
2026-06-02T17:30:00+05:30,PUNE_WEST,178.4,175.2,115.8,24.7,76.8,0.0,3.0,GOOD
2026-06-02T17:45:00+05:30,PUNE_WEST,118.8,128.9,79.9,25.5,80.4,0.0,3.3,GOOD
2026-06-02T18:00:00+05:30,PUNE_WEST,105.9,133.6,73.1,24.8,83.2,0.0,5.2,GOOD
2026-06-02T18:15:00+05:30,PUNE_WEST,71.0,121.6,48.1,23.4,81.2,0.0,3.1,GOOD
2026-06-02T18:30:00+05:30,PUNE_WEST,39.1,93.3,26.9,22.5,82.8,0.0,2.6,GOOD
2026-06-02T18:45:00+05:30,PUNE_WEST,7.9,19.3,5.6,22.6,85.2,0.0,3.7,GOOD
2026-06-02T19:00:00+05:30,PUNE_WEST,3.5,9.4,2.3,22.4,80.0,0.0,3.0,GOOD
2026-06-02T19:15:00+05:30,PUNE_WEST,0.0,0.0,0.0,23.7,74.8,0.0,3.9,GOOD
2026-06-02T19:30:00+05:30,PUNE_WEST,0.0,0.0,0.0,21.8,73.9,0.0,4.1,GOOD
2026-06-02T19:45:00+05:30,PUNE_WEST,0.0,0.0,0.0,22.3,80.6,0.0,3.1,GOOD
2026-06-02T20:00:00+05:30,PUNE_WEST,0.0,0.0,0.0,20.6,88.8,0.0,4.2,GOOD
2026-06-02T20:15:00+05:30,PUNE_WEST,0.0,0.0,0.0,20.8,85.1,0.0,4.0,GOOD
2026-06-02T20:30:00+05:30,PUNE_WEST,0.0,0.0,0.0,20,83.2,0.0,3.7,GOOD
2026-06-02T20:45:00+05:30,PUNE_WEST,0.0,0.0,0.0,20,82.2,0.0,4.2,GOOD
2026-06-02T21:00:00+05:30,PUNE_WEST,0.0,0.0,0.0,20,82.9,0.0,4.0,GOOD
2026-06-02T21:15:00+05:30,PUNE_WEST,0.0,0.0,0.0,20,89.0,0.0,3.5,GOOD
2026-06-02T21:30:00+05:30,PUNE_WEST,0.0,0.0,0.0,20,93.7,0.0,4.5,GOOD
2026-06-02T21:45:00+05:30,PUNE_WEST,0.0,0.0,0.0,20,89.1,0.0,3.1,GOOD
2026-06-02T22:00:00+05:30,PUNE_WEST,0.0,0.0,0.0,20,83.2,0.0,4.4,GOOD
2026-06-02T22:15:00+05:30,PUNE_WEST,0.0,0.0,0.0,20.6,81.8,0.0,4.0,GOOD
2026-06-02T22:30:00+05:30,PUNE_WEST,0.0,0.0,0.0,20,83.4,0.0,3.6,GOOD
2026-06-02T22:45:00+05:30,PUNE_WEST,0.0,0.0,0.0,20,80.7,0.0,3.5,GOOD
2026-06-02T23:00:00+05:30,PUNE_WEST,0.0,0.0,0.0,21.6,73.5,0.0,2.9,GOOD
2026-06-02T23:15:00+05:30,PUNE_WEST,0.0,0.0,0.0,20,77.8,0.0,3.6,GOOD
2026-06-02T23:30:00+05:30,PUNE_WEST,0.0,0.0,0.0,20,79.3,0.0,3.7,GOOD
2026-06-02T23:45:00+05:30,PUNE_WEST,0.0,0.0,0.0,20,80.9,0.0,2.8,GOOD
2026-06-03T00:00:00+05:30,PUNE_WEST,0.0,0.0,0.0,22.2,14.4,0.0,2.0,GOOD
2026-06-03T00:15:00+05:30,PUNE_WEST,0.0,0.0,0.0,20.9,14.2,0.0,2.5,GOOD
2026-06-03T00:30:00+05:30,PUNE_WEST,0.0,0.0,0.0,22.1,8.3,0.0,2.0,GOOD
2026-06-03T00:45:00+05:30,PUNE_WEST,0.0,0.0,0.0,21.8,15.1,0.0,3.3,GOOD
2026-06-03T01:00:00+05:30,PUNE_WEST,0.0,0.0,0.0,20.7,14.6,0.0,2.6,GOOD
2026-06-03T01:15:00+05:30,PUNE_WEST,0.0,0.0,0.0,21.0,18.3,0.0,2.5,GOOD
2026-06-03T01:30:00+05:30,PUNE_WEST,0.0,0.0,0.0,21.1,12.0,0.0,2.9,GOOD
2026-06-03T01:45:00+05:30,PUNE_WEST,0.0,0.0,0.0,22.4,12.2,0.0,2.5,GOOD
2026-06-03T02:00:00+05:30,PUNE_WEST,0.0,0.0,0.0,22.9,13.7,0.0,2.8,GOOD
2026-06-03T02:15:00+05:30,PUNE_WEST,0.0,0.0,0.0,22.3,13.4,0.0,2.7,GOOD
2026-06-03T02:30:00+05:30,PUNE_WEST,0.0,0.0,0.0,23.8,11.3,0.0,1.0,GOOD
2026-06-03T02:45:00+05:30,PUNE_WEST,0.0,0.0,0.0,21.6,7.2,0.0,2.1,GOOD
2026-06-03T03:00:00+05:30,PUNE_WEST,0.0,0.0,0.0,22.3,9.0,0.0,1.1,GOOD
2026-06-03T03:15:00+05:30,PUNE_WEST,0.0,0.0,0.0,21.1,6.4,0.0,2.9,GOOD
2026-06-03T03:30:00+05:30,PUNE_WEST,0.0,0.0,0.0,21.3,7.1,0.0,3.1,GOOD
2026-06-03T03:45:00+05:30,PUNE_WEST,0.0,0.0,0.0,22.7,5.4,0.0,2.1,GOOD
2026-06-03T04:00:00+05:30,PUNE_WEST,0.0,0.0,0.0,20.9,11.5,0.0,2.4,GOOD
2026-06-03T04:15:00+05:30,PUNE_WEST,0.0,0.0,0.0,21.5,15.2,0.0,2.3,GOOD
2026-06-03T04:30:00+05:30,PUNE_WEST,0.0,0.0,0.0,21.8,8.9,0.0,2.3,GOOD
2026-06-03T04:45:00+05:30,PUNE_WEST,0.0,0.0,0.0,21.1,8.3,0.0,4.0,GOOD
2026-06-03T05:00:00+05:30,PUNE_WEST,0.0,0.0,0.0,22.5,10.5,0.0,2.5,GOOD
2026-06-03T05:15:00+05:30,PUNE_WEST,0.0,0.0,0.0,21.6,10.8,0.0,1.7,GOOD
2026-06-03T05:30:00+05:30,PUNE_WEST,0.0,0.0,0.0,23.9,16.4,0.0,2.0,GOOD
2026-06-03T05:45:00+05:30,PUNE_WEST,0.0,0.0,0.0,22.8,12.1,0.0,3.5,GOOD
2026-06-03T06:00:00+05:30,PUNE_WEST,0.0,0.0,0.0,22.0,17.2,0.0,1.6,GOOD
2026-06-03T06:15:00+05:30,PUNE_WEST,23.6,137.6,6.8,23.8,21.5,0.0,1.9,GOOD
2026-06-03T06:30:00+05:30,PUNE_WEST,74.2,428.1,22.0,24.8,22.6,0.0,2.6,GOOD
2026-06-03T06:45:00+05:30,PUNE_WEST,104.8,452.8,29.2,24.2,19.7,0.0,4.2,GOOD
2026-06-03T07:00:00+05:30,PUNE_WEST,179.4,570.7,51.4,25.3,21.0,0.0,2.3,GOOD
2026-06-03T07:15:00+05:30,PUNE_WEST,284.5,745.0,75.1,25.4,17.6,0.0,2.0,GOOD
2026-06-03T07:30:00+05:30,PUNE_WEST,290.5,624.9,79.8,25.6,19.2,0.0,3.1,GOOD
2026-06-03T07:45:00+05:30,PUNE_WEST,340.6,636.5,91.0,25.8,18.0,0.0,3.5,GOOD
2026-06-03T08:00:00+05:30,PUNE_WEST,384.9,625.7,105.7,26.7,19.2,0.0,2.6,GOOD
2026-06-03T08:15:00+05:30,PUNE_WEST,468.2,707.3,115.5,26.4,14.9,0.0,2.3,GOOD
2026-06-03T08:30:00+05:30,PUNE_WEST,518.7,674.7,147.8,25.5,20.8,0.0,2.1,GOOD
2026-06-03T08:45:00+05:30,PUNE_WEST,581.9,705.3,159.5,27.8,19.1,0.0,3.3,GOOD
2026-06-03T09:00:00+05:30,PUNE_WEST,632.0,696.1,182.4,27.8,21.3,0.0,2.2,GOOD
2026-06-03T09:15:00+05:30,PUNE_WEST,670.5,688.0,195.3,27.9,21.7,0.0,2.8,GOOD
2026-06-03T09:30:00+05:30,PUNE_WEST,735.9,712.3,213.7,31.1,21.6,0.0,2.5,GOOD
2026-06-03T09:45:00+05:30,PUNE_WEST,721.1,646.8,221.2,28.9,24.1,0.0,2.6,GOOD
2026-06-03T10:00:00+05:30,PUNE_WEST,793.3,667.6,252.7,29.6,25.9,0.0,2.9,GOOD
2026-06-03T10:15:00+05:30,PUNE_WEST,816.0,706.6,219.7,29.8,18.4,0.0,2.3,GOOD
2026-06-03T10:30:00+05:30,PUNE_WEST,865.7,728.9,228.2,29.7,17.5,0.0,2.2,GOOD
2026-06-03T10:45:00+05:30,PUNE_WEST,884.7,708.6,245.2,31.1,19.6,0.0,2.4,GOOD
2026-06-03T11:00:00+05:30,PUNE_WEST,930.8,742.9,242.2,31.4,17.0,0.0,3.2,GOOD
2026-06-03T11:15:00+05:30,PUNE_WEST,957.8,745.0,251.7,30.7,17.4,0.0,1.5,GOOD
2026-06-03T11:30:00+05:30,PUNE_WEST,934.8,728.6,231.7,30.5,15.1,0.0,3.1,GOOD
2026-06-03T11:45:00+05:30,PUNE_WEST,1000.3,746.1,270.0,30.1,18.4,0.0,1.3,GOOD
2026-06-03T12:00:00+05:30,PUNE_WEST,988.1,702.0,293.9,32.4,22.7,0.0,2.6,GOOD
2026-06-03T12:15:00+05:30,PUNE_WEST,996.9,720.1,280.3,32.5,20.2,0.0,1.8,GOOD
2026-06-03T12:30:00+05:30,PUNE_WEST,989.4,730.6,260.4,31.4,17.4,0.0,2.9,GOOD
2026-06-03T12:45:00+05:30,PUNE_WEST,994.0,718.6,277.7,32.3,19.9,0.0,0.9,GOOD
2026-06-03T13:00:00+05:30,PUNE_WEST,1032.0,776.3,262.0,31.4,16.0,0.0,1.9,GOOD
2026-06-03T13:15:00+05:30,PUNE_WEST,991.0,758.3,245.6,31.5,15.0,0.0,2.4,GOOD
2026-06-03T13:30:00+05:30,PUNE_WEST,975.6,769.9,228.1,31.9,12.9,0.0,2.0,GOOD
2026-06-03T13:45:00+05:30,PUNE_WEST,948.5,705.6,274.7,31.5,21.5,0.0,4.1,GOOD
2026-06-03T14:00:00+05:30,PUNE_WEST,914.3,710.8,249.5,31.6,18.9,0.0,2.0,GOOD
2026-06-03T14:15:00+05:30,PUNE_WEST,915.4,751.4,229.9,32.0,15.6,0.0,3.1,GOOD
2026-06-03T14:30:00+05:30,PUNE_WEST,884.0,739.3,229.1,30.7,16.8,0.0,2.6,GOOD
2026-06-03T14:45:00+05:30,PUNE_WEST,819.6,703.4,217.3,30.6,17.7,0.0,2.6,GOOD
2026-06-03T15:00:00+05:30,PUNE_WEST,801.4,709.8,217.0,30.9,18.6,0.0,2.8,GOOD
2026-06-03T15:15:00+05:30,PUNE_WEST,762.8,725.5,191.4,30.2,15.5,0.0,2.7,GOOD
2026-06-03T15:30:00+05:30,PUNE_WEST,733.6,728.1,188.4,29.5,16.4,0.0,3.6,GOOD
2026-06-03T15:45:00+05:30,PUNE_WEST,672.3,710.4,169.7,30.0,15.8,0.0,2.3,GOOD
2026-06-03T16:00:00+05:30,PUNE_WEST,614.7,643.3,187.8,28.6,23.9,0.0,1.9,GOOD
2026-06-03T16:15:00+05:30,PUNE_WEST,552.7,620.9,169.4,29.0,24.1,0.0,1.6,GOOD
2026-06-03T16:30:00+05:30,PUNE_WEST,506.7,608.1,160.7,28.8,25.7,0.0,2.8,GOOD
2026-06-03T16:45:00+05:30,PUNE_WEST,456.8,613.4,138.6,28.2,23.6,0.0,3.0,GOOD
2026-06-03T17:00:00+05:30,PUNE_WEST,440.9,664.6,130.7,28.2,22.5,0.0,3.4,GOOD
2026-06-03T17:15:00+05:30,PUNE_WEST,362.1,639.8,97.7,26.0,18.4,0.0,2.5,GOOD
2026-06-03T17:30:00+05:30,PUNE_WEST,325.5,685.0,79.9,27.8,14.7,0.0,2.4,GOOD
2026-06-03T17:45:00+05:30,PUNE_WEST,239.0,568.4,66.9,26.4,20.0,0.0,2.8,GOOD
2026-06-03T18:00:00+05:30,PUNE_WEST,212.6,625.7,58.4,26.9,19.2,0.0,3.0,GOOD
2026-06-03T18:15:00+05:30,PUNE_WEST,156.5,594.5,44.0,26.7,20.1,0.0,2.4,GOOD
2026-06-03T18:30:00+05:30,PUNE_WEST,103.9,553.3,30.9,25.5,22.6,0.0,2.9,GOOD
2026-06-03T18:45:00+05:30,PUNE_WEST,50.3,295.2,14.3,25.0,20.7,0.0,2.5,GOOD
2026-06-03T19:00:00+05:30,PUNE_WEST,7.4,44.0,2.0,23.4,18.8,0.0,2.7,GOOD
2026-06-03T19:15:00+05:30,PUNE_WEST,0.0,0.0,0.0,23.7,17.8,0.0,2.9,GOOD
2026-06-03T19:30:00+05:30,PUNE_WEST,0.0,0.0,0.0,23.8,11.0,0.0,1.0,GOOD
2026-06-03T19:45:00+05:30,PUNE_WEST,0.0,0.0,0.0,24.0,15.7,0.0,2.7,GOOD
2026-06-03T20:00:00+05:30,PUNE_WEST,0.0,0.0,0.0,23.8,12.2,0.0,1.4,GOOD
2026-06-03T20:15:00+05:30,PUNE_WEST,0.0,0.0,0.0,22.3,15.3,0.0,3.1,GOOD
2026-06-03T20:30:00+05:30,PUNE_WEST,0.0,0.0,0.0,21.7,15.7,0.0,1.2,GOOD
2026-06-03T20:45:00+05:30,PUNE_WEST,0.0,0.0,0.0,21.2,21.0,0.0,2.6,GOOD
2026-06-03T21:00:00+05:30,PUNE_WEST,0.0,0.0,0.0,22.3,23.8,0.0,2.4,GOOD
2026-06-03T21:15:00+05:30,PUNE_WEST,0.0,0.0,0.0,21.5,17.5,0.0,3.0,GOOD
2026-06-03T21:30:00+05:30,PUNE_WEST,0.0,0.0,0.0,21.0,15.9,0.0,2.5,GOOD
2026-06-03T21:45:00+05:30,PUNE_WEST,0.0,0.0,0.0,21.2,20.2,0.0,2.2,GOOD
2026-06-03T22:00:00+05:30,PUNE_WEST,0.0,0.0,0.0,21.4,15.5,0.0,2.3,GOOD
2026-06-03T22:15:00+05:30,PUNE_WEST,0.0,0.0,0.0,21.6,12.4,0.0,3.0,GOOD
2026-06-03T22:30:00+05:30,PUNE_WEST,0.0,0.0,0.0,22.2,20.3,0.0,1.5,GOOD
2026-06-03T22:45:00+05:30,PUNE_WEST,0.0,0.0,0.0,20.6,15.5,0.0,2.0,GOOD
2026-06-03T23:00:00+05:30,PUNE_WEST,0.0,0.0,0.0,22.5,17.7,0.0,1.9,GOOD
2026-06-03T23:15:00+05:30,PUNE_WEST,0.0,0.0,0.0,21.0,15.4,0.0,2.7,GOOD
2026-06-03T23:30:00+05:30,PUNE_WEST,0.0,0.0,0.0,21.2,14.1,0.0,2.7,GOOD
2026-06-03T23:45:00+05:30,PUNE_WEST,0.0,0.0,0.0,20.4,18.5,0.0,2.0,GOOD
2026-06-04T00:00:00+05:30,PUNE_WEST,0.0,0.0,0.0,20.1,36.9,0.0,2.7,GOOD
2026-06-04T00:15:00+05:30,PUNE_WEST,0.0,0.0,0.0,20.3,31.9,0.0,3.1,GOOD
2026-06-04T00:30:00+05:30,PUNE_WEST,0.0,0.0,0.0,20.8,30.4,0.0,2.7,GOOD
2026-06-04T00:45:00+05:30,PUNE_WEST,0.0,0.0,0.0,20,32.9,0.0,2.6,GOOD
2026-06-04T01:00:00+05:30,PUNE_WEST,0.0,0.0,0.0,21.3,38.2,0.0,3.6,GOOD
2026-06-04T01:15:00+05:30,PUNE_WEST,0.0,0.0,0.0,20.7,41.6,0.0,2.5,GOOD
2026-06-04T01:30:00+05:30,PUNE_WEST,0.0,0.0,0.0,21.1,41.3,0.0,3.2,GOOD
2026-06-04T01:45:00+05:30,PUNE_WEST,0.0,0.0,0.0,20,47.6,0.0,3.8,GOOD
2026-06-04T02:00:00+05:30,PUNE_WEST,0.0,0.0,0.0,20,48.0,0.0,3.6,GOOD
2026-06-04T02:15:00+05:30,PUNE_WEST,0.0,0.0,0.0,20.2,53.4,0.0,2.5,GOOD
2026-06-04T02:30:00+05:30,PUNE_WEST,0.0,0.0,0.0,20.2,51.6,0.0,3.4,GOOD
2026-06-04T02:45:00+05:30,PUNE_WEST,0.0,0.0,0.0,20.3,49.4,0.0,2.0,GOOD
2026-06-04T03:00:00+05:30,PUNE_WEST,0.0,0.0,0.0,21.7,42.4,0.0,2.1,GOOD
2026-06-04T03:15:00+05:30,PUNE_WEST,0.0,0.0,0.0,20.7,36.1,0.0,2.8,GOOD
2026-06-04T03:30:00+05:30,PUNE_WEST,0.0,0.0,0.0,21.9,28.4,0.0,3.3,GOOD
2026-06-04T03:45:00+05:30,PUNE_WEST,0.0,0.0,0.0,21.0,32.6,0.0,2.2,GOOD
2026-06-04T04:00:00+05:30,PUNE_WEST,0.0,0.0,0.0,22.6,31.5,0.0,3.8,GOOD
2026-06-04T04:15:00+05:30,PUNE_WEST,0.0,0.0,0.0,21.1,29.1,0.0,3.4,GOOD
2026-06-04T04:30:00+05:30,PUNE_WEST,0.0,0.0,0.0,20.2,28.5,0.0,2.7,GOOD
2026-06-04T04:45:00+05:30,PUNE_WEST,0.0,0.0,0.0,21.1,28.0,0.0,1.7,GOOD
2026-06-04T05:00:00+05:30,PUNE_WEST,0.0,0.0,0.0,21.2,27.9,0.0,2.1,GOOD
2026-06-04T05:15:00+05:30,PUNE_WEST,0.0,0.0,0.0,22.1,30.9,0.0,3.5,GOOD
2026-06-04T05:30:00+05:30,PUNE_WEST,0.0,0.0,0.0,22.9,29.0,0.0,2.5,GOOD
2026-06-04T05:45:00+05:30,PUNE_WEST,0.0,0.0,0.0,21.0,24.0,0.0,2.5,GOOD
2026-06-04T06:00:00+05:30,PUNE_WEST,0.0,0.0,0.0,21.6,28.9,0.0,3.3,GOOD
2026-06-04T06:15:00+05:30,PUNE_WEST,37.9,194.3,14.2,21.6,34.6,0.0,2.1,GOOD
2026-06-04T06:30:00+05:30,PUNE_WEST,94.4,479.1,36.0,22.4,35.6,0.0,3.0,GOOD
2026-06-04T06:45:00+05:30,PUNE_WEST,140.3,519.3,53.6,22.8,35.7,0.0,3.0,GOOD
2026-06-04T07:00:00+05:30,PUNE_WEST,144.2,402.2,54.0,24.0,34.6,0.0,3.0,GOOD
2026-06-04T07:15:00+05:30,PUNE_WEST,226.2,482.0,90.8,25.0,38.7,0.0,3.3,GOOD
2026-06-04T07:30:00+05:30,PUNE_WEST,290.8,489.2,126.0,23.7,43.6,0.0,3.1,GOOD
2026-06-04T07:45:00+05:30,PUNE_WEST,340.1,472.8,154.8,25.1,46.9,0.0,3.2,GOOD
2026-06-04T08:00:00+05:30,PUNE_WEST,359.6,418.0,173.2,25.9,51.0,0.0,2.9,GOOD
2026-06-04T08:15:00+05:30,PUNE_WEST,393.8,401.9,193.4,26.2,52.5,0.0,3.7,GOOD
2026-06-04T08:30:00+05:30,PUNE_WEST,418.6,384.5,207.4,25.5,53.1,0.0,3.9,GOOD
2026-06-04T08:45:00+05:30,PUNE_WEST,515.2,442.6,250.3,26.6,51.7,0.0,1.1,GOOD
2026-06-04T09:00:00+05:30,PUNE_WEST,564.3,444.2,277.6,26.4,52.6,0.0,3.3,GOOD
2026-06-04T09:15:00+05:30,PUNE_WEST,638.1,547.2,260.3,29.1,39.7,0.0,3.0,GOOD
2026-06-04T09:30:00+05:30,PUNE_WEST,675.9,529.7,287.8,29.1,42.4,0.0,3.6,GOOD
2026-06-04T09:45:00+05:30,PUNE_WEST,704.9,501.8,317.3,28.9,46.2,0.0,2.7,GOOD
2026-06-04T10:00:00+05:30,PUNE_WEST,746.2,507.2,335.7,29.4,46.1,0.0,2.8,GOOD
2026-06-04T10:15:00+05:30,PUNE_WEST,806.7,557.7,336.3,30.1,41.1,0.0,2.7,GOOD
2026-06-04T10:30:00+05:30,PUNE_WEST,837.2,552.5,354.1,29.9,42.0,0.0,3.3,GOOD
2026-06-04T10:45:00+05:30,PUNE_WEST,853.7,559.9,348.7,28.6,39.8,0.0,2.9,GOOD
2026-06-04T11:00:00+05:30,PUNE_WEST,887.5,605.1,326.9,28.6,33.6,0.0,1.8,GOOD
2026-06-04T11:15:00+05:30,PUNE_WEST,913.0,640.4,306.4,30.6,28.5,0.0,2.8,GOOD
2026-06-04T11:30:00+05:30,PUNE_WEST,979.1,654.8,347.4,30.3,31.5,0.0,2.6,GOOD
2026-06-04T11:45:00+05:30,PUNE_WEST,957.9,616.7,354.4,31.2,33.8,0.0,2.8,GOOD
2026-06-04T12:00:00+05:30,PUNE_WEST,982.4,643.1,346.6,30.5,31.2,0.0,3.9,GOOD
2026-06-04T12:15:00+05:30,PUNE_WEST,1004.1,676.3,331.2,31.0,27.7,0.0,2.2,GOOD
2026-06-04T12:30:00+05:30,PUNE_WEST,995.5,661.9,335.1,30.8,28.7,0.0,2.5,GOOD
2026-06-04T12:45:00+05:30,PUNE_WEST,981.3,655.7,327.9,31.8,28.3,0.0,3.3,GOOD
2026-06-04T13:00:00+05:30,PUNE_WEST,972.6,647.5,330.6,32.5,29.2,0.0,3.7,GOOD
2026-06-04T13:15:00+05:30,PUNE_WEST,988.0,632.5,366.2,31.9,34.0,0.0,2.0,GOOD
2026-06-04T13:30:00+05:30,PUNE_WEST,964.9,646.2,337.6,32.4,30.7,0.0,1.8,GOOD
2026-06-04T13:45:00+05:30,PUNE_WEST,968.3,687.2,312.1,31.8,26.5,0.0,2.7,GOOD
2026-06-04T14:00:00+05:30,PUNE_WEST,932.1,642.8,330.7,30.1,31.5,0.0,4.1,GOOD
2026-06-04T14:15:00+05:30,PUNE_WEST,884.0,610.9,326.6,30.6,33.8,0.0,3.8,GOOD
2026-06-04T14:30:00+05:30,PUNE_WEST,894.2,680.4,291.3,30.7,27.0,0.0,2.2,GOOD
2026-06-04T14:45:00+05:30,PUNE_WEST,828.1,635.7,283.6,30.4,29.6,0.0,2.1,GOOD
2026-06-04T15:00:00+05:30,PUNE_WEST,793.8,626.3,277.9,30.3,30.8,0.0,1.9,GOOD
2026-06-04T15:15:00+05:30,PUNE_WEST,749.2,582.3,290.4,28.9,36.6,0.0,2.3,GOOD
2026-06-04T15:30:00+05:30,PUNE_WEST,710.5,547.2,300.5,30.7,42.0,0.0,3.7,GOOD
2026-06-04T15:45:00+05:30,PUNE_WEST,658.7,557.5,264.0,28.6,38.6,0.0,4.2,GOOD
2026-06-04T16:00:00+05:30,PUNE_WEST,575.7,489.0,250.9,28.7,44.0,0.0,2.5,GOOD
2026-06-04T16:15:00+05:30,PUNE_WEST,504.3,419.5,245.1,29.3,51.7,0.0,4.9,GOOD
2026-06-04T16:30:00+05:30,PUNE_WEST,475.9,427.5,232.4,27.4,52.0,0.0,2.7,GOOD
2026-06-04T16:45:00+05:30,PUNE_WEST,421.2,400.0,213.4,27.4,54.9,0.0,2.9,GOOD
2026-06-04T17:00:00+05:30,PUNE_WEST,371.0,386.5,190.3,26.0,55.8,0.0,2.7,GOOD
2026-06-04T17:15:00+05:30,PUNE_WEST,309.1,383.3,150.3,27.3,51.7,0.0,3.0,GOOD
2026-06-04T17:30:00+05:30,PUNE_WEST,282.8,384.9,144.4,26.3,55.5,0.0,3.1,GOOD
2026-06-04T17:45:00+05:30,PUNE_WEST,226.4,330.3,126.0,25.6,62.5,0.0,3.7,GOOD
2026-06-04T18:00:00+05:30,PUNE_WEST,165.3,300.2,91.0,25.2,61.6,0.0,3.5,GOOD
2026-06-04T18:15:00+05:30,PUNE_WEST,139.3,363.0,70.2,25.6,54.4,0.0,3.1,GOOD
2026-06-04T18:30:00+05:30,PUNE_WEST,72.3,244.4,39.8,24.2,61.5,0.0,2.4,GOOD
2026-06-04T18:45:00+05:30,PUNE_WEST,52.0,198.6,27.8,23.7,59.1,0.0,4.2,GOOD
2026-06-04T19:00:00+05:30,PUNE_WEST,0.0,0.0,0.0,24.1,59.4,0.0,5.1,GOOD
2026-06-04T19:15:00+05:30,PUNE_WEST,0.0,0.0,0.0,22.6,56.7,0.0,3.8,GOOD
2026-06-04T19:30:00+05:30,PUNE_WEST,0.0,0.0,0.0,22.7,49.3,0.0,2.8,GOOD
2026-06-04T19:45:00+05:30,PUNE_WEST,0.0,0.0,0.0,20.2,47.5,0.0,2.3,GOOD
2026-06-04T20:00:00+05:30,PUNE_WEST,0.0,0.0,0.0,22.0,44.4,0.0,3.7,GOOD
2026-06-04T20:15:00+05:30,PUNE_WEST,0.0,0.0,0.0,21.8,39.4,0.0,3.8,GOOD
2026-06-04T20:30:00+05:30,PUNE_WEST,0.0,0.0,0.0,22.3,41.0,0.0,2.7,GOOD
2026-06-04T20:45:00+05:30,PUNE_WEST,0.0,0.0,0.0,20.7,38.0,0.0,3.7,GOOD
2026-06-04T21:00:00+05:30,PUNE_WEST,0.0,0.0,0.0,21.2,41.7,0.0,3.4,GOOD
2026-06-04T21:15:00+05:30,PUNE_WEST,0.0,0.0,0.0,20,44.5,0.0,4.3,GOOD
2026-06-04T21:30:00+05:30,PUNE_WEST,0.0,0.0,0.0,20,43.6,0.0,2.8,GOOD
2026-06-04T21:45:00+05:30,PUNE_WEST,0.0,0.0,0.0,20.1,40.5,0.0,2.0,GOOD
2026-06-04T22:00:00+05:30,PUNE_WEST,0.0,0.0,0.0,20,41.4,0.0,2.6,GOOD
2026-06-04T22:15:00+05:30,PUNE_WEST,0.0,0.0,0.0,20.4,49.8,0.0,4.7,GOOD
2026-06-04T22:30:00+05:30,PUNE_WEST,0.0,0.0,0.0,20.0,52.2,0.0,4.1,GOOD
2026-06-04T22:45:00+05:30,PUNE_WEST,0.0,0.0,0.0,20,52.5,0.0,4.1,GOOD
2026-06-04T23:00:00+05:30,PUNE_WEST,0.0,0.0,0.0,20.1,43.0,0.0,2.9,GOOD
2026-06-04T23:15:00+05:30,PUNE_WEST,0.0,0.0,0.0,21.7,43.4,0.0,3.7,GOOD
2026-06-04T23:30:00+05:30,PUNE_WEST,0.0,0.0,0.0,20,41.5,0.0,3.3,GOOD
2026-06-04T23:45:00+05:30,PUNE_WEST,0.0,0.0,0.0,21.1,43.3,0.0,4.2,GOOD
2026-06-05T00:00:00+05:30,PUNE_WEST,0.0,0.0,0.0,20,64.8,0.0,3.7,GOOD
2026-06-05T00:15:00+05:30,PUNE_WEST,0.0,0.0,0.0,20,64.2,0.0,4.0,GOOD
2026-06-05T00:30:00+05:30,PUNE_WEST,0.0,0.0,0.0,20.3,68.5,0.0,3.3,GOOD
2026-06-05T00:45:00+05:30,PUNE_WEST,0.0,0.0,0.0,20,68.3,0.0,3.1,GOOD
2026-06-05T01:00:00+05:30,PUNE_WEST,0.0,0.0,0.0,20.1,64.5,0.0,3.2,GOOD
2026-06-05T01:15:00+05:30,PUNE_WEST,0.0,0.0,0.0,20,62.9,0.0,3.1,GOOD
2026-06-05T01:30:00+05:30,PUNE_WEST,0.0,0.0,0.0,20,64.7,0.0,3.8,GOOD
2026-06-05T01:45:00+05:30,PUNE_WEST,0.0,0.0,0.0,20,66.6,0.0,2.9,GOOD
2026-06-05T02:00:00+05:30,PUNE_WEST,0.0,0.0,0.0,20,69.4,0.0,3.6,GOOD
2026-06-05T02:15:00+05:30,PUNE_WEST,0.0,0.0,0.0,20,66.4,0.0,4.2,GOOD
2026-06-05T02:30:00+05:30,PUNE_WEST,0.0,0.0,0.0,20.7,70.0,0.0,3.7,GOOD
2026-06-05T02:45:00+05:30,PUNE_WEST,0.0,0.0,0.0,20,69.2,0.0,3.3,GOOD
2026-06-05T03:00:00+05:30,PUNE_WEST,0.0,0.0,0.0,20,72.8,0.0,2.4,GOOD
2026-06-05T03:15:00+05:30,PUNE_WEST,0.0,0.0,0.0,20,74.2,0.0,2.4,GOOD
2026-06-05T03:30:00+05:30,PUNE_WEST,0.0,0.0,0.0,20,82.2,0.0,4.6,GOOD
2026-06-05T03:45:00+05:30,PUNE_WEST,0.0,0.0,0.0,20.6,83.4,0.0,4.2,GOOD
2026-06-05T04:00:00+05:30,PUNE_WEST,0.0,0.0,0.0,20,86.2,0.0,4.4,GOOD
2026-06-05T04:15:00+05:30,PUNE_WEST,0.0,0.0,0.0,20,87.0,0.0,4.3,GOOD
2026-06-05T04:30:00+05:30,PUNE_WEST,0.0,0.0,0.0,20,86.5,0.0,3.8,GOOD
2026-06-05T04:45:00+05:30,PUNE_WEST,0.0,0.0,0.0,20,82.7,0.0,3.9,GOOD
2026-06-05T05:00:00+05:30,PUNE_WEST,0.0,0.0,0.0,21.0,76.3,0.0,2.9,GOOD
2026-06-05T05:15:00+05:30,PUNE_WEST,0.0,0.0,0.0,20.9,74.5,0.0,3.9,GOOD
2026-06-05T05:30:00+05:30,PUNE_WEST,0.0,0.0,0.0,20.2,74.5,0.0,3.1,GOOD
2026-06-05T05:45:00+05:30,PUNE_WEST,0.0,0.0,0.0,20.7,72.6,0.0,2.6,GOOD
2026-06-05T06:00:00+05:30,PUNE_WEST,0.0,0.0,0.0,21.3,79.0,0.0,3.0,GOOD
2026-06-05T06:15:00+05:30,PUNE_WEST,7.6,22.8,4.8,21.5,74.5,0.0,3.5,GOOD
2026-06-05T06:30:00+05:30,PUNE_WEST,75.8,223.4,48.6,21.8,75.6,0.0,3.3,GOOD
2026-06-05T06:45:00+05:30,PUNE_WEST,71.3,146.2,46.9,22.3,78.1,0.0,3.8,GOOD
2026-06-05T07:00:00+05:30,PUNE_WEST,74.5,113.9,48.9,21.4,78.1,0.0,4.0,GOOD
2026-06-05T07:15:00+05:30,PUNE_WEST,125.5,150.4,83.3,23.4,79.0,0.0,4.7,GOOD
2026-06-05T07:30:00+05:30,PUNE_WEST,151.6,163.8,96.5,22.9,74.8,0.0,3.2,GOOD
2026-06-05T07:45:00+05:30,PUNE_WEST,200.7,198.5,122.9,24.5,71.1,0.0,3.3,GOOD
2026-06-05T08:00:00+05:30,PUNE_WEST,254.2,237.6,148.3,24.3,66.7,0.0,4.0,GOOD
2026-06-05T08:15:00+05:30,PUNE_WEST,289.7,245.6,167.4,25.7,65.8,0.0,3.5,GOOD
2026-06-05T08:30:00+05:30,PUNE_WEST,334.3,266.8,187.9,25.0,63.4,0.0,3.7,GOOD
2026-06-05T08:45:00+05:30,PUNE_WEST,375.1,288.7,202.4,25.2,59.9,0.0,4.0,GOOD
2026-06-05T09:00:00+05:30,PUNE_WEST,442.2,314.9,239.0,26.1,60.1,0.0,4.0,GOOD
2026-06-05T09:15:00+05:30,PUNE_WEST,436.6,278.2,244.6,27.2,63.1,0.0,3.8,GOOD
2026-06-05T09:30:00+05:30,PUNE_WEST,423.7,235.9,250.9,28.3,68.0,0.0,3.5,GOOD
2026-06-05T09:45:00+05:30,PUNE_WEST,485.8,248.8,293.7,27.7,69.9,0.0,2.7,GOOD
2026-06-05T10:00:00+05:30,PUNE_WEST,474.6,237.9,282.1,26.9,68.4,0.0,3.6,GOOD
2026-06-05T10:15:00+05:30,PUNE_WEST,560.0,288.0,317.2,28.8,64.1,0.0,3.3,GOOD
2026-06-05T10:30:00+05:30,PUNE_WEST,564.9,276.8,323.0,28.7,64.9,0.0,2.6,GOOD
2026-06-05T10:45:00+05:30,PUNE_WEST,559.1,246.5,336.8,28.3,69.6,0.0,3.8,GOOD
2026-06-05T11:00:00+05:30,PUNE_WEST,572.3,240.1,349.9,29.8,71.0,0.0,4.0,GOOD
2026-06-05T11:15:00+05:30,PUNE_WEST,519.2,194.5,335.0,28.1,76.2,0.0,3.0,GOOD
2026-06-05T11:30:00+05:30,PUNE_WEST,477.9,161.2,322.4,28.2,80.7,0.0,4.3,GOOD
2026-06-05T11:45:00+05:30,PUNE_WEST,441.7,139.3,305.4,29.1,83.3,0.0,4.6,GOOD
2026-06-05T12:00:00+05:30,PUNE_WEST,465.0,145.8,320.9,30.2,83.1,0.0,4.0,GOOD
2026-06-05T12:15:00+05:30,PUNE_WEST,477.6,156.0,322.4,29.7,80.8,0.0,4.5,GOOD
2026-06-05T12:30:00+05:30,PUNE_WEST,445.4,140.1,305.7,29.9,82.5,0.0,3.6,GOOD
2026-06-05T12:45:00+05:30,PUNE_WEST,415.6,118.5,297.5,28.4,87.1,0.0,4.4,GOOD
2026-06-05T13:00:00+05:30,PUNE_WEST,497.2,160.7,337.8,30.2,81.5,0.0,3.3,GOOD
2026-06-05T13:15:00+05:30,PUNE_WEST,547.8,209.7,341.7,28.3,72.9,0.0,4.1,GOOD
2026-06-05T13:30:00+05:30,PUNE_WEST,508.4,186.2,327.6,30.4,76.1,0.0,3.9,GOOD
2026-06-05T13:45:00+05:30,PUNE_WEST,535.4,207.7,337.1,30.8,73.8,0.0,4.4,GOOD
2026-06-05T14:00:00+05:30,PUNE_WEST,564.1,241.5,338.2,28.9,69.2,0.0,4.3,GOOD
2026-06-05T14:15:00+05:30,PUNE_WEST,562.8,240.8,343.0,28.9,70.7,0.0,4.5,GOOD
2026-06-05T14:30:00+05:30,PUNE_WEST,508.6,225.2,309.0,28.6,70.4,0.0,4.4,GOOD
2026-06-05T14:45:00+05:30,PUNE_WEST,524.9,245.8,314.2,29.6,69.0,0.0,3.7,GOOD
2026-06-05T15:00:00+05:30,PUNE_WEST,430.7,180.2,282.2,28.5,77.7,0.0,3.2,GOOD
2026-06-05T15:15:00+05:30,PUNE_WEST,418.9,190.8,268.5,28.3,75.5,0.0,3.4,GOOD
2026-06-05T15:30:00+05:30,PUNE_WEST,379.4,168.2,253.3,28.1,79.6,0.0,4.3,GOOD
2026-06-05T15:45:00+05:30,PUNE_WEST,350.1,168.8,230.5,27.2,78.2,0.0,4.3,GOOD
2026-06-05T16:00:00+05:30,PUNE_WEST,351.2,191.9,223.6,28.8,74.9,0.0,3.5,GOOD
2026-06-05T16:15:00+05:30,PUNE_WEST,344.2,213.8,211.9,28.5,71.6,0.0,3.2,GOOD
2026-06-05T16:30:00+05:30,PUNE_WEST,328.4,230.9,196.7,27.1,69.1,0.0,3.4,GOOD
2026-06-05T16:45:00+05:30,PUNE_WEST,291.3,216.4,178.8,26.7,71.3,0.0,3.3,GOOD
2026-06-05T17:00:00+05:30,PUNE_WEST,263.3,228.1,156.4,27.8,68.3,0.0,3.6,GOOD
2026-06-05T17:15:00+05:30,PUNE_WEST,187.2,172.3,115.7,25.9,72.0,0.0,3.8,GOOD
2026-06-05T17:30:00+05:30,PUNE_WEST,160.7,154.4,105.0,26.9,77.4,0.0,3.4,GOOD
2026-06-05T17:45:00+05:30,PUNE_WEST,128.1,128.3,88.9,24.2,83.8,0.0,3.8,GOOD
2026-06-05T18:00:00+05:30,PUNE_WEST,111.6,127.0,80.0,24.4,87.2,0.0,5.0,GOOD
2026-06-05T18:15:00+05:30,PUNE_WEST,53.5,74.6,39.2,23.6,89.7,0.0,2.9,GOOD
2026-06-05T18:30:00+05:30,PUNE_WEST,30.9,59.9,22.8,23.4,90.6,0.0,4.5,GOOD
2026-06-05T18:45:00+05:30,PUNE_WEST,21.3,48.2,15.4,24.2,88.3,0.0,4.3,GOOD
2026-06-05T19:00:00+05:30,PUNE_WEST,7.1,17.6,4.9,23.4,84.1,0.0,4.4,GOOD
2026-06-05T19:15:00+05:30,PUNE_WEST,0.0,0.0,0.0,23.2,84.0,0.0,3.3,GOOD
2026-06-05T19:30:00+05:30,PUNE_WEST,0.0,0.0,0.0,21.9,81.2,0.0,1.8,GOOD
2026-06-05T19:45:00+05:30,PUNE_WEST,0.0,0.0,0.0,21.0,79.3,0.0,4.4,GOOD
2026-06-05T20:00:00+05:30,PUNE_WEST,0.0,0.0,0.0,20.4,78.1,0.0,4.6,GOOD
2026-06-05T20:15:00+05:30,PUNE_WEST,0.0,0.0,0.0,20.6,77.7,0.0,3.8,GOOD
2026-06-05T20:30:00+05:30,PUNE_WEST,0.0,0.0,0.0,20.4,74.3,0.0,2.7,GOOD
2026-06-05T20:45:00+05:30,PUNE_WEST,0.0,0.0,0.0,20.0,77.6,0.0,3.4,GOOD
2026-06-05T21:00:00+05:30,PUNE_WEST,0.0,0.0,0.0,20,78.5,0.0,3.0,GOOD
2026-06-05T21:15:00+05:30,PUNE_WEST,0.0,0.0,0.0,20,81.2,0.0,4.2,GOOD
2026-06-05T21:30:00+05:30,PUNE_WEST,0.0,0.0,0.0,20,82.4,0.0,4.5,GOOD
2026-06-05T21:45:00+05:30,PUNE_WEST,0.0,0.0,0.0,20,79.5,0.0,4.3,GOOD
2026-06-05T22:00:00+05:30,PUNE_WEST,0.0,0.0,0.0,20,81.4,0.0,2.6,GOOD
2026-06-05T22:15:00+05:30,PUNE_WEST,0.0,0.0,0.0,21.1,79.8,0.0,3.9,GOOD
2026-06-05T22:30:00+05:30,PUNE_WEST,0.0,0.0,0.0,20,75.8,0.0,3.9,GOOD
2026-06-05T22:45:00+05:30,PUNE_WEST,0.0,0.0,0.0,20,78.0,0.0,3.6,GOOD
2026-06-05T23:00:00+05:30,PUNE_WEST,0.0,0.0,0.0,20,74.9,0.0,2.8,GOOD
2026-06-05T23:15:00+05:30,PUNE_WEST,0.0,0.0,0.0,20,75.3,0.0,2.2,GOOD
2026-06-05T23:30:00+05:30,PUNE_WEST,0.0,0.0,0.0,20,83.9,0.0,4.9,GOOD
2026-06-05T23:45:00+05:30,PUNE_WEST,0.0,0.0,0.0,20,83.4,0.0,3.9,GOOD
2026-06-06T00:00:00+05:30,PUNE_WEST,0.0,0.0,0.0,21.4,74.6,0.0,4.5,GOOD
2026-06-06T00:15:00+05:30,PUNE_WEST,0.0,0.0,0.0,20,77.9,0.0,3.4,GOOD
2026-06-06T00:30:00+05:30,PUNE_WEST,0.0,0.0,0.0,20,75.6,0.0,3.3,GOOD
2026-06-06T00:45:00+05:30,PUNE_WEST,0.0,0.0,0.0,20,79.4,0.0,2.8,GOOD
2026-06-06T01:00:00+05:30,PUNE_WEST,0.0,0.0,0.0,20,74.8,0.0,4.3,GOOD
2026-06-06T01:15:00+05:30,PUNE_WEST,0.0,0.0,0.0,20,73.2,0.0,4.5,GOOD
2026-06-06T01:30:00+05:30,PUNE_WEST,0.0,0.0,0.0,20,76.4,0.0,2.6,GOOD
2026-06-06T01:45:00+05:30,PUNE_WEST,0.0,0.0,0.0,20,85.9,0.0,3.1,GOOD
2026-06-06T02:00:00+05:30,PUNE_WEST,0.0,0.0,0.0,20,86.4,0.0,4.5,GOOD
2026-06-06T02:15:00+05:30,PUNE_WEST,0.0,0.0,0.0,20,86.0,0.0,4.2,GOOD
2026-06-06T02:30:00+05:30,PUNE_WEST,0.0,0.0,0.0,20,87.1,0.0,3.6,GOOD
2026-06-06T02:45:00+05:30,PUNE_WEST,0.0,0.0,0.0,21.1,82.6,0.0,2.5,GOOD
2026-06-06T03:00:00+05:30,PUNE_WEST,0.0,0.0,0.0,20,80.1,0.0,4.1,GOOD
2026-06-06T03:15:00+05:30,PUNE_WEST,0.0,0.0,0.0,20,85.9,0.0,4.8,GOOD
2026-06-06T03:30:00+05:30,PUNE_WEST,0.0,0.0,0.0,20,87.1,0.0,3.3,GOOD
2026-06-06T03:45:00+05:30,PUNE_WEST,0.0,0.0,0.0,20,80.1,0.0,2.5,GOOD
2026-06-06T04:00:00+05:30,PUNE_WEST,0.0,0.0,0.0,20,77.9,0.0,4.2,GOOD
2026-06-06T04:15:00+05:30,PUNE_WEST,0.0,0.0,0.0,20.1,68.6,0.0,4.0,GOOD
2026-06-06T04:30:00+05:30,PUNE_WEST,0.0,0.0,0.0,20,74.2,0.0,4.1,GOOD
2026-06-06T04:45:00+05:30,PUNE_WEST,0.0,0.0,0.0,21.0,74.5,0.0,3.9,GOOD
2026-06-06T05:00:00+05:30,PUNE_WEST,0.0,0.0,0.0,20.4,79.9,0.0,2.9,GOOD
2026-06-06T05:15:00+05:30,PUNE_WEST,0.0,0.0,0.0,20,82.2,0.0,3.0,GOOD
2026-06-06T05:30:00+05:30,PUNE_WEST,0.0,0.0,0.0,20,84.6,0.0,3.9,GOOD
2026-06-06T05:45:00+05:30,PUNE_WEST,0.0,0.0,0.0,21.1,88.1,0.0,3.9,GOOD
2026-06-06T06:00:00+05:30,PUNE_WEST,0.0,0.0,0.0,20,89.3,0.0,3.9,GOOD
2026-06-06T06:15:00+05:30,PUNE_WEST,25.1,62.5,17.5,21.8,84.1,0.0,4.2,GOOD
2026-06-06T06:30:00+05:30,PUNE_WEST,41.9,91.0,30.8,21.6,90.0,0.0,5.0,GOOD
2026-06-06T06:45:00+05:30,PUNE_WEST,19.3,30.6,14.2,23.2,90.1,0.0,3.8,GOOD
2026-06-06T07:00:00+05:30,PUNE_WEST,60.0,63.9,45.7,23.2,94.1,0.0,4.1,GOOD
2026-06-06T07:15:00+05:30,PUNE_WEST,84.1,79.2,61.9,23.1,90.1,0.0,5.0,GOOD
2026-06-06T07:30:00+05:30,PUNE_WEST,116.1,107.7,79.9,23.9,82.8,0.0,4.6,GOOD
2026-06-06T07:45:00+05:30,PUNE_WEST,138.6,109.8,95.6,25.2,83.0,0.0,3.3,GOOD
2026-06-06T08:00:00+05:30,PUNE_WEST,199.8,140.8,137.1,25.0,82.5,0.0,3.1,GOOD
2026-06-06T08:15:00+05:30,PUNE_WEST,216.2,138.2,147.4,24.8,81.8,0.0,3.5,GOOD
2026-06-06T08:30:00+05:30,PUNE_WEST,278.4,185.1,176.8,25.7,74.6,0.0,4.0,GOOD
2026-06-06T08:45:00+05:30,PUNE_WEST,327.6,199.8,208.2,26.8,74.7,0.0,3.6,GOOD
2026-06-06T09:00:00+05:30,PUNE_WEST,315.0,169.8,205.6,26.2,77.3,0.0,3.7,GOOD
2026-06-06T09:15:00+05:30,PUNE_WEST,332.5,163.0,220.1,24.6,78.8,0.0,3.4,GOOD
2026-06-06T09:30:00+05:30,PUNE_WEST,350.7,154.4,237.7,26.4,81.2,0.0,3.7,GOOD
2026-06-06T09:45:00+05:30,PUNE_WEST,360.7,152.2,243.2,27.1,80.7,0.0,2.8,GOOD
2026-06-06T10:00:00+05:30,PUNE_WEST,409.4,174.5,268.3,27.5,77.7,0.0,3.2,GOOD
2026-06-06T10:15:00+05:30,PUNE_WEST,487.4,218.7,303.2,28.7,72.6,0.0,3.6,GOOD
2026-06-06T10:30:00+05:30,PUNE_WEST,528.8,235.0,323.5,28.3,71.0,0.0,2.4,GOOD
2026-06-06T10:45:00+05:30,PUNE_WEST,501.5,209.7,312.5,28.7,72.8,0.0,3.6,GOOD
2026-06-06T11:00:00+05:30,PUNE_WEST,512.8,203.2,324.7,29.7,74.3,0.0,3.7,GOOD
2026-06-06T11:15:00+05:30,PUNE_WEST,532.7,196.4,346.8,26.8,77.1,0.0,4.9,GOOD
2026-06-06T11:30:00+05:30,PUNE_WEST,538.8,197.2,348.7,28.6,76.5,0.0,3.1,GOOD
2026-06-06T11:45:00+05:30,PUNE_WEST,509.0,176.8,336.2,30.1,78.5,0.0,3.0,GOOD
2026-06-06T12:00:00+05:30,PUNE_WEST,461.6,142.1,321.1,29.0,84.0,0.0,5.0,GOOD
2026-06-06T12:15:00+05:30,PUNE_WEST,402.3,114.0,289.0,30.6,87.4,0.0,3.8,GOOD
2026-06-06T12:30:00+05:30,PUNE_WEST,418.9,123.0,296.2,28.3,85.7,0.0,4.2,GOOD
2026-06-06T12:45:00+05:30,PUNE_WEST,289.7,70.0,220.0,29.7,93.8,0.0,2.9,GOOD
2026-06-06T13:00:00+05:30,PUNE_WEST,285.7,66.5,219.8,29.4,95.3,0.0,5.1,GOOD
2026-06-06T13:15:00+05:30,PUNE_WEST,269.1,65.2,205.0,29.9,94.1,0.0,4.3,GOOD
2026-06-06T13:30:00+05:30,PUNE_WEST,333.3,95.2,240.9,29.8,88.1,0.0,4.8,GOOD
2026-06-06T13:45:00+05:30,PUNE_WEST,356.9,102.5,259.0,28.9,88.6,0.0,3.2,GOOD
2026-06-06T14:00:00+05:30,PUNE_WEST,402.8,126.6,284.3,29.9,85.5,0.0,3.8,GOOD
2026-06-06T14:15:00+05:30,PUNE_WEST,437.3,154.1,296.7,28.5,81.3,0.0,4.8,GOOD
2026-06-06T14:30:00+05:30,PUNE_WEST,377.2,123.5,267.6,29.1,86.1,0.0,4.9,GOOD
2026-06-06T14:45:00+05:30,PUNE_WEST,302.0,91.6,223.5,28.0,90.8,0.0,4.1,GOOD
2026-06-06T15:00:00+05:30,PUNE_WEST,160.8,40.7,127.3,28.4,98.7,0.0,4.7,GOOD
2026-06-06T15:15:00+05:30,PUNE_WEST,199.7,56.0,155.5,28.2,96.7,0.0,4.0,GOOD
2026-06-06T15:30:00+05:30,PUNE_WEST,189.8,60.0,144.8,27.7,94.3,0.0,4.4,GOOD
2026-06-06T15:45:00+05:30,PUNE_WEST,256.0,94.5,188.9,26.1,90.5,0.0,3.8,GOOD
2026-06-06T16:00:00+05:30,PUNE_WEST,240.8,95.7,177.1,26.1,90.1,0.0,3.8,GOOD
2026-06-06T16:15:00+05:30,PUNE_WEST,158.4,61.9,120.1,28.1,93.5,0.0,2.9,GOOD
2026-06-06T16:30:00+05:30,PUNE_WEST,148.0,62.3,112.4,25.9,93.7,0.0,4.3,GOOD
2026-06-06T16:45:00+05:30,PUNE_WEST,117.2,52.0,90.1,25.6,95.2,0.0,4.1,GOOD
2026-06-06T17:00:00+05:30,PUNE_WEST,80.1,35.6,63.4,26.0,98.7,0.0,3.6,GOOD
2026-06-06T17:15:00+05:30,PUNE_WEST,97.2,53.0,75.2,25.3,95.9,0.0,2.9,GOOD
2026-06-06T17:30:00+05:30,PUNE_WEST,53.7,31.0,42.5,24.3,98.6,0.0,3.7,GOOD
2026-06-06T17:45:00+05:30,PUNE_WEST,55.1,37.5,43.6,23.7,98.7,0.0,3.9,GOOD
2026-06-06T18:00:00+05:30,PUNE_WEST,101.1,92.0,78.1,22.8,95.8,0.0,4.2,GOOD
2026-06-06T18:15:00+05:30,PUNE_WEST,39.5,55.7,28.7,24.1,88.9,0.0,4.1,GOOD
2026-06-06T18:30:00+05:30,PUNE_WEST,35.4,73.6,25.4,23.9,87.4,0.0,3.8,GOOD
2026-06-06T18:45:00+05:30,PUNE_WEST,4.3,10.3,3.0,22.9,85.9,0.0,3.7,GOOD
2026-06-06T19:00:00+05:30,PUNE_WEST,11.4,29.7,7.8,23.4,82.1,0.0,4.0,GOOD
2026-06-06T19:15:00+05:30,PUNE_WEST,0.0,0.0,0.0,22.3,82.3,0.0,4.2,GOOD
2026-06-06T19:30:00+05:30,PUNE_WEST,0.0,0.0,0.0,22.6,81.2,0.0,4.0,GOOD
2026-06-06T19:45:00+05:30,PUNE_WEST,0.0,0.0,0.0,22.1,78.2,0.0,3.7,GOOD
2026-06-06T20:00:00+05:30,PUNE_WEST,0.0,0.0,0.0,21.1,76.5,0.0,3.3,GOOD
2026-06-06T20:15:00+05:30,PUNE_WEST,0.0,0.0,0.0,20.5,80.7,0.0,2.7,GOOD
2026-06-06T20:30:00+05:30,PUNE_WEST,0.0,0.0,0.0,20,79.6,0.0,3.5,GOOD
2026-06-06T20:45:00+05:30,PUNE_WEST,0.0,0.0,0.0,20.4,78.9,0.0,4.1,GOOD
2026-06-06T21:00:00+05:30,PUNE_WEST,0.0,0.0,0.0,20.0,75.6,0.0,3.1,GOOD
2026-06-06T21:15:00+05:30,PUNE_WEST,0.0,0.0,0.0,20,73.4,0.0,3.8,GOOD
2026-06-06T21:30:00+05:30,PUNE_WEST,0.0,0.0,0.0,20,73.0,0.0,4.5,GOOD
2026-06-06T21:45:00+05:30,PUNE_WEST,0.0,0.0,0.0,20,73.2,0.0,2.3,GOOD
2026-06-06T22:00:00+05:30,PUNE_WEST,0.0,0.0,0.0,20,75.3,0.0,4.0,GOOD
2026-06-06T22:15:00+05:30,PUNE_WEST,0.0,0.0,0.0,20,79.3,0.0,2.9,GOOD
2026-06-06T22:30:00+05:30,PUNE_WEST,0.0,0.0,0.0,20,78.4,0.0,4.1,GOOD
2026-06-06T22:45:00+05:30,PUNE_WEST,0.0,0.0,0.0,20,81.3,0.0,5.1,GOOD
2026-06-06T23:00:00+05:30,PUNE_WEST,0.0,0.0,0.0,20.7,81.8,0.0,3.6,GOOD
2026-06-06T23:15:00+05:30,PUNE_WEST,0.0,0.0,0.0,20,77.4,0.0,4.1,GOOD
2026-06-06T23:30:00+05:30,PUNE_WEST,0.0,0.0,0.0,20,74.0,0.0,4.0,GOOD
2026-06-06T23:45:00+05:30,PUNE_WEST,0.0,0.0,0.0,20,70.6,0.0,4.7,GOOD
2026-06-07T00:00:00+05:30,PUNE_WEST,0.0,0.0,0.0,20,68.0,0.0,2.5,GOOD
2026-06-07T00:15:00+05:30,PUNE_WEST,0.0,0.0,0.0,20,75.4,0.0,2.9,GOOD
2026-06-07T00:30:00+05:30,PUNE_WEST,0.0,0.0,0.0,20,76.5,0.0,2.0,GOOD
2026-06-07T00:45:00+05:30,PUNE_WEST,0.0,0.0,0.0,20,76.9,0.0,3.9,GOOD
2026-06-07T01:00:00+05:30,PUNE_WEST,0.0,0.0,0.0,20,87.1,0.0,4.2,GOOD
2026-06-07T01:15:00+05:30,PUNE_WEST,0.0,0.0,0.0,20,80.1,0.0,5.1,GOOD
2026-06-07T01:30:00+05:30,PUNE_WEST,0.0,0.0,0.0,20,79.2,0.0,3.4,GOOD
2026-06-07T01:45:00+05:30,PUNE_WEST,0.0,0.0,0.0,20,80.9,0.0,4.8,GOOD
2026-06-07T02:00:00+05:30,PUNE_WEST,0.0,0.0,0.0,20,80.5,0.0,4.4,GOOD
2026-06-07T02:15:00+05:30,PUNE_WEST,0.0,0.0,0.0,20.7,73.5,0.0,4.0,GOOD
2026-06-07T02:30:00+05:30,PUNE_WEST,0.0,0.0,0.0,20,73.5,0.0,3.9,GOOD
2026-06-07T02:45:00+05:30,PUNE_WEST,0.0,0.0,0.0,20,79.3,0.0,3.6,GOOD
2026-06-07T03:00:00+05:30,PUNE_WEST,0.0,0.0,0.0,20,77.8,0.0,4.3,GOOD
2026-06-07T03:15:00+05:30,PUNE_WEST,0.0,0.0,0.0,20,78.1,0.0,3.4,GOOD
2026-06-07T03:30:00+05:30,PUNE_WEST,0.0,0.0,0.0,20,78.8,0.0,4.0,GOOD
2026-06-07T03:45:00+05:30,PUNE_WEST,0.0,0.0,0.0,20,74.8,0.0,3.8,GOOD
2026-06-07T04:00:00+05:30,PUNE_WEST,0.0,0.0,0.0,20,75.1,0.0,3.4,SUSPECT
2026-06-07T04:15:00+05:30,PUNE_WEST,0.0,0.0,0.0,20,74.9,0.0,4.8,GOOD
2026-06-07T04:30:00+05:30,PUNE_WEST,0.0,0.0,0.0,20,73.3,0.0,3.1,GOOD
2026-06-07T04:45:00+05:30,PUNE_WEST,0.0,0.0,0.0,20,74.4,0.0,4.2,GOOD
2026-06-07T05:00:00+05:30,PUNE_WEST,0.0,0.0,0.0,20,67.5,0.0,3.5,GOOD
2026-06-07T05:15:00+05:30,PUNE_WEST,0.0,0.0,0.0,20.4,61.7,0.0,3.1,GOOD
2026-06-07T05:30:00+05:30,PUNE_WEST,0.0,0.0,0.0,20.2,64.1,0.0,3.3,GOOD
2026-06-07T05:45:00+05:30,PUNE_WEST,0.0,0.0,0.0,20.6,65.4,0.0,4.1,GOOD
2026-06-07T06:00:00+05:30,PUNE_WEST,0.0,0.0,0.0,21.2,68.8,0.0,3.4,GOOD
2026-06-07T06:15:00+05:30,PUNE_WEST,46.7,140.5,29.6,21.6,74.4,0.0,3.5,GOOD
2026-06-07T06:30:00+05:30,PUNE_WEST,40.0,113.3,26.2,21.2,77.7,0.0,2.8,GOOD
2026-06-07T06:45:00+05:30,PUNE_WEST,63.1,131.1,41.2,23.2,77.5,0.0,3.3,GOOD
2026-06-07T07:00:00+05:30,PUNE_WEST,105.3,184.0,64.2,22.9,70.7,0.0,4.0,GOOD
2026-06-07T07:15:00+05:30,PUNE_WEST,162.8,232.7,97.6,22.9,69.2,0.0,4.1,GOOD
2026-06-07T07:30:00+05:30,PUNE_WEST,196.4,240.6,115.5,22.6,67.4,0.0,3.6,GOOD
2026-06-07T07:45:00+05:30,PUNE_WEST,213.0,225.3,124.9,24.6,67.1,0.0,3.8,GOOD
2026-06-07T08:00:00+05:30,PUNE_WEST,232.9,215.5,137.0,24.8,67.4,0.0,3.7,GOOD
2026-06-07T08:15:00+05:30,PUNE_WEST,267.3,208.5,163.6,23.7,71.1,0.0,3.3,GOOD
2026-06-07T08:30:00+05:30,PUNE_WEST,327.2,246.8,191.9,24.5,67.1,0.0,3.5,GOOD
2026-06-07T08:45:00+05:30,PUNE_WEST,362.9,246.5,215.6,26.2,68.3,0.0,4.1,GOOD
2026-06-07T09:00:00+05:30,PUNE_WEST,401.3,269.8,227.5,27.4,64.1,0.0,3.7,GOOD
2026-06-07T09:15:00+05:30,PUNE_WEST,424.5,254.8,248.9,26.0,67.1,0.0,2.3,GOOD
2026-06-07T09:30:00+05:30,PUNE_WEST,446.2,244.2,267.5,27.9,69.2,0.0,3.3,GOOD
2026-06-07T09:45:00+05:30,PUNE_WEST,473.6,260.7,272.5,28.8,65.4,0.0,3.0,GOOD
2026-06-07T10:00:00+05:30,PUNE_WEST,482.2,240.3,287.9,26.9,68.8,0.0,2.4,GOOD
2026-06-07T10:15:00+05:30,PUNE_WEST,456.4,193.6,293.3,28.2,75.8,0.0,3.4,GOOD
2026-06-07T10:30:00+05:30,PUNE_WEST,479.5,197.5,307.0,29.6,75.4,0.0,4.0,GOOD
2026-06-07T10:45:00+05:30,PUNE_WEST,497.8,201.6,316.1,29.3,74.6,0.0,4.7,GOOD
2026-06-07T11:00:00+05:30,PUNE_WEST,536.3,219.2,333.4,30.1,72.6,0.0,3.4,GOOD
2026-06-07T11:15:00+05:30,PUNE_WEST,567.0,228.1,351.1,29.0,72.2,0.0,4.7,GOOD
2026-06-07T11:30:00+05:30,PUNE_WEST,540.7,206.0,342.2,29.5,74.3,0.0,3.3,GOOD
2026-06-07T11:45:00+05:30,PUNE_WEST,516.0,180.3,339.7,30.0,78.2,0.0,3.9,GOOD
2026-06-07T12:00:00+05:30,PUNE_WEST,521.1,182.4,341.0,28.5,77.6,0.0,4.5,GOOD
2026-06-07T12:15:00+05:30,PUNE_WEST,503.5,173.4,331.1,30.8,78.1,0.0,3.6,GOOD
2026-06-07T12:30:00+05:30,PUNE_WEST,521.5,177.7,344.3,29.9,78.5,0.0,3.4,GOOD
2026-06-07T12:45:00+05:30,PUNE_WEST,609.0,237.6,372.2,28.4,71.0,0.0,4.7,GOOD
2026-06-07T13:00:00+05:30,PUNE_WEST,601.3,229.1,374.1,29.7,72.6,0.0,3.5,GOOD
2026-06-07T13:15:00+05:30,PUNE_WEST,525.1,190.2,338.2,30.2,76.0,0.0,4.4,GOOD
2026-06-07T13:30:00+05:30,PUNE_WEST,522.2,186.9,340.7,30.8,77.3,0.0,3.9,GOOD
2026-06-07T13:45:00+05:30,PUNE_WEST,515.6,188.5,335.5,29.4,77.0,0.0,3.7,GOOD
2026-06-07T14:00:00+05:30,PUNE_WEST,464.0,161.4,313.0,30.1,80.7,0.0,3.0,GOOD
2026-06-07T14:15:00+05:30,PUNE_WEST,453.3,163.8,303.7,28.1,80.0,0.0,3.9,GOOD
2026-06-07T14:30:00+05:30,PUNE_WEST,440.4,168.0,291.3,29.1,78.7,0.0,4.5,GOOD
2026-06-07T14:45:00+05:30,PUNE_WEST,377.4,134.2,262.3,29.4,83.9,0.0,3.5,GOOD
2026-06-07T15:00:00+05:30,PUNE_WEST,371.7,136.6,259.0,29.2,84.1,0.0,3.7,GOOD
2026-06-07T15:15:00+05:30,PUNE_WEST,330.9,119.4,236.7,28.0,87.0,0.0,4.1,GOOD
2026-06-07T15:30:00+05:30,PUNE_WEST,225.6,77.0,167.8,28.5,91.4,0.0,4.7,GOOD
2026-06-07T15:45:00+05:30,PUNE_WEST,318.4,135.7,222.1,25.8,84.2,0.0,4.4,GOOD
2026-06-07T16:00:00+05:30,PUNE_WEST,322.3,155.2,218.9,26.9,81.4,0.0,3.7,GOOD
2026-06-07T16:15:00+05:30,PUNE_WEST,317.4,189.1,200.1,27.6,73.9,0.0,3.1,GOOD
2026-06-07T16:30:00+05:30,PUNE_WEST,252.3,148.2,167.5,26.6,79.1,0.0,4.4,GOOD
2026-06-07T16:45:00+05:30,PUNE_WEST,257.6,176.0,165.8,28.2,75.9,0.0,3.4,GOOD
2026-06-07T17:00:00+05:30,PUNE_WEST,234.5,171.4,153.9,25.2,77.9,0.0,2.5,GOOD
2026-06-07T17:15:00+05:30,PUNE_WEST,186.1,149.0,124.0,25.3,79.4,0.0,3.6,GOOD
2026-06-07T17:30:00+05:30,PUNE_WEST,144.9,138.5,94.7,24.1,77.4,0.0,3.2,GOOD
2026-06-07T17:45:00+05:30,PUNE_WEST,148.0,167.8,96.5,25.1,77.2,0.0,3.0,GOOD
2026-06-07T18:00:00+05:30,PUNE_WEST,89.5,121.3,59.0,24.9,78.5,0.0,3.8,GOOD
2026-06-07T18:15:00+05:30,PUNE_WEST,66.1,97.0,47.3,23.6,87.0,0.0,4.2,GOOD
2026-06-07T18:30:00+05:30,PUNE_WEST,65.1,147.4,45.0,23.4,83.1,0.0,4.1,GOOD
2026-06-07T18:45:00+05:30,PUNE_WEST,55.1,148.3,37.0,22.9,80.3,0.0,4.1,GOOD
2026-06-07T19:00:00+05:30,PUNE_WEST,0.0,0.0,0.0,22.9,81.5,0.0,4.1,GOOD
2026-06-07T19:15:00+05:30,PUNE_WEST,0.0,0.0,0.0,22.1,78.0,0.0,3.3,GOOD
2026-06-07T19:30:00+05:30,PUNE_WEST,0.0,0.0,0.0,22.2,78.8,0.0,3.6,GOOD
2026-06-07T19:45:00+05:30,PUNE_WEST,0.0,0.0,0.0,21.4,82.4,0.0,3.0,GOOD
2026-06-07T20:00:00+05:30,PUNE_WEST,0.0,0.0,0.0,20.8,80.1,0.0,3.8,GOOD
2026-06-07T20:15:00+05:30,PUNE_WEST,0.0,0.0,0.0,21.2,79.1,0.0,4.1,GOOD
2026-06-07T20:30:00+05:30,PUNE_WEST,0.0,0.0,0.0,21.7,75.9,0.0,4.7,GOOD
2026-06-07T20:45:00+05:30,PUNE_WEST,0.0,0.0,0.0,20.1,78.5,0.0,2.7,GOOD
2026-06-07T21:00:00+05:30,PUNE_WEST,0.0,0.0,0.0,20,83.1,0.0,2.8,GOOD
2026-06-07T21:15:00+05:30,PUNE_WEST,0.0,0.0,0.0,20,83.0,0.0,3.8,GOOD
2026-06-07T21:30:00+05:30,PUNE_WEST,0.0,0.0,0.0,20,85.5,0.0,6.1,GOOD
2026-06-07T21:45:00+05:30,PUNE_WEST,0.0,0.0,0.0,20,83.6,0.0,3.4,GOOD
2026-06-07T22:00:00+05:30,PUNE_WEST,0.0,0.0,0.0,20,88.9,0.0,3.7,GOOD
2026-06-07T22:15:00+05:30,PUNE_WEST,0.0,0.0,0.0,20,84.6,0.0,4.5,GOOD
2026-06-07T22:30:00+05:30,PUNE_WEST,0.0,0.0,0.0,20,73.1,0.0,3.3,GOOD
2026-06-07T22:45:00+05:30,PUNE_WEST,0.0,0.0,0.0,20.2,73.9,0.0,4.0,GOOD
2026-06-07T23:00:00+05:30,PUNE_WEST,0.0,0.0,0.0,20,77.3,0.0,3.7,GOOD
2026-06-07T23:15:00+05:30,PUNE_WEST,0.0,0.0,0.0,20.2,77.8,0.0,4.1,GOOD
2026-06-07T23:30:00+05:30,PUNE_WEST,0.0,0.0,0.0,20,79.2,0.0,3.2,GOOD
2026-06-07T23:45:00+05:30,PUNE_WEST,0.0,0.0,0.0,20.2,83.4,0.0,3.7,GOOD
2026-06-08T00:00:00+05:30,PUNE_WEST,0.0,0.0,0.0,20,80.3,0.0,3.6,GOOD
2026-06-08T00:15:00+05:30,PUNE_WEST,0.0,0.0,0.0,20,82.9,0.0,4.9,GOOD
2026-06-08T00:30:00+05:30,PUNE_WEST,0.0,0.0,0.0,20,80.4,0.0,3.1,GOOD
2026-06-08T00:45:00+05:30,PUNE_WEST,0.0,0.0,0.0,20,74.2,0.0,3.1,GOOD
2026-06-08T01:00:00+05:30,PUNE_WEST,0.0,0.0,0.0,20,82.5,0.0,3.3,GOOD
2026-06-08T01:15:00+05:30,PUNE_WEST,0.0,0.0,0.0,20,85.6,0.0,3.0,GOOD
2026-06-08T01:30:00+05:30,PUNE_WEST,0.0,0.0,0.0,20,78.9,0.0,4.3,GOOD
2026-06-08T01:45:00+05:30,PUNE_WEST,0.0,0.0,0.0,20.9,78.3,0.0,3.8,GOOD
2026-06-08T02:00:00+05:30,PUNE_WEST,0.0,0.0,0.0,20,77.1,0.0,3.8,GOOD
2026-06-08T02:15:00+05:30,PUNE_WEST,0.0,0.0,0.0,20.0,76.6,0.0,3.3,GOOD
2026-06-08T02:30:00+05:30,PUNE_WEST,0.0,0.0,0.0,20.5,74.7,0.0,3.2,GOOD
2026-06-08T02:45:00+05:30,PUNE_WEST,0.0,0.0,0.0,20,78.7,0.0,4.3,GOOD
2026-06-08T03:00:00+05:30,PUNE_WEST,0.0,0.0,0.0,20,75.7,0.0,3.4,GOOD
2026-06-08T03:15:00+05:30,PUNE_WEST,0.0,0.0,0.0,20,77.6,0.0,3.4,GOOD
2026-06-08T03:30:00+05:30,PUNE_WEST,0.0,0.0,0.0,20,80.1,0.0,3.9,GOOD
2026-06-08T03:45:00+05:30,PUNE_WEST,0.0,0.0,0.0,20,72.5,0.0,3.0,GOOD
2026-06-08T04:00:00+05:30,PUNE_WEST,0.0,0.0,0.0,20.1,74.1,0.0,2.4,GOOD
2026-06-08T04:15:00+05:30,PUNE_WEST,0.0,0.0,0.0,20,75.9,0.0,3.8,GOOD
2026-06-08T04:30:00+05:30,PUNE_WEST,0.0,0.0,0.0,20,73.0,0.0,3.2,GOOD
2026-06-08T04:45:00+05:30,PUNE_WEST,0.0,0.0,0.0,20.1,69.4,0.0,3.0,GOOD
2026-06-08T05:00:00+05:30,PUNE_WEST,0.0,0.0,0.0,20,68.3,0.0,2.7,GOOD
2026-06-08T05:15:00+05:30,PUNE_WEST,0.0,0.0,0.0,20,64.3,0.0,3.6,GOOD
2026-06-08T05:30:00+05:30,PUNE_WEST,0.0,0.0,0.0,20,63.3,0.0,2.9,GOOD
2026-06-08T05:45:00+05:30,PUNE_WEST,0.0,0.0,0.0,21.9,62.1,0.0,4.0,GOOD
2026-06-08T06:00:00+05:30,PUNE_WEST,0.0,0.0,0.0,22.6,66.2,0.0,3.2,GOOD
2026-06-08T06:15:00+05:30,PUNE_WEST,8.9,28.7,5.4,21.1,70.6,0.0,3.7,GOOD
2026-06-08T06:30:00+05:30,PUNE_WEST,25.8,81.2,15.9,23.5,71.8,0.0,3.4,GOOD
2026-06-08T06:45:00+05:30,PUNE_WEST,58.3,124.5,37.6,22.6,76.1,0.0,3.3,GOOD
2026-06-08T07:00:00+05:30,PUNE_WEST,87.3,135.1,57.2,22.4,77.6,0.0,4.0,GOOD
2026-06-08T07:15:00+05:30,PUNE_WEST,132.7,178.7,82.7,24.6,72.8,0.0,3.3,GOOD
2026-06-08T07:30:00+05:30,PUNE_WEST,179.2,208.9,109.1,23.7,70.6,0.0,3.0,GOOD
2026-06-08T07:45:00+05:30,PUNE_WEST,216.3,226.1,127.9,23.8,67.9,0.0,4.3,GOOD
2026-06-08T08:00:00+05:30,PUNE_WEST,207.2,184.0,125.4,24.2,70.0,0.0,4.8,GOOD
2026-06-08T08:15:00+05:30,PUNE_WEST,262.5,205.7,160.3,24.7,70.9,0.0,3.3,GOOD
2026-06-08T08:30:00+05:30,PUNE_WEST,276.1,186.1,174.1,25.5,73.9,0.0,4.3,GOOD
2026-06-08T08:45:00+05:30,PUNE_WEST,300.0,181.4,191.7,25.8,75.2,0.0,3.9,GOOD
2026-06-08T09:00:00+05:30,PUNE_WEST,365.6,217.7,225.5,27.3,71.8,0.0,3.6,GOOD
2026-06-08T09:15:00+05:30,PUNE_WEST,387.3,208.1,243.9,27.5,73.8,0.0,3.4,GOOD
2026-06-08T09:30:00+05:30,PUNE_WEST,412.3,218.1,252.8,27.1,71.3,0.0,3.7,GOOD
2026-06-08T09:45:00+05:30,PUNE_WEST,473.0,244.7,284.3,27.9,69.4,0.0,3.0,GOOD
2026-06-08T10:00:00+05:30,PUNE_WEST,506.2,259.8,296.3,26.9,67.0,0.0,2.8,GOOD
2026-06-08T10:15:00+05:30,PUNE_WEST,559.9,284.1,320.8,27.1,65.1,0.0,3.4,GOOD
2026-06-08T10:30:00+05:30,PUNE_WEST,602.2,323.2,320.0,29.2,58.7,0.0,3.6,GOOD
2026-06-08T10:45:00+05:30,PUNE_WEST,602.8,294.1,337.9,29.6,63.2,0.0,3.8,GOOD
2026-06-08T11:00:00+05:30,PUNE_WEST,614.5,290.3,345.9,29.5,63.5,0.0,2.5,GOOD
2026-06-08T11:15:00+05:30,PUNE_WEST,607.0,266.4,355.0,29.4,66.9,0.0,2.2,GOOD
2026-06-08T11:30:00+05:30,PUNE_WEST,568.7,222.4,354.5,28.5,72.8,0.0,2.9,GOOD
2026-06-08T11:45:00+05:30,PUNE_WEST,512.4,177.3,339.1,29.6,78.7,0.0,3.7,GOOD
2026-06-08T12:00:00+05:30,PUNE_WEST,570.7,210.5,362.7,28.8,74.7,0.0,3.7,GOOD
2026-06-08T12:15:00+05:30,PUNE_WEST,553.8,205.0,350.0,29.6,74.1,0.0,3.9,GOOD
2026-06-08T12:30:00+05:30,PUNE_WEST,600.5,233.1,368.0,30.5,71.2,0.0,3.1,GOOD
2026-06-08T12:45:00+05:30,PUNE_WEST,613.1,242.1,372.0,29.0,70.3,0.0,3.0,GOOD
2026-06-08T13:00:00+05:30,PUNE_WEST,628.1,255.1,375.2,29.9,68.8,0.0,3.1,GOOD
2026-06-08T13:15:00+05:30,PUNE_WEST,566.0,216.9,352.8,28.9,72.8,0.0,3.9,GOOD
2026-06-08T13:30:00+05:30,PUNE_WEST,565.6,227.5,344.7,30.4,70.7,0.0,4.0,GOOD
2026-06-08T13:45:00+05:30,PUNE_WEST,542.0,210.1,341.4,29.5,73.8,0.0,3.1,GOOD
2026-06-08T14:00:00+05:30,PUNE_WEST,533.0,204.0,342.1,28.3,75.7,0.0,3.9,GOOD
2026-06-08T14:15:00+05:30,PUNE_WEST,420.4,147.6,285.6,29.2,81.4,0.0,3.8,GOOD
2026-06-08T14:30:00+05:30,PUNE_WEST,399.6,140.3,275.1,28.3,82.9,0.0,4.2,GOOD
2026-06-08T14:45:00+05:30,PUNE_WEST,408.1,154.3,275.8,28.2,80.9,0.0,3.6,GOOD
2026-06-08T15:00:00+05:30,PUNE_WEST,368.0,139.3,253.0,29.7,82.7,0.0,3.0,GOOD
2026-06-08T15:15:00+05:30,PUNE_WEST,274.1,96.7,197.8,27.8,87.9,0.0,4.6,GOOD
2026-06-08T15:30:00+05:30,PUNE_WEST,288.6,107.1,208.0,28.1,87.8,0.0,4.6,GOOD
2026-06-08T15:45:00+05:30,PUNE_WEST,246.5,91.1,181.8,27.7,90.4,0.0,2.6,GOOD
2026-06-08T16:00:00+05:30,PUNE_WEST,270.0,110.2,196.5,27.4,88.9,0.0,3.6,GOOD
2026-06-08T16:15:00+05:30,PUNE_WEST,205.5,91.9,148.4,27.7,88.1,0.0,3.7,GOOD
2026-06-08T16:30:00+05:30,PUNE_WEST,198.4,92.5,145.4,25.6,89.7,0.0,3.6,GOOD
2026-06-08T16:45:00+05:30,PUNE_WEST,172.7,92.3,124.5,26.4,87.8,0.0,4.2,GOOD
2026-06-08T17:00:00+05:30,PUNE_WEST,145.8,79.2,108.5,23.9,91.4,0.0,4.9,GOOD
2026-06-08T17:15:00+05:30,PUNE_WEST,123.5,74.9,92.2,25.2,91.8,0.0,4.6,GOOD
2026-06-08T17:30:00+05:30,PUNE_WEST,104.4,74.1,77.5,25.3,91.1,0.0,3.7,GOOD
2026-06-08T17:45:00+05:30,PUNE_WEST,70.1,52.3,53.9,24.8,95.4,0.0,3.5,GOOD
2026-06-08T18:00:00+05:30,PUNE_WEST,69.7,70.5,51.9,24.8,91.5,0.0,4.2,GOOD
2026-06-08T18:15:00+05:30,PUNE_WEST,66.8,97.6,47.8,23.4,86.9,0.0,3.4,GOOD
2026-06-08T18:30:00+05:30,PUNE_WEST,55.0,105.3,40.5,23.6,90.1,0.0,4.6,GOOD
2026-06-08T18:45:00+05:30,PUNE_WEST,31.5,72.2,22.7,22.9,87.8,0.0,3.2,GOOD
2026-06-08T19:00:00+05:30,PUNE_WEST,17.4,42.5,12.2,23.1,85.0,0.0,3.5,GOOD
2026-06-08T19:15:00+05:30,PUNE_WEST,0.0,0.0,0.0,22.4,79.2,0.0,3.9,GOOD
2026-06-08T19:30:00+05:30,PUNE_WEST,0.0,0.0,0.0,20.2,83.0,0.0,3.6,GOOD
2026-06-08T19:45:00+05:30,PUNE_WEST,0.0,0.0,0.0,21.6,83.8,0.0,4.8,GOOD
2026-06-08T20:00:00+05:30,PUNE_WEST,0.0,0.0,0.0,21.2,82.3,0.0,3.9,GOOD
2026-06-08T20:15:00+05:30,PUNE_WEST,0.0,0.0,0.0,20.4,87.2,0.0,5.0,GOOD
2026-06-08T20:30:00+05:30,PUNE_WEST,0.0,0.0,0.0,20,91.1,0.0,3.8,GOOD
2026-06-08T20:45:00+05:30,PUNE_WEST,0.0,0.0,0.0,20,86.6,0.0,2.1,GOOD
2026-06-08T21:00:00+05:30,PUNE_WEST,0.0,0.0,0.0,20,84.9,0.0,2.9,GOOD
2026-06-08T21:15:00+05:30,PUNE_WEST,0.0,0.0,0.0,20,90.8,0.0,3.5,GOOD
2026-06-08T21:30:00+05:30,PUNE_WEST,0.0,0.0,0.0,20,90.0,0.0,2.8,GOOD
2026-06-08T21:45:00+05:30,PUNE_WEST,0.0,0.0,0.0,20,92.1,0.0,3.2,GOOD
2026-06-08T22:00:00+05:30,PUNE_WEST,0.0,0.0,0.0,20,89.1,0.0,3.9,GOOD
2026-06-08T22:15:00+05:30,PUNE_WEST,0.0,0.0,0.0,20,86.3,0.0,2.9,GOOD
2026-06-08T22:30:00+05:30,PUNE_WEST,0.0,0.0,0.0,20,81.3,0.0,3.8,GOOD
2026-06-08T22:45:00+05:30,PUNE_WEST,0.0,0.0,0.0,20,75.2,0.0,3.0,GOOD
2026-06-08T23:00:00+05:30,PUNE_WEST,0.0,0.0,0.0,20,82.0,0.0,3.8,GOOD
2026-06-08T23:15:00+05:30,PUNE_WEST,0.0,0.0,0.0,20,81.8,0.0,4.1,GOOD
2026-06-08T23:30:00+05:30,PUNE_WEST,0.0,0.0,0.0,20,80.5,0.0,4.6,GOOD
2026-06-08T23:45:00+05:30,PUNE_WEST,0.0,0.0,0.0,20,78.4,0.0,4.0,GOOD
2026-06-09T00:00:00+05:30,PUNE_WEST,0.0,0.0,0.0,20,77.8,0.0,3.9,GOOD
2026-06-09T00:15:00+05:30,PUNE_WEST,0.0,0.0,0.0,20,71.8,0.0,3.1,GOOD
2026-06-09T00:30:00+05:30,PUNE_WEST,0.0,0.0,0.0,20,70.1,0.0,3.5,GOOD
2026-06-09T00:45:00+05:30,PUNE_WEST,0.0,0.0,0.0,20.5,66.0,0.0,3.9,GOOD
2026-06-09T01:00:00+05:30,PUNE_WEST,0.0,0.0,0.0,20.2,62.5,0.0,4.0,GOOD
2026-06-09T01:15:00+05:30,PUNE_WEST,0.0,0.0,0.0,20,65.0,0.0,3.5,GOOD
2026-06-09T01:30:00+05:30,PUNE_WEST,0.0,0.0,0.0,21.1,67.7,0.0,4.9,GOOD
2026-06-09T01:45:00+05:30,PUNE_WEST,0.0,0.0,0.0,20,72.4,0.0,4.1,GOOD
2026-06-09T02:00:00+05:30,PUNE_WEST,0.0,0.0,0.0,20.4,69.4,0.0,3.7,GOOD
2026-06-09T02:15:00+05:30,PUNE_WEST,0.0,0.0,0.0,20,71.1,0.0,3.0,GOOD
2026-06-09T02:30:00+05:30,PUNE_WEST,0.0,0.0,0.0,20,71.5,0.0,3.7,GOOD
2026-06-09T02:45:00+05:30,PUNE_WEST,0.0,0.0,0.0,20,73.3,0.0,3.4,GOOD
2026-06-09T03:00:00+05:30,PUNE_WEST,0.0,0.0,0.0,20.1,70.4,0.0,3.7,GOOD
2026-06-09T03:15:00+05:30,PUNE_WEST,0.0,0.0,0.0,20,70.3,0.0,3.6,GOOD
2026-06-09T03:30:00+05:30,PUNE_WEST,0.0,0.0,0.0,20,69.9,0.0,3.1,GOOD
2026-06-09T03:45:00+05:30,PUNE_WEST,0.0,0.0,0.0,20,67.5,0.0,3.6,GOOD
2026-06-09T04:00:00+05:30,PUNE_WEST,0.0,0.0,0.0,20.9,63.1,0.0,3.9,GOOD
2026-06-09T04:15:00+05:30,PUNE_WEST,0.0,0.0,0.0,20,67.5,0.0,3.5,GOOD
2026-06-09T04:30:00+05:30,PUNE_WEST,0.0,0.0,0.0,21.1,65.2,0.0,3.0,GOOD
2026-06-09T04:45:00+05:30,PUNE_WEST,0.0,0.0,0.0,20,65.7,0.0,3.8,GOOD
2026-06-09T05:00:00+05:30,PUNE_WEST,0.0,0.0,0.0,20.2,63.4,0.0,4.9,GOOD
2026-06-09T05:15:00+05:30,PUNE_WEST,0.0,0.0,0.0,20.9,68.0,0.0,2.9,GOOD
2026-06-09T05:30:00+05:30,PUNE_WEST,0.0,0.0,0.0,20,64.1,0.0,3.1,GOOD
2026-06-09T05:45:00+05:30,PUNE_WEST,0.0,0.0,0.0,21.7,62.9,0.0,3.6,GOOD
2026-06-09T06:00:00+05:30,PUNE_WEST,0.0,0.0,0.0,22.2,58.7,0.0,2.6,GOOD
2026-06-09T06:15:00+05:30,PUNE_WEST,10.1,37.0,5.6,22.1,62.3,0.0,2.2,GOOD
2026-06-09T06:30:00+05:30,PUNE_WEST,47.1,181.2,25.0,22.7,58.7,0.0,3.0,GOOD
2026-06-09T06:45:00+05:30,PUNE_WEST,53.7,151.5,28.5,22.8,58.7,0.0,3.2,GOOD
2026-06-09T07:00:00+05:30,PUNE_WEST,103.4,193.7,60.2,23.4,66.5,0.0,5.0,GOOD
2026-06-09T07:15:00+05:30,PUNE_WEST,157.1,233.2,91.9,23.9,66.9,0.0,4.1,GOOD
2026-06-09T07:30:00+05:30,PUNE_WEST,202.5,252.8,117.7,24.5,66.4,0.0,4.4,GOOD
2026-06-09T07:45:00+05:30,PUNE_WEST,192.7,200.1,114.6,23.9,68.4,0.0,2.6,GOOD
2026-06-09T08:00:00+05:30,PUNE_WEST,257.3,230.0,155.2,25.8,69.7,0.0,4.3,GOOD
2026-06-09T08:15:00+05:30,PUNE_WEST,293.9,234.5,177.5,24.4,69.8,0.0,4.8,GOOD
2026-06-09T08:30:00+05:30,PUNE_WEST,328.6,247.4,193.2,26.6,67.4,0.0,3.3,GOOD
2026-06-09T08:45:00+05:30,PUNE_WEST,355.9,244.8,209.8,25.4,67.6,0.0,4.1,GOOD
2026-06-09T09:00:00+05:30,PUNE_WEST,356.2,204.6,224.6,24.4,73.9,0.0,3.7,GOOD
2026-06-09T09:15:00+05:30,PUNE_WEST,348.0,182.0,222.8,26.4,75.4,0.0,5.5,GOOD
2026-06-09T09:30:00+05:30,PUNE_WEST,405.6,207.6,253.9,26.9,73.2,0.0,4.0,GOOD
2026-06-09T09:45:00+05:30,PUNE_WEST,382.1,184.0,240.4,27.7,73.7,0.0,3.8,GOOD
2026-06-09T10:00:00+05:30,PUNE_WEST,446.8,201.7,284.0,27.5,74.7,0.0,3.8,GOOD
2026-06-09T10:15:00+05:30,PUNE_WEST,454.0,191.9,292.6,27.8,76.1,0.0,3.2,GOOD
2026-06-09T10:30:00+05:30,PUNE_WEST,484.7,195.8,313.9,28.9,76.6,0.0,3.5,GOOD
2026-06-09T10:45:00+05:30,PUNE_WEST,441.4,159.6,297.7,29.3,80.7,0.0,5.3,GOOD
2026-06-09T11:00:00+05:30,PUNE_WEST,467.3,168.9,311.1,27.6,79.3,0.0,3.4,GOOD
2026-06-09T11:15:00+05:30,PUNE_WEST,472.3,166.6,314.7,28.3,79.4,0.0,4.1,GOOD
2026-06-09T11:30:00+05:30,PUNE_WEST,399.6,123.5,280.6,30.0,85.0,0.0,3.9,GOOD
2026-06-09T11:45:00+05:30,PUNE_WEST,360.2,102.2,260.3,29.0,88.1,0.0,5.2,GOOD
2026-06-09T12:00:00+05:30,PUNE_WEST,435.6,131.6,305.6,29.9,84.9,0.0,3.0,GOOD
2026-06-09T12:15:00+05:30,PUNE_WEST,437.2,133.4,304.6,27.7,84.1,0.0,4.4,GOOD
2026-06-09T12:30:00+05:30,PUNE_WEST,403.6,114.3,289.7,28.7,87.3,0.0,4.1,GOOD
2026-06-09T12:45:00+05:30,PUNE_WEST,340.5,86.2,254.6,29.5,92.0,0.0,4.6,GOOD
2026-06-09T13:00:00+05:30,PUNE_WEST,387.7,107.0,281.6,29.8,88.7,0.0,3.6,GOOD
2026-06-09T13:15:00+05:30,PUNE_WEST,306.6,77.3,230.6,28.9,92.6,0.0,3.9,GOOD
2026-06-09T13:30:00+05:30,PUNE_WEST,261.7,61.8,201.7,29.7,95.5,0.0,4.2,GOOD
2026-06-09T13:45:00+05:30,PUNE_WEST,348.1,96.3,256.2,28.8,90.1,0.0,5.4,GOOD
2026-06-09T14:00:00+05:30,PUNE_WEST,338.8,95.1,249.7,27.9,90.3,0.0,3.9,GOOD
2026-06-09T14:15:00+05:30,PUNE_WEST,292.1,79.6,219.4,28.9,92.5,0.0,5.1,GOOD
2026-06-09T14:30:00+05:30,PUNE_WEST,334.4,105.4,240.8,28.1,87.7,0.0,3.9,GOOD
2026-06-09T14:45:00+05:30,PUNE_WEST,325.3,102.4,237.5,28.8,89.2,0.0,4.6,GOOD
2026-06-09T15:00:00+05:30,PUNE_WEST,235.8,66.7,180.7,26.8,94.8,0.0,3.6,GOOD
2026-06-09T15:15:00+05:30,PUNE_WEST,163.5,45.2,127.8,26.9,97.2,0.0,4.3,GOOD
2026-06-09T15:30:00+05:30,PUNE_WEST,153.6,42.6,121.5,28.7,98.7,0.0,4.7,GOOD
2026-06-09T15:45:00+05:30,PUNE_WEST,137.6,41.7,107.9,26.5,97.6,0.0,3.9,GOOD
2026-06-09T16:00:00+05:30,PUNE_WEST,186.4,67.3,141.5,26.8,93.7,0.0,4.4,GOOD
2026-06-09T16:15:00+05:30,PUNE_WEST,154.6,59.4,117.7,26.3,94.1,0.0,4.3,GOOD
2026-06-09T16:30:00+05:30,PUNE_WEST,144.3,59.7,110.1,25.4,94.3,0.0,4.9,GOOD
2026-06-09T16:45:00+05:30,PUNE_WEST,195.2,104.4,140.5,26.8,87.7,0.0,4.7,GOOD
2026-06-09T17:00:00+05:30,PUNE_WEST,157.4,90.2,114.8,24.9,89.1,0.0,3.8,GOOD
2026-06-09T17:15:00+05:30,PUNE_WEST,162.9,120.2,112.5,24.5,83.2,0.0,4.1,GOOD
2026-06-09T17:30:00+05:30,PUNE_WEST,121.8,100.8,85.1,24.6,84.4,0.0,4.2,GOOD
2026-06-09T17:45:00+05:30,PUNE_WEST,126.6,114.3,91.2,24.9,87.8,0.0,4.0,GOOD
2026-06-09T18:00:00+05:30,PUNE_WEST,73.8,80.4,53.5,23.7,88.4,0.0,4.3,GOOD
2026-06-09T18:15:00+05:30,PUNE_WEST,75.1,121.0,51.4,24.2,82.1,0.0,2.8,GOOD
2026-06-09T18:30:00+05:30,PUNE_WEST,42.6,106.2,27.9,23.9,77.5,0.0,3.1,GOOD
2026-06-09T18:45:00+05:30,PUNE_WEST,7.4,18.2,5.1,22.0,84.5,0.0,4.5,GOOD
2026-06-09T19:00:00+05:30,PUNE_WEST,13.4,32.8,9.4,22.5,85.0,0.0,4.3,GOOD
2026-06-09T19:15:00+05:30,PUNE_WEST,0.0,0.0,0.0,23.4,87.7,0.0,3.2,GOOD
2026-06-09T19:30:00+05:30,PUNE_WEST,0.0,0.0,0.0,21.2,89.9,0.0,3.9,GOOD
2026-06-09T19:45:00+05:30,PUNE_WEST,0.0,0.0,0.0,20.7,90.0,0.0,4.7,GOOD
2026-06-09T20:00:00+05:30,PUNE_WEST,0.0,0.0,0.0,21.3,93.9,0.0,4.4,GOOD
2026-06-09T20:15:00+05:30,PUNE_WEST,0.0,0.0,0.0,20,90.1,0.0,3.6,GOOD
2026-06-09T20:30:00+05:30,PUNE_WEST,0.0,0.0,0.0,20.9,85.1,0.0,3.2,GOOD
2026-06-09T20:45:00+05:30,PUNE_WEST,0.0,0.0,0.0,20,79.8,0.0,3.0,GOOD
2026-06-09T21:00:00+05:30,PUNE_WEST,0.0,0.0,0.0,20,83.9,0.0,2.9,GOOD
2026-06-09T21:15:00+05:30,PUNE_WEST,0.0,0.0,0.0,20,87.4,0.0,3.6,GOOD
2026-06-09T21:30:00+05:30,PUNE_WEST,0.0,0.0,0.0,20,87.4,0.0,4.2,GOOD
2026-06-09T21:45:00+05:30,PUNE_WEST,0.0,0.0,0.0,20,89.6,0.0,4.0,GOOD
2026-06-09T22:00:00+05:30,PUNE_WEST,0.0,0.0,0.0,20,89.1,0.0,3.5,GOOD
2026-06-09T22:15:00+05:30,PUNE_WEST,0.0,0.0,0.0,20,90.9,0.0,3.0,GOOD
2026-06-09T22:30:00+05:30,PUNE_WEST,0.0,0.0,0.0,20,89.3,0.0,3.8,GOOD
2026-06-09T22:45:00+05:30,PUNE_WEST,0.0,0.0,0.0,20,93.0,0.0,4.4,GOOD
2026-06-09T23:00:00+05:30,PUNE_WEST,0.0,0.0,0.0,20,90.6,0.0,3.2,GOOD
2026-06-09T23:15:00+05:30,PUNE_WEST,0.0,0.0,0.0,20,93.2,0.0,4.0,GOOD
2026-06-09T23:30:00+05:30,PUNE_WEST,0.0,0.0,0.0,20,84.5,0.0,3.7,GOOD
2026-06-09T23:45:00+05:30,PUNE_WEST,0.0,0.0,0.0,20,84.9,0.0,5.3,GOOD
2026-06-10T00:00:00+05:30,PUNE_WEST,0.0,0.0,0.0,20,73.6,0.0,4.1,GOOD
2026-06-10T00:15:00+05:30,PUNE_WEST,0.0,0.0,0.0,20,78.8,0.0,3.7,GOOD
2026-06-10T00:30:00+05:30,PUNE_WEST,0.0,0.0,0.0,20,75.1,0.0,4.2,GOOD
2026-06-10T00:45:00+05:30,PUNE_WEST,0.0,0.0,0.0,20,62.9,0.0,3.7,GOOD
2026-06-10T01:00:00+05:30,PUNE_WEST,0.0,0.0,0.0,20,64.5,0.0,4.2,GOOD
2026-06-10T01:15:00+05:30,PUNE_WEST,0.0,0.0,0.0,20,66.5,0.0,3.2,GOOD
2026-06-10T01:30:00+05:30,PUNE_WEST,0.0,0.0,0.0,20,73.9,0.0,3.3,GOOD
2026-06-10T01:45:00+05:30,PUNE_WEST,0.0,0.0,0.0,20.1,73.0,0.0,2.8,GOOD
2026-06-10T02:00:00+05:30,PUNE_WEST,0.0,0.0,0.0,20,71.2,0.0,4.1,GOOD
2026-06-10T02:15:00+05:30,PUNE_WEST,0.0,0.0,0.0,21.3,72.8,0.0,3.7,GOOD
2026-06-10T02:30:00+05:30,PUNE_WEST,0.0,0.0,0.0,20,77.9,0.0,4.3,GOOD
2026-06-10T02:45:00+05:30,PUNE_WEST,0.0,0.0,0.0,20,81.5,0.0,4.1,GOOD
2026-06-10T03:00:00+05:30,PUNE_WEST,0.0,0.0,0.0,20,80.9,0.0,4.3,GOOD
2026-06-10T03:15:00+05:30,PUNE_WEST,0.0,0.0,0.0,20,78.5,0.0,4.2,GOOD
2026-06-10T03:30:00+05:30,PUNE_WEST,0.0,0.0,0.0,20.7,73.9,0.0,3.2,GOOD
2026-06-10T03:45:00+05:30,PUNE_WEST,0.0,0.0,0.0,20,72.3,0.0,3.5,GOOD
2026-06-10T04:00:00+05:30,PUNE_WEST,0.0,0.0,0.0,20.3,73.3,0.0,4.4,GOOD
2026-06-10T04:15:00+05:30,PUNE_WEST,0.0,0.0,0.0,20,71.3,0.0,3.7,GOOD
2026-06-10T04:30:00+05:30,PUNE_WEST,0.0,0.0,0.0,20,68.5,0.0,4.5,GOOD
2026-06-10T04:45:00+05:30,PUNE_WEST,0.0,0.0,0.0,20,66.8,0.0,3.7,GOOD
2026-06-10T05:00:00+05:30,PUNE_WEST,0.0,0.0,0.0,20,68.2,0.0,3.9,GOOD
2026-06-10T05:15:00+05:30,PUNE_WEST,0.0,0.0,0.0,20,70.7,0.0,2.6,GOOD
2026-06-10T05:30:00+05:30,PUNE_WEST,0.0,0.0,0.0,20.9,76.1,0.0,4.9,GOOD
2026-06-10T05:45:00+05:30,PUNE_WEST,0.0,0.0,0.0,20.6,75.3,0.0,3.9,GOOD
2026-06-10T06:00:00+05:30,PUNE_WEST,0.0,0.0,0.0,21.4,70.4,0.0,4.0,GOOD
2026-06-10T06:15:00+05:30,PUNE_WEST,19.9,60.9,12.5,21.1,73.5,0.0,3.3,GOOD
2026-06-10T06:30:00+05:30,PUNE_WEST,7.9,23.8,5.0,22.7,74.2,0.0,4.5,GOOD
2026-06-10T06:45:00+05:30,PUNE_WEST,62.2,139.8,39.0,21.4,73.4,0.0,3.5,GOOD
2026-06-10T07:00:00+05:30,PUNE_WEST,122.9,200.5,78.2,24.9,74.9,0.0,4.1,GOOD
2026-06-10T07:15:00+05:30,PUNE_WEST,184.6,256.0,113.1,23.4,71.2,0.0,3.7,GOOD
2026-06-10T07:30:00+05:30,PUNE_WEST,167.2,190.0,103.5,23.1,72.2,0.0,4.0,GOOD
2026-06-10T07:45:00+05:30,PUNE_WEST,209.4,230.7,119.5,24.7,64.7,0.0,4.0,GOOD
2026-06-10T08:00:00+05:30,PUNE_WEST,223.2,201.4,133.9,24.1,69.2,0.0,3.3,GOOD
2026-06-10T08:15:00+05:30,PUNE_WEST,285.4,228.7,171.9,25.3,69.6,0.0,3.6,GOOD
2026-06-10T08:30:00+05:30,PUNE_WEST,291.3,192.2,186.1,27.0,75.2,0.0,2.8,GOOD
2026-06-10T08:45:00+05:30,PUNE_WEST,271.5,154.9,179.2,26.1,78.5,0.0,2.7,GOOD
2026-06-10T09:00:00+05:30,PUNE_WEST,351.7,205.4,219.6,25.0,73.0,0.0,3.3,GOOD
2026-06-10T09:15:00+05:30,PUNE_WEST,353.1,183.2,227.1,27.1,75.9,0.0,4.6,GOOD
2026-06-10T09:30:00+05:30,PUNE_WEST,415.4,215.5,258.1,26.7,72.5,0.0,3.7,GOOD
2026-06-10T09:45:00+05:30,PUNE_WEST,430.4,213.2,266.2,27.4,72.1,0.0,4.0,GOOD
2026-06-10T10:00:00+05:30,PUNE_WEST,452.7,215.2,279.1,27.1,71.7,0.0,5.8,GOOD
2026-06-10T10:15:00+05:30,PUNE_WEST,490.5,226.6,299.9,29.5,71.0,0.0,4.7,GOOD
2026-06-10T10:30:00+05:30,PUNE_WEST,473.8,190.9,307.3,28.1,76.7,0.0,4.1,GOOD
2026-06-10T10:45:00+05:30,PUNE_WEST,520.8,213.2,328.9,27.6,74.1,0.0,3.5,GOOD
2026-06-10T11:00:00+05:30,PUNE_WEST,548.0,235.9,329.9,29.4,69.5,0.0,3.8,GOOD
2026-06-10T11:15:00+05:30,PUNE_WEST,592.3,257.2,349.2,30.5,67.6,0.0,2.9,GOOD
2026-06-10T11:30:00+05:30,PUNE_WEST,593.9,245.4,357.5,30.1,69.5,0.0,4.6,GOOD
2026-06-10T11:45:00+05:30,PUNE_WEST,664.4,302.8,368.6,31.3,62.3,0.0,3.7,GOOD
2026-06-10T12:00:00+05:30,PUNE_WEST,703.2,333.7,373.7,29.6,58.7,0.0,3.6,GOOD
2026-06-10T12:15:00+05:30,PUNE_WEST,700.1,330.0,372.1,31.4,58.7,0.0,3.2,GOOD
2026-06-10T12:30:00+05:30,PUNE_WEST,633.0,265.6,368.3,29.2,66.4,0.0,3.7,GOOD
2026-06-10T12:45:00+05:30,PUNE_WEST,622.6,253.3,370.3,29.8,68.4,0.0,3.5,GOOD
2026-06-10T13:00:00+05:30,PUNE_WEST,639.3,265.4,376.2,30.6,67.4,0.0,3.6,GOOD
2026-06-10T13:15:00+05:30,PUNE_WEST,607.6,244.8,366.9,29.9,69.8,0.0,2.7,GOOD
2026-06-10T13:30:00+05:30,PUNE_WEST,615.7,264.0,359.3,31.0,66.7,0.0,4.3,GOOD
2026-06-10T13:45:00+05:30,PUNE_WEST,604.2,264.4,351.6,29.6,66.4,0.0,3.6,GOOD
2026-06-10T14:00:00+05:30,PUNE_WEST,534.0,214.4,333.3,29.0,72.9,0.0,2.5,GOOD
2026-06-10T14:15:00+05:30,PUNE_WEST,557.1,230.7,346.3,30.2,72.5,0.0,3.6,GOOD
2026-06-10T14:30:00+05:30,PUNE_WEST,492.5,207.4,308.3,29.1,73.2,0.0,4.1,GOOD
2026-06-10T14:45:00+05:30,PUNE_WEST,467.1,190.5,303.5,29.2,76.9,0.0,3.9,GOOD
2026-06-10T15:00:00+05:30,PUNE_WEST,413.1,171.9,271.1,27.7,77.9,0.0,3.4,GOOD
2026-06-10T15:15:00+05:30,PUNE_WEST,376.0,153.0,255.0,28.4,81.3,0.0,2.4,GOOD
2026-06-10T15:30:00+05:30,PUNE_WEST,336.1,148.9,224.1,26.4,79.5,0.0,3.4,GOOD
2026-06-10T15:45:00+05:30,PUNE_WEST,325.7,143.1,223.9,27.1,82.7,0.0,5.1,GOOD
2026-06-10T16:00:00+05:30,PUNE_WEST,337.7,167.2,226.0,29.1,79.9,0.0,4.7,GOOD
2026-06-10T16:15:00+05:30,PUNE_WEST,281.2,145.9,190.4,26.8,81.1,0.0,4.0,GOOD
2026-06-10T16:30:00+05:30,PUNE_WEST,194.3,93.4,140.6,26.3,88.3,0.0,4.3,GOOD
2026-06-10T16:45:00+05:30,PUNE_WEST,186.5,100.7,133.7,25.0,87.2,0.0,4.1,GOOD
2026-06-10T17:00:00+05:30,PUNE_WEST,150.5,91.9,107.1,25.9,86.4,0.0,4.6,GOOD
2026-06-10T17:15:00+05:30,PUNE_WEST,124.1,79.5,90.7,25.9,89.4,0.0,3.4,GOOD
2026-06-10T17:30:00+05:30,PUNE_WEST,148.3,122.4,103.6,25.5,84.4,0.0,3.4,GOOD
2026-06-10T17:45:00+05:30,PUNE_WEST,100.1,89.9,72.3,24.5,87.9,0.0,4.9,GOOD
2026-06-10T18:00:00+05:30,PUNE_WEST,74.6,83.9,53.3,24.6,86.8,0.0,3.9,GOOD
2026-06-10T18:15:00+05:30,PUNE_WEST,42.9,62.6,30.5,24.2,86.4,0.0,3.1,GOOD
2026-06-10T18:30:00+05:30,PUNE_WEST,65.8,135.6,46.8,23.4,86.3,0.0,4.1,GOOD
2026-06-10T18:45:00+05:30,PUNE_WEST,51.9,143.6,34.4,23.2,78.9,0.0,3.8,GOOD
2026-06-10T19:00:00+05:30,PUNE_WEST,20.8,52.1,14.4,22.1,83.7,0.0,4.5,GOOD
2026-06-10T19:15:00+05:30,PUNE_WEST,0.0,0.0,0.0,22.9,82.8,0.0,3.8,GOOD
2026-06-10T19:30:00+05:30,PUNE_WEST,0.0,0.0,0.0,22.2,82.2,0.0,4.4,GOOD
2026-06-10T19:45:00+05:30,PUNE_WEST,0.0,0.0,0.0,20.8,78.2,0.0,3.8,GOOD
2026-06-10T20:00:00+05:30,PUNE_WEST,0.0,0.0,0.0,21.1,82.8,0.0,3.7,GOOD
2026-06-10T20:15:00+05:30,PUNE_WEST,0.0,0.0,0.0,20.9,82.0,0.0,4.2,GOOD
2026-06-10T20:30:00+05:30,PUNE_WEST,0.0,0.0,0.0,20,88.4,0.0,3.7,GOOD
2026-06-10T20:45:00+05:30,PUNE_WEST,0.0,0.0,0.0,20,82.8,0.0,3.9,GOOD
2026-06-10T21:00:00+05:30,PUNE_WEST,0.0,0.0,0.0,20,84.2,0.0,4.6,GOOD
2026-06-10T21:15:00+05:30,PUNE_WEST,0.0,0.0,0.0,20,88.0,0.0,4.6,GOOD
2026-06-10T21:30:00+05:30,PUNE_WEST,0.0,0.0,0.0,20,86.4,0.0,2.9,GOOD
2026-06-10T21:45:00+05:30,PUNE_WEST,0.0,0.0,0.0,20,79.3,0.0,4.9,GOOD
2026-06-10T22:00:00+05:30,PUNE_WEST,0.0,0.0,0.0,20,77.4,0.0,3.0,GOOD
2026-06-10T22:15:00+05:30,PUNE_WEST,0.0,0.0,0.0,20.8,73.6,0.0,3.8,GOOD
2026-06-10T22:30:00+05:30,PUNE_WEST,0.0,0.0,0.0,20,71.7,0.0,4.6,GOOD
2026-06-10T22:45:00+05:30,PUNE_WEST,0.0,0.0,0.0,20,68.1,0.0,4.2,GOOD
2026-06-10T23:00:00+05:30,PUNE_WEST,0.0,0.0,0.0,20,65.9,0.0,3.6,GOOD
2026-06-10T23:15:00+05:30,PUNE_WEST,0.0,0.0,0.0,20,70.6,0.0,4.2,GOOD
2026-06-10T23:30:00+05:30,PUNE_WEST,0.0,0.0,0.0,20,72.3,0.0,3.5,GOOD
2026-06-10T23:45:00+05:30,PUNE_WEST,0.0,0.0,0.0,20,77.0,0.0,3.4,GOOD
2026-06-11T00:00:00+05:30,PUNE_WEST,0.0,0.0,0.0,20,80.8,0.0,3.8,GOOD
2026-06-11T00:15:00+05:30,PUNE_WEST,0.0,0.0,0.0,20,82.3,0.0,4.0,GOOD
2026-06-11T00:30:00+05:30,PUNE_WEST,0.0,0.0,0.0,20,81.6,0.0,3.1,GOOD
2026-06-11T00:45:00+05:30,PUNE_WEST,0.0,0.0,0.0,20,81.0,0.0,3.6,GOOD
2026-06-11T01:00:00+05:30,PUNE_WEST,0.0,0.0,0.0,20,86.8,0.0,4.6,GOOD
2026-06-11T01:15:00+05:30,PUNE_WEST,0.0,0.0,0.0,20,89.1,0.0,4.7,GOOD
2026-06-11T01:30:00+05:30,PUNE_WEST,0.0,0.0,0.0,20,84.9,0.0,3.9,GOOD
2026-06-11T01:45:00+05:30,PUNE_WEST,0.0,0.0,0.0,20,86.3,0.0,4.8,GOOD
2026-06-11T02:00:00+05:30,PUNE_WEST,0.0,0.0,0.0,20,85.4,0.0,4.1,GOOD
2026-06-11T02:15:00+05:30,PUNE_WEST,0.0,0.0,0.0,20,84.9,0.0,4.8,GOOD
2026-06-11T02:30:00+05:30,PUNE_WEST,0.0,0.0,0.0,20.7,81.7,0.0,4.4,GOOD
2026-06-11T02:45:00+05:30,PUNE_WEST,0.0,0.0,0.0,20,83.9,0.0,2.6,GOOD
2026-06-11T03:00:00+05:30,PUNE_WEST,0.0,0.0,0.0,20,82.5,0.0,4.1,GOOD
2026-06-11T03:15:00+05:30,PUNE_WEST,0.0,0.0,0.0,20,80.7,0.0,2.4,GOOD
2026-06-11T03:30:00+05:30,PUNE_WEST,0.0,0.0,0.0,20,85.7,0.0,3.7,GOOD
2026-06-11T03:45:00+05:30,PUNE_WEST,0.0,0.0,0.0,20,79.5,0.0,4.2,GOOD
2026-06-11T04:00:00+05:30,PUNE_WEST,0.0,0.0,0.0,20,77.8,0.0,2.6,GOOD
2026-06-11T04:15:00+05:30,PUNE_WEST,0.0,0.0,0.0,20.9,73.9,0.0,3.1,GOOD
2026-06-11T04:30:00+05:30,PUNE_WEST,0.0,0.0,0.0,20,70.8,0.0,2.1,GOOD
2026-06-11T04:45:00+05:30,PUNE_WEST,0.0,0.0,0.0,20,63.1,0.0,3.1,GOOD
2026-06-11T05:00:00+05:30,PUNE_WEST,0.0,0.0,0.0,20.8,61.3,0.0,3.0,GOOD
2026-06-11T05:15:00+05:30,PUNE_WEST,0.0,0.0,0.0,20,64.1,0.0,4.2,GOOD
2026-06-11T05:30:00+05:30,PUNE_WEST,0.0,0.0,0.0,20,63.8,0.0,4.0,GOOD
2026-06-11T05:45:00+05:30,PUNE_WEST,0.0,0.0,0.0,20,65.2,0.0,3.4,GOOD
2026-06-11T06:00:00+05:30,PUNE_WEST,0.0,0.0,0.0,21.3,64.8,0.0,3.8,GOOD
2026-06-11T06:15:00+05:30,PUNE_WEST,18.6,64.4,10.7,22.1,65.8,0.0,2.4,GOOD
2026-06-11T06:30:00+05:30,PUNE_WEST,30.7,100.0,18.5,22.8,69.8,0.0,4.5,GOOD
2026-06-11T06:45:00+05:30,PUNE_WEST,82.4,182.8,52.1,22.7,74.3,0.0,3.0,GOOD
2026-06-11T07:00:00+05:30,PUNE_WEST,99.7,168.6,62.2,23.1,73.0,0.0,3.6,GOOD
2026-06-11T07:15:00+05:30,PUNE_WEST,151.0,212.5,91.8,24.5,70.4,0.0,3.1,GOOD
2026-06-11T07:30:00+05:30,PUNE_WEST,179.5,211.3,108.8,23.1,70.2,0.0,3.1,GOOD
2026-06-11T07:45:00+05:30,PUNE_WEST,230.7,263.4,128.1,25.3,62.4,0.0,4.4,GOOD
2026-06-11T08:00:00+05:30,PUNE_WEST,249.0,243.8,140.9,24.1,64.0,0.0,3.4,GOOD
2026-06-11T08:15:00+05:30,PUNE_WEST,281.3,225.5,169.5,24.4,69.6,0.0,4.2,GOOD
2026-06-11T08:30:00+05:30,PUNE_WEST,298.6,218.6,179.1,25.4,69.2,0.0,3.8,GOOD
2026-06-11T08:45:00+05:30,PUNE_WEST,318.9,209.7,194.1,25.9,70.5,0.0,3.8,GOOD
2026-06-11T09:00:00+05:30,PUNE_WEST,368.0,215.7,229.4,26.1,72.8,0.0,3.6,GOOD
2026-06-11T09:15:00+05:30,PUNE_WEST,401.1,228.7,243.9,26.1,70.5,0.0,3.1,GOOD
2026-06-11T09:30:00+05:30,PUNE_WEST,378.8,182.8,245.4,28.5,76.6,0.0,3.4,GOOD
2026-06-11T09:45:00+05:30,PUNE_WEST,404.4,184.3,262.6,28.7,76.8,0.0,3.2,GOOD
2026-06-11T10:00:00+05:30,PUNE_WEST,480.0,238.6,287.6,27.8,69.1,0.0,3.1,GOOD
2026-06-11T10:15:00+05:30,PUNE_WEST,460.7,200.7,292.0,26.4,74.4,0.0,3.9,GOOD
2026-06-11T10:30:00+05:30,PUNE_WEST,489.8,199.4,316.0,27.7,76.2,0.0,3.2,GOOD
2026-06-11T10:45:00+05:30,PUNE_WEST,492.1,198.8,313.3,28.0,74.9,0.0,2.8,GOOD
2026-06-11T11:00:00+05:30,PUNE_WEST,528.5,219.7,325.5,28.8,71.7,0.0,3.8,GOOD
2026-06-11T11:15:00+05:30,PUNE_WEST,547.8,221.0,339.0,29.6,72.1,0.0,3.1,GOOD
2026-06-11T11:30:00+05:30,PUNE_WEST,535.4,201.5,341.4,29.9,75.0,0.0,3.9,GOOD
2026-06-11T11:45:00+05:30,PUNE_WEST,555.8,211.5,349.3,28.9,73.6,0.0,4.1,GOOD
2026-06-11T12:00:00+05:30,PUNE_WEST,561.7,201.2,363.0,28.7,76.4,0.0,4.3,GOOD
2026-06-11T12:15:00+05:30,PUNE_WEST,539.6,183.0,357.7,29.0,78.9,0.0,3.1,GOOD
2026-06-11T12:30:00+05:30,PUNE_WEST,468.9,153.8,315.6,30.4,80.5,0.0,3.6,GOOD
2026-06-11T12:45:00+05:30,PUNE_WEST,470.6,148.3,323.0,29.5,82.5,0.0,4.9,GOOD
2026-06-11T13:00:00+05:30,PUNE_WEST,444.9,138.2,307.9,30.1,83.4,0.0,4.5,GOOD
2026-06-11T13:15:00+05:30,PUNE_WEST,465.7,152.1,316.1,27.8,81.4,0.0,2.3,GOOD
2026-06-11T13:30:00+05:30,PUNE_WEST,475.2,156.0,323.7,29.6,81.7,0.0,3.5,GOOD
2026-06-11T13:45:00+05:30,PUNE_WEST,517.0,195.5,330.1,29.3,75.2,0.0,2.5,GOOD
2026-06-11T14:00:00+05:30,PUNE_WEST,473.7,165.4,318.8,27.6,80.5,0.0,4.1,GOOD
2026-06-11T14:15:00+05:30,PUNE_WEST,343.6,100.7,251.6,29.8,89.6,0.0,4.5,GOOD
2026-06-11T14:30:00+05:30,PUNE_WEST,304.5,86.8,227.4,29.4,91.8,0.0,4.2,GOOD
2026-06-11T14:45:00+05:30,PUNE_WEST,282.1,83.3,210.5,28.5,91.8,0.0,3.3,GOOD
2026-06-11T15:00:00+05:30,PUNE_WEST,261.4,79.3,195.8,29.0,92.2,0.0,3.2,GOOD
2026-06-11T15:15:00+05:30,PUNE_WEST,269.5,89.1,199.0,28.0,90.5,0.0,4.2,GOOD
2026-06-11T15:30:00+05:30,PUNE_WEST,289.9,110.0,207.1,26.4,86.8,0.0,3.6,GOOD
2026-06-11T15:45:00+05:30,PUNE_WEST,229.0,81.9,170.7,26.8,91.6,0.0,3.5,GOOD
2026-06-11T16:00:00+05:30,PUNE_WEST,182.8,67.7,137.5,28.6,92.7,0.0,3.3,GOOD
2026-06-11T16:15:00+05:30,PUNE_WEST,196.3,83.3,144.4,25.9,90.1,0.0,5.1,GOOD
2026-06-11T16:30:00+05:30,PUNE_WEST,221.6,116.6,154.6,26.0,84.2,0.0,3.2,GOOD
2026-06-11T16:45:00+05:30,PUNE_WEST,228.4,133.7,158.2,26.3,83.5,0.0,4.0,GOOD
2026-06-11T17:00:00+05:30,PUNE_WEST,179.6,110.7,127.2,26.2,85.9,0.0,4.3,GOOD
2026-06-11T17:15:00+05:30,PUNE_WEST,157.8,106.1,113.1,25.3,87.2,0.0,4.2,GOOD
2026-06-11T17:30:00+05:30,PUNE_WEST,106.1,72.0,79.7,25.5,92.5,0.0,4.6,GOOD
2026-06-11T17:45:00+05:30,PUNE_WEST,77.0,57.9,58.9,24.5,94.8,0.0,3.6,GOOD
2026-06-11T18:00:00+05:30,PUNE_WEST,105.6,122.3,74.4,23.9,85.3,0.0,3.9,GOOD
2026-06-11T18:15:00+05:30,PUNE_WEST,92.0,155.6,61.2,25.6,79.2,0.0,3.3,GOOD
2026-06-11T18:30:00+05:30,PUNE_WEST,41.2,91.7,28.2,22.4,82.3,0.0,3.1,GOOD
2026-06-11T18:45:00+05:30,PUNE_WEST,44.3,123.2,29.3,23.7,78.6,0.0,3.6,GOOD
2026-06-11T19:00:00+05:30,PUNE_WEST,0.0,0.0,0.0,23.5,79.6,0.0,4.0,GOOD
2026-06-11T19:15:00+05:30,PUNE_WEST,0.0,0.0,0.0,21.0,78.6,0.0,3.9,GOOD
2026-06-11T19:30:00+05:30,PUNE_WEST,0.0,0.0,0.0,21.7,80.9,0.0,4.9,GOOD
2026-06-11T19:45:00+05:30,PUNE_WEST,0.0,0.0,0.0,20,81.7,0.47,5.3,GOOD
2026-06-11T20:00:00+05:30,PUNE_WEST,0.0,0.0,0.0,21.4,76.8,0.0,3.5,GOOD
2026-06-11T20:15:00+05:30,PUNE_WEST,0.0,0.0,0.0,21.7,78.0,0.0,4.1,GOOD
2026-06-11T20:30:00+05:30,PUNE_WEST,0.0,0.0,0.0,20,77.1,0.0,4.4,GOOD
2026-06-11T20:45:00+05:30,PUNE_WEST,0.0,0.0,0.0,22.3,78.9,0.0,4.0,GOOD
2026-06-11T21:00:00+05:30,PUNE_WEST,0.0,0.0,0.0,20,77.5,0.0,2.9,GOOD
2026-06-11T21:15:00+05:30,PUNE_WEST,0.0,0.0,0.0,20,78.6,0.0,3.2,GOOD
2026-06-11T21:30:00+05:30,PUNE_WEST,0.0,0.0,0.0,20,75.4,0.0,2.1,GOOD
2026-06-11T21:45:00+05:30,PUNE_WEST,0.0,0.0,0.0,20,78.5,0.0,4.2,GOOD
2026-06-11T22:00:00+05:30,PUNE_WEST,0.0,0.0,0.0,20.2,78.9,0.0,3.9,GOOD
2026-06-11T22:15:00+05:30,PUNE_WEST,0.0,0.0,0.0,20,72.3,0.0,4.0,GOOD
2026-06-11T22:30:00+05:30,PUNE_WEST,0.0,0.0,0.0,20.7,74.6,0.0,5.0,GOOD
2026-06-11T22:45:00+05:30,PUNE_WEST,0.0,0.0,0.0,20,67.8,0.0,1.7,GOOD
2026-06-11T23:00:00+05:30,PUNE_WEST,0.0,0.0,0.0,20,67.8,0.0,3.5,GOOD
2026-06-11T23:15:00+05:30,PUNE_WEST,0.0,0.0,0.0,20,69.2,0.0,2.8,GOOD
2026-06-11T23:30:00+05:30,PUNE_WEST,0.0,0.0,0.0,20,68.2,0.0,5.2,GOOD
2026-06-11T23:45:00+05:30,PUNE_WEST,0.0,0.0,0.0,20.9,74.3,0.0,3.5,GOOD
2026-06-12T00:00:00+05:30,PUNE_WEST,0.0,0.0,0.0,20,95.4,0.0,3.7,GOOD
2026-06-12T00:15:00+05:30,PUNE_WEST,0.0,0.0,0.0,20,95.6,0.0,4.9,GOOD
2026-06-12T00:30:00+05:30,PUNE_WEST,0.0,0.0,0.0,20,94.1,0.0,4.5,GOOD
2026-06-12T00:45:00+05:30,PUNE_WEST,0.0,0.0,0.0,20,93.6,0.0,4.5,GOOD
2026-06-12T01:00:00+05:30,PUNE_WEST,0.0,0.0,0.0,20,94.0,0.0,3.3,GOOD
2026-06-12T01:15:00+05:30,PUNE_WEST,0.0,0.0,0.0,20,93.0,0.0,3.9,GOOD
2026-06-12T01:30:00+05:30,PUNE_WEST,0.0,0.0,0.0,20,90.5,0.0,4.1,GOOD
2026-06-12T01:45:00+05:30,PUNE_WEST,0.0,0.0,0.0,20,88.8,0.77,4.3,GOOD
2026-06-12T02:00:00+05:30,PUNE_WEST,0.0,0.0,0.0,20,91.7,0.0,5.5,GOOD
2026-06-12T02:15:00+05:30,PUNE_WEST,0.0,0.0,0.0,20,92.0,0.0,3.7,GOOD
2026-06-12T02:30:00+05:30,PUNE_WEST,0.0,0.0,0.0,20,85.6,0.0,4.2,GOOD
2026-06-12T02:45:00+05:30,PUNE_WEST,0.0,0.0,0.0,20,78.4,0.0,3.1,GOOD
2026-06-12T03:00:00+05:30,PUNE_WEST,0.0,0.0,0.0,20.0,75.5,0.0,3.3,GOOD
2026-06-12T03:15:00+05:30,PUNE_WEST,0.0,0.0,0.0,20.3,75.4,0.0,3.0,GOOD
2026-06-12T03:30:00+05:30,PUNE_WEST,0.0,0.0,0.0,20,97.0,0.07,4.9,GOOD
2026-06-12T03:45:00+05:30,PUNE_WEST,0.0,0.0,0.0,20,77.6,0.0,3.1,GOOD
2026-06-12T04:00:00+05:30,PUNE_WEST,0.0,0.0,0.0,20,74.6,0.0,3.6,GOOD
2026-06-12T04:15:00+05:30,PUNE_WEST,0.0,0.0,0.0,21.2,76.2,0.0,3.1,GOOD
2026-06-12T04:30:00+05:30,PUNE_WEST,0.0,0.0,0.0,20,76.3,0.0,5.1,GOOD
2026-06-12T04:45:00+05:30,PUNE_WEST,0.0,0.0,0.0,20.9,75.6,0.0,3.8,GOOD
2026-06-12T05:00:00+05:30,PUNE_WEST,0.0,0.0,0.0,20,77.0,0.0,3.7,GOOD
2026-06-12T05:15:00+05:30,PUNE_WEST,0.0,0.0,0.0,20,77.5,0.0,3.7,GOOD
2026-06-12T05:30:00+05:30,PUNE_WEST,0.0,0.0,0.0,20.1,73.3,0.0,3.9,GOOD
2026-06-12T05:45:00+05:30,PUNE_WEST,0.0,0.0,0.0,20.4,78.9,0.0,4.3,GOOD
2026-06-12T06:00:00+05:30,PUNE_WEST,0.0,0.0,0.0,20.5,85.9,0.0,4.2,GOOD
2026-06-12T06:15:00+05:30,PUNE_WEST,11.2,32.8,7.2,22.1,75.9,0.0,4.0,GOOD
2026-06-12T06:30:00+05:30,PUNE_WEST,41.2,119.0,26.7,21.9,76.7,0.0,4.0,GOOD
2026-06-12T06:45:00+05:30,PUNE_WEST,54.4,111.7,36.0,20.9,78.6,0.0,4.0,GOOD
2026-06-12T07:00:00+05:30,PUNE_WEST,75.2,111.9,50.4,23.2,80.0,0.0,3.8,GOOD
2026-06-12T07:15:00+05:30,PUNE_WEST,101.5,135.3,63.8,22.9,73.7,0.0,3.6,GOOD
2026-06-12T07:30:00+05:30,PUNE_WEST,155.0,171.2,97.8,22.9,74.0,0.0,4.1,GOOD
2026-06-12T07:45:00+05:30,PUNE_WEST,113.9,100.8,74.7,23.8,77.8,0.0,3.1,GOOD
2026-06-12T08:00:00+05:30,PUNE_WEST,141.6,105.6,94.9,24.7,80.0,0.0,3.4,GOOD
2026-06-12T08:15:00+05:30,PUNE_WEST,184.5,133.0,118.6,25.9,75.9,0.0,3.7,GOOD
2026-06-12T08:30:00+05:30,PUNE_WEST,212.5,145.8,133.0,25.5,73.2,0.0,2.9,GOOD
2026-06-12T08:45:00+05:30,PUNE_WEST,238.6,151.4,148.5,24.5,72.7,0.0,4.5,GOOD
2026-06-12T09:00:00+05:30,PUNE_WEST,266.9,156.9,166.2,27.0,72.7,0.0,3.1,GOOD
2026-06-12T09:15:00+05:30,PUNE_WEST,285.0,156.6,177.4,26.8,72.7,0.0,3.6,GOOD
2026-06-12T09:30:00+05:30,PUNE_WEST,313.9,162.5,195.4,26.8,72.7,0.0,3.3,GOOD
2026-06-12T09:45:00+05:30,PUNE_WEST,344.8,169.3,214.7,28.1,72.7,0.0,4.0,GOOD
2026-06-12T10:00:00+05:30,PUNE_WEST,364.2,170.6,226.7,26.9,72.7,0.0,3.5,GOOD
2026-06-12T10:15:00+05:30,PUNE_WEST,374.4,165.3,235.6,27.9,73.7,0.0,2.9,GOOD
2026-06-12T10:30:00+05:30,PUNE_WEST,363.4,138.7,242.5,28.8,79.6,0.0,4.4,GOOD
2026-06-12T10:45:00+05:30,PUNE_WEST,297.9,108.3,200.5,27.4,80.5,0.0,3.5,GOOD
2026-06-12T11:00:00+05:30,PUNE_WEST,352.0,121.6,239.7,27.2,81.7,0.0,3.5,GOOD
2026-06-12T11:15:00+05:30,PUNE_WEST,316.8,101.8,220.6,30.0,84.0,0.0,3.3,GOOD
2026-06-12T11:30:00+05:30,PUNE_WEST,260.9,72.8,190.9,28.8,89.5,0.0,5.2,GOOD
2026-06-12T11:45:00+05:30,PUNE_WEST,266.1,75.6,192.3,28.8,88.1,0.0,5.7,GOOD
2026-06-12T12:00:00+05:30,PUNE_WEST,324.8,94.2,231.9,29.7,86.7,0.0,3.2,GOOD
2026-06-12T12:15:00+05:30,PUNE_WEST,293.5,81.5,212.5,28.4,88.3,0.0,4.7,GOOD
2026-06-12T12:30:00+05:30,PUNE_WEST,215.8,51.7,164.2,30.1,94.0,0.0,4.3,GOOD
2026-06-12T12:45:00+05:30,PUNE_WEST,194.3,44.5,150.0,28.1,95.7,0.0,3.9,GOOD
2026-06-12T13:00:00+05:30,PUNE_WEST,307.3,90.2,217.9,30.0,86.0,0.0,5.3,GOOD
2026-06-12T13:15:00+05:30,PUNE_WEST,322.3,96.4,227.5,28.3,85.5,0.0,3.2,GOOD
2026-06-12T13:30:00+05:30,PUNE_WEST,359.2,118.5,244.1,28.4,81.5,0.0,3.9,GOOD
2026-06-12T13:45:00+05:30,PUNE_WEST,361.6,126.7,240.5,27.9,79.2,0.0,3.8,GOOD
2026-06-12T14:00:00+05:30,PUNE_WEST,324.1,104.1,226.5,29.3,84.5,0.0,3.9,GOOD
2026-06-12T14:15:00+05:30,PUNE_WEST,319.4,105.3,223.1,29.4,84.4,0.0,4.7,GOOD
2026-06-12T14:30:00+05:30,PUNE_WEST,66.5,17.5,51.0,26.4,94.8,1.44,5.8,GOOD
2026-06-12T14:45:00+05:30,PUNE_WEST,211.8,64.5,156.4,28.4,90.5,0.0,5.5,GOOD
2026-06-12T15:00:00+05:30,PUNE_WEST,218.8,70.9,160.2,28.5,89.6,0.0,3.5,GOOD
2026-06-12T15:15:00+05:30,PUNE_WEST,208.8,70.9,152.6,27.5,89.4,0.0,3.8,GOOD
2026-06-12T15:30:00+05:30,PUNE_WEST,128.1,39.3,98.5,29.3,95.2,0.0,3.7,GOOD
2026-06-12T15:45:00+05:30,PUNE_WEST,56.5,18.7,43.1,25.7,94.5,1.73,5.3,GOOD
2026-06-12T16:00:00+05:30,PUNE_WEST,148.7,53.4,113.0,26.1,93.8,0.0,4.6,GOOD
2026-06-12T16:15:00+05:30,PUNE_WEST,137.2,50.9,105.4,26.3,95.2,0.0,4.4,GOOD
2026-06-12T16:30:00+05:30,PUNE_WEST,137.2,61.4,101.8,25.1,91.1,0.0,5.2,GOOD
2026-06-12T16:45:00+05:30,PUNE_WEST,134.1,64.7,100.1,25.6,91.7,0.0,4.8,GOOD
2026-06-12T17:00:00+05:30,PUNE_WEST,88.7,45.9,66.9,26.3,93.0,0.0,4.1,GOOD
2026-06-12T17:15:00+05:30,PUNE_WEST,37.6,18.6,29.7,26.4,98.7,0.0,4.7,GOOD
2026-06-12T17:30:00+05:30,PUNE_WEST,52.5,31.4,41.0,25.1,97.0,0.0,3.6,GOOD
2026-06-12T17:45:00+05:30,PUNE_WEST,39.6,27.4,31.1,24.0,97.6,0.0,4.3,GOOD
2026-06-12T18:00:00+05:30,PUNE_WEST,49.2,40.1,38.9,23.9,98.7,0.0,4.6,GOOD
2026-06-12T18:15:00+05:30,PUNE_WEST,38.8,40.6,30.7,23.7,98.7,0.0,4.1,GOOD
2026-06-12T18:30:00+05:30,PUNE_WEST,13.8,22.1,10.7,20.7,95.8,1.45,4.9,GOOD
2026-06-12T18:45:00+05:30,PUNE_WEST,21.9,37.5,17.3,21.8,98.7,0.0,4.7,GOOD
2026-06-12T19:00:00+05:30,PUNE_WEST,0.0,0.0,0.0,20.9,97.0,0.0,3.4,GOOD
2026-06-12T19:15:00+05:30,PUNE_WEST,0.0,0.0,0.0,20.6,98.7,0.0,4.1,GOOD
2026-06-12T19:30:00+05:30,PUNE_WEST,0.0,0.0,0.0,20,92.4,0.0,3.5,GOOD
2026-06-12T19:45:00+05:30,PUNE_WEST,0.0,0.0,0.0,20.5,85.4,0.0,3.6,GOOD
2026-06-12T20:00:00+05:30,PUNE_WEST,0.0,0.0,0.0,21.6,83.9,0.0,4.7,GOOD
2026-06-12T20:15:00+05:30,PUNE_WEST,0.0,0.0,0.0,20,92.7,0.0,3.3,GOOD
2026-06-12T20:30:00+05:30,PUNE_WEST,0.0,0.0,0.0,20.2,88.5,0.0,3.5,GOOD
2026-06-12T20:45:00+05:30,PUNE_WEST,0.0,0.0,0.0,20,99.8,0.21,5.5,GOOD
2026-06-12T21:00:00+05:30,PUNE_WEST,0.0,0.0,0.0,20,90.3,0.0,3.3,GOOD
2026-06-12T21:15:00+05:30,PUNE_WEST,0.0,0.0,0.0,20,91.3,0.0,4.0,GOOD
2026-06-12T21:30:00+05:30,PUNE_WEST,0.0,0.0,0.0,20,90.7,0.0,4.1,GOOD
2026-06-12T21:45:00+05:30,PUNE_WEST,0.0,0.0,0.0,20,86.1,0.0,4.4,GOOD
2026-06-12T22:00:00+05:30,PUNE_WEST,0.0,0.0,0.0,20,84.4,0.0,3.2,GOOD
2026-06-12T22:15:00+05:30,PUNE_WEST,0.0,0.0,0.0,20,90.7,0.0,3.8,GOOD
2026-06-12T22:30:00+05:30,PUNE_WEST,0.0,0.0,0.0,20,92.4,0.0,4.7,GOOD
2026-06-12T22:45:00+05:30,PUNE_WEST,0.0,0.0,0.0,20,97.2,0.0,4.0,GOOD
2026-06-12T23:00:00+05:30,PUNE_WEST,0.0,0.0,0.0,20,94.5,0.0,4.3,GOOD
2026-06-12T23:15:00+05:30,PUNE_WEST,0.0,0.0,0.0,20,92.5,0.0,4.3,GOOD
2026-06-12T23:30:00+05:30,PUNE_WEST,0.0,0.0,0.0,20,95.8,0.0,3.5,GOOD
2026-06-12T23:45:00+05:30,PUNE_WEST,0.0,0.0,0.0,20,94.4,0.0,2.7,GOOD
2026-06-13T00:00:00+05:30,PUNE_WEST,0.0,0.0,0.0,20,42.1,0.0,3.7,GOOD
2026-06-13T00:15:00+05:30,PUNE_WEST,0.0,0.0,0.0,20.4,37.3,0.0,2.6,GOOD
2026-06-13T00:30:00+05:30,PUNE_WEST,0.0,0.0,0.0,20.6,35.4,0.0,4.7,GOOD
2026-06-13T00:45:00+05:30,PUNE_WEST,0.0,0.0,0.0,21.3,35.7,0.0,3.6,GOOD
2026-06-13T01:00:00+05:30,PUNE_WEST,0.0,0.0,0.0,21.3,37.0,0.0,1.8,GOOD
2026-06-13T01:15:00+05:30,PUNE_WEST,0.0,0.0,0.0,20.9,33.3,0.0,3.2,GOOD
2026-06-13T01:30:00+05:30,PUNE_WEST,0.0,0.0,0.0,21.8,37.7,0.0,2.7,GOOD
2026-06-13T01:45:00+05:30,PUNE_WEST,0.0,0.0,0.0,20,35.4,0.0,3.3,GOOD
2026-06-13T02:00:00+05:30,PUNE_WEST,0.0,0.0,0.0,21.5,31.3,0.0,4.0,GOOD
2026-06-13T02:15:00+05:30,PUNE_WEST,0.0,0.0,0.0,22.5,32.7,0.0,2.5,GOOD
2026-06-13T02:30:00+05:30,PUNE_WEST,0.0,0.0,0.0,21.6,31.3,0.0,3.2,GOOD
2026-06-13T02:45:00+05:30,PUNE_WEST,0.0,0.0,0.0,20.5,32.8,0.0,3.6,GOOD
2026-06-13T03:00:00+05:30,PUNE_WEST,0.0,0.0,0.0,20,35.5,0.0,4.2,GOOD
2026-06-13T03:15:00+05:30,PUNE_WEST,0.0,0.0,0.0,20,38.1,0.0,4.4,GOOD
2026-06-13T03:30:00+05:30,PUNE_WEST,0.0,0.0,0.0,20,41.8,0.0,3.3,GOOD
2026-06-13T03:45:00+05:30,PUNE_WEST,0.0,0.0,0.0,20.5,42.8,0.0,3.2,GOOD
2026-06-13T04:00:00+05:30,PUNE_WEST,0.0,0.0,0.0,21.3,44.8,0.0,2.9,GOOD
2026-06-13T04:15:00+05:30,PUNE_WEST,0.0,0.0,0.0,20,49.0,0.0,2.4,GOOD
2026-06-13T04:30:00+05:30,PUNE_WEST,0.0,0.0,0.0,20,51.8,0.0,3.4,GOOD
2026-06-13T04:45:00+05:30,PUNE_WEST,0.0,0.0,0.0,20.5,47.3,0.0,1.7,GOOD
2026-06-13T05:00:00+05:30,PUNE_WEST,0.0,0.0,0.0,20.6,46.8,0.0,2.8,GOOD
2026-06-13T05:15:00+05:30,PUNE_WEST,0.0,0.0,0.0,20.9,49.2,0.0,3.3,GOOD
2026-06-13T05:30:00+05:30,PUNE_WEST,0.0,0.0,0.0,20.3,49.1,0.0,4.0,GOOD
2026-06-13T05:45:00+05:30,PUNE_WEST,0.0,0.0,0.0,21.8,49.4,0.0,3.2,GOOD
2026-06-13T06:00:00+05:30,PUNE_WEST,0.0,0.0,0.0,22.0,41.1,0.0,2.4,GOOD
2026-06-13T06:15:00+05:30,PUNE_WEST,19.4,91.2,8.3,22.2,42.6,0.0,2.1,GOOD
2026-06-13T06:30:00+05:30,PUNE_WEST,58.0,264.6,25.7,22.7,45.2,0.0,3.5,GOOD
2026-06-13T06:45:00+05:30,PUNE_WEST,103.9,334.3,48.9,24.6,49.3,0.0,2.6,GOOD
2026-06-13T07:00:00+05:30,PUNE_WEST,164.2,398.7,75.9,24.4,48.1,0.0,3.1,GOOD
2026-06-13T07:15:00+05:30,PUNE_WEST,218.5,411.4,104.2,24.4,50.3,0.0,2.7,GOOD
2026-06-13T07:30:00+05:30,PUNE_WEST,290.5,489.8,127.1,26.4,44.2,0.0,2.7,GOOD
2026-06-13T07:45:00+05:30,PUNE_WEST,315.5,456.2,138.3,25.5,44.4,0.0,2.2,GOOD
2026-06-13T08:00:00+05:30,PUNE_WEST,342.0,402.7,163.9,25.5,50.7,0.0,2.3,GOOD
2026-06-13T08:15:00+05:30,PUNE_WEST,419.2,447.2,198.1,26.6,49.6,0.0,2.6,GOOD
2026-06-13T08:30:00+05:30,PUNE_WEST,424.9,402.9,205.2,24.1,51.2,0.0,2.3,GOOD
2026-06-13T08:45:00+05:30,PUNE_WEST,495.4,450.5,227.6,26.5,47.6,0.0,2.9,GOOD
2026-06-13T09:00:00+05:30,PUNE_WEST,554.7,496.9,236.0,27.8,42.4,0.0,3.3,GOOD
2026-06-13T09:15:00+05:30,PUNE_WEST,579.5,446.2,273.3,26.4,49.5,0.0,3.8,GOOD
2026-06-13T09:30:00+05:30,PUNE_WEST,642.6,449.6,315.0,27.6,52.3,0.0,3.0,GOOD
2026-06-13T09:45:00+05:30,PUNE_WEST,664.4,417.5,343.5,29.1,56.5,0.0,3.6,GOOD
2026-06-13T10:00:00+05:30,PUNE_WEST,692.2,416.0,357.0,28.3,56.3,0.0,2.5,GOOD
2026-06-13T10:15:00+05:30,PUNE_WEST,760.4,451.4,381.3,28.7,54.1,0.0,2.8,GOOD
2026-06-13T10:30:00+05:30,PUNE_WEST,776.9,449.3,385.6,29.1,53.3,0.0,3.4,GOOD
2026-06-13T10:45:00+05:30,PUNE_WEST,801.2,477.6,371.9,29.2,48.3,0.0,3.9,GOOD
2026-06-13T11:00:00+05:30,PUNE_WEST,838.2,490.1,385.8,29.9,47.7,0.0,3.2,GOOD
2026-06-13T11:15:00+05:30,PUNE_WEST,898.8,540.9,388.0,31.5,43.3,0.0,2.5,GOOD
2026-06-13T11:30:00+05:30,PUNE_WEST,919.5,551.6,388.7,29.7,42.0,0.0,2.7,GOOD
2026-06-13T11:45:00+05:30,PUNE_WEST,917.3,538.1,391.9,31.9,42.7,0.0,1.3,GOOD
2026-06-13T12:00:00+05:30,PUNE_WEST,970.6,593.4,385.0,31.2,37.9,0.0,2.0,SUSPECT
2026-06-13T12:15:00+05:30,PUNE_WEST,932.0,532.9,402.5,30.0,43.4,0.0,2.8,GOOD
2026-06-13T12:30:00+05:30,PUNE_WEST,953.0,580.0,375.0,31.0,37.5,0.0,2.5,GOOD
2026-06-13T12:45:00+05:30,PUNE_WEST,966.3,576.6,392.1,31.8,39.3,0.0,2.7,GOOD
2026-06-13T13:00:00+05:30,PUNE_WEST,982.1,614.8,372.6,32.1,35.3,0.0,3.8,GOOD
2026-06-13T13:15:00+05:30,PUNE_WEST,948.6,560.5,397.4,31.1,41.4,0.0,3.3,GOOD
2026-06-13T13:30:00+05:30,PUNE_WEST,920.2,538.6,396.9,30.0,43.3,0.0,2.6,GOOD
2026-06-13T13:45:00+05:30,PUNE_WEST,910.9,544.1,390.6,30.0,42.9,0.0,2.6,GOOD
2026-06-13T14:00:00+05:30,PUNE_WEST,869.8,502.2,399.2,29.7,47.5,0.0,2.8,GOOD
2026-06-13T14:15:00+05:30,PUNE_WEST,807.1,456.5,389.5,30.5,51.2,0.0,3.1,GOOD
2026-06-13T14:30:00+05:30,PUNE_WEST,778.1,439.1,387.8,30.7,53.6,0.0,2.6,GOOD
2026-06-13T14:45:00+05:30,PUNE_WEST,734.7,439.5,356.9,30.1,51.7,0.0,3.3,GOOD
2026-06-13T15:00:00+05:30,PUNE_WEST,771.3,505.7,352.8,30.7,47.3,0.0,2.9,GOOD
2026-06-13T15:15:00+05:30,PUNE_WEST,724.9,510.6,320.3,29.8,44.9,0.0,2.2,GOOD
2026-06-13T15:30:00+05:30,PUNE_WEST,678.9,524.1,283.6,29.1,41.2,0.0,3.5,GOOD
2026-06-13T15:45:00+05:30,PUNE_WEST,633.0,491.5,282.4,29.3,45.6,0.0,2.8,GOOD
2026-06-13T16:00:00+05:30,PUNE_WEST,588.9,479.7,267.4,28.9,46.8,0.0,3.2,GOOD
2026-06-13T16:15:00+05:30,PUNE_WEST,530.6,454.4,246.9,28.7,48.5,0.0,4.3,GOOD
2026-06-13T16:30:00+05:30,PUNE_WEST,498.7,468.3,228.7,27.4,47.5,0.0,3.3,GOOD
2026-06-13T16:45:00+05:30,PUNE_WEST,451.4,477.3,199.9,27.8,45.1,0.0,3.1,GOOD
2026-06-13T17:00:00+05:30,PUNE_WEST,384.7,444.6,173.3,28.1,46.2,0.0,3.7,GOOD
2026-06-13T17:15:00+05:30,PUNE_WEST,347.7,430.8,165.6,27.1,50.2,0.0,3.3,GOOD
2026-06-13T17:30:00+05:30,PUNE_WEST,294.1,419.8,139.5,27.5,49.9,0.0,3.5,GOOD
2026-06-13T17:45:00+05:30,PUNE_WEST,223.4,340.9,116.6,25.2,57.2,0.0,5.0,GOOD
2026-06-13T18:00:00+05:30,PUNE_WEST,185.7,355.1,94.4,25.0,55.1,0.0,3.5,GOOD
2026-06-13T18:15:00+05:30,PUNE_WEST,135.8,314.5,72.7,23.8,59.3,0.0,4.4,GOOD
2026-06-13T18:30:00+05:30,PUNE_WEST,102.7,356.0,51.5,23.7,54.2,0.0,2.9,GOOD
2026-06-13T18:45:00+05:30,PUNE_WEST,49.5,208.5,24.1,25.6,51.8,0.0,3.2,GOOD
2026-06-13T19:00:00+05:30,PUNE_WEST,11.0,47.4,5.2,24.4,49.9,0.0,1.8,GOOD
2026-06-13T19:15:00+05:30,PUNE_WEST,0.0,0.0,0.0,22.8,53.7,0.0,3.4,GOOD
2026-06-13T19:30:00+05:30,PUNE_WEST,0.0,0.0,0.0,23.7,55.5,0.0,4.3,GOOD
2026-06-13T19:45:00+05:30,PUNE_WEST,0.0,0.0,0.0,21.9,57.3,0.0,3.5,GOOD
2026-06-13T20:00:00+05:30,PUNE_WEST,0.0,0.0,0.0,22.2,55.7,0.0,3.4,GOOD
2026-06-13T20:15:00+05:30,PUNE_WEST,0.0,0.0,0.0,21.7,50.9,0.0,3.1,GOOD
2026-06-13T20:30:00+05:30,PUNE_WEST,0.0,0.0,0.0,21.2,50.4,0.0,2.4,GOOD
2026-06-13T20:45:00+05:30,PUNE_WEST,0.0,0.0,0.0,20.6,45.2,0.0,2.1,GOOD
2026-06-13T21:00:00+05:30,PUNE_WEST,0.0,0.0,0.0,20.4,43.4,0.0,2.5,GOOD
2026-06-13T21:15:00+05:30,PUNE_WEST,0.0,0.0,0.0,21.5,43.7,0.0,3.3,GOOD
2026-06-13T21:30:00+05:30,PUNE_WEST,0.0,0.0,0.0,21.8,40.8,0.0,2.4,GOOD
2026-06-13T21:45:00+05:30,PUNE_WEST,0.0,0.0,0.0,21.5,39.1,0.0,3.3,GOOD
2026-06-13T22:00:00+05:30,PUNE_WEST,0.0,0.0,0.0,20,42.6,0.0,2.4,GOOD
2026-06-13T22:15:00+05:30,PUNE_WEST,0.0,0.0,0.0,20.8,50.3,0.0,3.8,GOOD
2026-06-13T22:30:00+05:30,PUNE_WEST,0.0,0.0,0.0,20.4,45.2,0.0,4.3,GOOD
2026-06-13T22:45:00+05:30,PUNE_WEST,0.0,0.0,0.0,20.1,43.1,0.0,2.3,GOOD
2026-06-13T23:00:00+05:30,PUNE_WEST,0.0,0.0,0.0,21.4,42.1,0.0,3.6,GOOD
2026-06-13T23:15:00+05:30,PUNE_WEST,0.0,0.0,0.0,20.2,48.3,0.0,4.5,GOOD
2026-06-13T23:30:00+05:30,PUNE_WEST,0.0,0.0,0.0,20.3,49.7,0.0,3.4,GOOD
2026-06-13T23:45:00+05:30,PUNE_WEST,0.0,0.0,0.0,20.7,54.6,0.0,3.7,GOOD
2026-05-15T00:00:00+05:30,PUNE_CENTRAL,0.0,0.0,0.0,22.9,45.1,0.0,2.0,GOOD
2026-05-15T00:15:00+05:30,PUNE_CENTRAL,0.0,0.0,0.0,21.0,46.2,0.0,3.9,GOOD
2026-05-15T00:30:00+05:30,PUNE_CENTRAL,0.0,0.0,0.0,23.1,41.7,0.0,3.0,GOOD
2026-05-15T00:45:00+05:30,PUNE_CENTRAL,0.0,0.0,0.0,21.8,43.0,0.0,3.1,GOOD
2026-05-15T01:00:00+05:30,PUNE_CENTRAL,0.0,0.0,0.0,21.9,38.0,0.0,3.9,GOOD
2026-05-15T01:15:00+05:30,PUNE_CENTRAL,0.0,0.0,0.0,21.4,38.9,0.0,2.8,GOOD
2026-05-15T01:30:00+05:30,PUNE_CENTRAL,0.0,0.0,0.0,23.6,37.1,0.0,4.0,GOOD
2026-05-15T01:45:00+05:30,PUNE_CENTRAL,0.0,0.0,0.0,22.6,31.9,0.0,4.7,GOOD
2026-05-15T02:00:00+05:30,PUNE_CENTRAL,0.0,0.0,0.0,22.3,27.0,0.0,2.7,GOOD
2026-05-15T02:15:00+05:30,PUNE_CENTRAL,0.0,0.0,0.0,22.1,24.9,0.0,3.6,GOOD
2026-05-15T02:30:00+05:30,PUNE_CENTRAL,0.0,0.0,0.0,21.9,27.6,0.0,2.5,GOOD
2026-05-15T02:45:00+05:30,PUNE_CENTRAL,0.0,0.0,0.0,23.3,29.4,0.0,2.5,GOOD
2026-05-15T03:00:00+05:30,PUNE_CENTRAL,0.0,0.0,0.0,23.0,31.6,0.0,3.7,GOOD
2026-05-15T03:15:00+05:30,PUNE_CENTRAL,0.0,0.0,0.0,22.5,28.4,0.0,1.9,GOOD
2026-05-15T03:30:00+05:30,PUNE_CENTRAL,0.0,0.0,0.0,21.9,33.1,0.0,2.5,GOOD
2026-05-15T03:45:00+05:30,PUNE_CENTRAL,0.0,0.0,0.0,22.6,33.8,0.0,2.7,GOOD
2026-05-15T04:00:00+05:30,PUNE_CENTRAL,0.0,0.0,0.0,21.2,37.0,0.0,3.0,GOOD
2026-05-15T04:15:00+05:30,PUNE_CENTRAL,0.0,0.0,0.0,22.8,31.7,0.0,2.1,GOOD
2026-05-15T04:30:00+05:30,PUNE_CENTRAL,0.0,0.0,0.0,22.6,31.7,0.0,2.1,GOOD
2026-05-15T04:45:00+05:30,PUNE_CENTRAL,0.0,0.0,0.0,21.8,34.1,0.0,3.2,GOOD
2026-05-15T05:00:00+05:30,PUNE_CENTRAL,0.0,0.0,0.0,21.5,31.4,0.0,1.9,GOOD
2026-05-15T05:15:00+05:30,PUNE_CENTRAL,0.0,0.0,0.0,23.8,26.6,0.0,2.5,GOOD
2026-05-15T05:30:00+05:30,PUNE_CENTRAL,0.0,0.0,0.0,23.1,25.7,0.0,2.8,GOOD
2026-05-15T05:45:00+05:30,PUNE_CENTRAL,0.0,0.0,0.0,24.9,25.4,0.0,2.4,GOOD
2026-05-15T06:00:00+05:30,PUNE_CENTRAL,0.0,0.0,0.0,24.4,24.7,0.0,2.7,GOOD
2026-05-15T06:15:00+05:30,PUNE_CENTRAL,18.8,99.1,6.7,24.5,31.9,0.0,3.5,GOOD
2026-05-15T06:30:00+05:30,PUNE_CENTRAL,73.5,385.4,26.6,22.8,32.5,0.0,3.6,GOOD
2026-05-15T06:45:00+05:30,PUNE_CENTRAL,150.3,568.3,60.6,24.1,38.9,0.0,2.8,GOOD
2026-05-15T07:00:00+05:30,PUNE_CENTRAL,166.8,429.1,74.0,25.7,45.2,0.0,3.2,GOOD
2026-05-15T07:15:00+05:30,PUNE_CENTRAL,228.5,438.8,108.2,26.3,49.7,0.0,3.2,GOOD
2026-05-15T07:30:00+05:30,PUNE_CENTRAL,252.7,384.7,125.1,26.8,53.1,0.0,4.3,GOOD
2026-05-15T07:45:00+05:30,PUNE_CENTRAL,318.5,436.8,149.1,25.8,48.9,0.0,3.3,SUSPECT
2026-05-15T08:00:00+05:30,PUNE_CENTRAL,375.1,452.7,174.6,27.7,48.5,0.0,2.9,GOOD
2026-05-15T08:15:00+05:30,PUNE_CENTRAL,444.1,514.8,188.5,27.2,42.2,0.0,1.7,GOOD
2026-05-15T08:30:00+05:30,PUNE_CENTRAL,464.3,459.8,212.1,27.3,47.2,0.0,3.2,GOOD
2026-05-15T08:45:00+05:30,PUNE_CENTRAL,543.3,527.3,227.8,29.4,41.4,0.0,2.3,GOOD
2026-05-15T09:00:00+05:30,PUNE_CENTRAL,568.8,508.4,240.2,29.4,41.9,0.0,2.4,GOOD
2026-05-15T09:15:00+05:30,PUNE_CENTRAL,592.7,461.4,273.6,30.0,47.9,0.0,3.5,GOOD
2026-05-15T09:30:00+05:30,PUNE_CENTRAL,662.4,514.3,284.4,29.4,43.0,0.0,3.0,GOOD
2026-05-15T09:45:00+05:30,PUNE_CENTRAL,715.6,528.8,305.8,28.8,42.7,0.0,3.8,GOOD
2026-05-15T10:00:00+05:30,PUNE_CENTRAL,773.8,550.6,326.4,29.0,41.8,0.0,3.7,GOOD
2026-05-15T10:15:00+05:30,PUNE_CENTRAL,807.4,549.7,341.8,31.0,42.1,0.0,3.6,GOOD
2026-05-15T10:30:00+05:30,PUNE_CENTRAL,845.5,558.9,354.6,30.4,41.5,0.0,2.3,GOOD
2026-05-15T10:45:00+05:30,PUNE_CENTRAL,849.1,554.1,347.1,30.9,39.8,0.0,2.2,GOOD
2026-05-15T11:00:00+05:30,PUNE_CENTRAL,905.4,602.4,344.9,31.0,35.5,0.0,1.7,GOOD
2026-05-15T11:15:00+05:30,PUNE_CENTRAL,924.8,649.3,307.2,32.2,28.0,0.0,2.6,GOOD
2026-05-15T11:30:00+05:30,PUNE_CENTRAL,969.9,637.6,352.3,32.8,32.8,0.0,4.0,GOOD
2026-05-15T11:45:00+05:30,PUNE_CENTRAL,961.1,599.5,372.3,33.7,36.5,0.0,2.3,GOOD
2026-05-15T12:00:00+05:30,PUNE_CENTRAL,970.1,574.5,400.3,31.0,40.4,0.0,3.5,GOOD
2026-05-15T12:15:00+05:30,PUNE_CENTRAL,967.5,597.3,371.4,31.7,36.0,0.0,2.7,GOOD
2026-05-15T12:30:00+05:30,PUNE_CENTRAL,1018.3,620.6,397.7,32.2,37.0,0.0,2.7,GOOD
2026-05-15T12:45:00+05:30,PUNE_CENTRAL,999.0,619.1,381.0,32.5,35.6,0.0,3.0,GOOD
2026-05-15T13:00:00+05:30,PUNE_CENTRAL,964.4,609.3,359.6,32.8,34.3,0.0,2.4,GOOD
2026-05-15T13:15:00+05:30,PUNE_CENTRAL,969.6,609.6,370.2,35.1,35.7,0.0,1.8,GOOD
2026-05-15T13:30:00+05:30,PUNE_CENTRAL,980.2,624.0,374.7,33.2,35.7,0.0,2.2,GOOD
2026-05-15T13:45:00+05:30,PUNE_CENTRAL,941.6,619.3,351.2,32.0,34.3,0.0,3.0,GOOD
2026-05-15T14:00:00+05:30,PUNE_CENTRAL,891.1,564.4,364.6,32.8,39.9,0.0,2.4,GOOD
2026-05-15T14:15:00+05:30,PUNE_CENTRAL,864.5,554.0,361.0,30.1,41.2,0.0,3.5,GOOD
2026-05-15T14:30:00+05:30,PUNE_CENTRAL,817.9,515.1,363.9,30.6,45.4,0.0,3.1,GOOD
2026-05-15T14:45:00+05:30,PUNE_CENTRAL,804.3,514.1,367.0,31.4,47.1,0.0,3.8,GOOD
2026-05-15T15:00:00+05:30,PUNE_CENTRAL,737.1,462.5,359.5,31.2,52.0,0.0,2.7,GOOD
2026-05-15T15:15:00+05:30,PUNE_CENTRAL,673.2,416.0,349.0,30.1,56.7,0.0,3.0,GOOD
2026-05-15T15:30:00+05:30,PUNE_CENTRAL,572.1,330.4,327.9,28.7,65.1,0.0,4.1,GOOD
2026-05-15T15:45:00+05:30,PUNE_CENTRAL,535.9,325.6,309.1,29.9,65.7,0.0,2.8,GOOD
2026-05-15T16:00:00+05:30,PUNE_CENTRAL,524.4,370.5,283.1,29.5,60.0,0.0,3.7,GOOD
2026-05-15T16:15:00+05:30,PUNE_CENTRAL,475.4,358.2,259.2,29.9,60.8,0.0,3.7,GOOD
2026-05-15T16:30:00+05:30,PUNE_CENTRAL,415.0,309.5,243.5,29.7,67.2,0.0,2.6,GOOD
2026-05-15T16:45:00+05:30,PUNE_CENTRAL,333.4,271.5,197.0,28.5,67.8,0.0,3.6,GOOD
2026-05-15T17:00:00+05:30,PUNE_CENTRAL,318.3,301.1,183.1,26.2,65.4,0.0,2.5,GOOD
2026-05-15T17:15:00+05:30,PUNE_CENTRAL,291.7,338.3,158.4,28.0,60.5,0.0,3.7,GOOD
2026-05-15T17:30:00+05:30,PUNE_CENTRAL,228.5,297.9,127.9,28.9,63.0,0.0,2.9,GOOD
2026-05-15T17:45:00+05:30,PUNE_CENTRAL,200.2,316.4,111.5,26.7,62.6,0.0,2.3,GOOD
2026-05-15T18:00:00+05:30,PUNE_CENTRAL,140.4,289.6,75.9,26.9,60.1,0.0,3.7,GOOD
2026-05-15T18:15:00+05:30,PUNE_CENTRAL,116.0,320.1,63.4,26.0,61.0,0.0,2.1,GOOD
2026-05-15T18:30:00+05:30,PUNE_CENTRAL,75.7,301.0,39.0,25.7,56.2,0.0,2.0,GOOD
2026-05-15T18:45:00+05:30,PUNE_CENTRAL,29.8,122.3,14.9,25.8,53.8,0.0,2.9,GOOD
2026-05-15T19:00:00+05:30,PUNE_CENTRAL,0.0,0.0,0.0,25.9,55.6,0.0,4.0,GOOD
2026-05-15T19:15:00+05:30,PUNE_CENTRAL,0.0,0.0,0.0,24.6,55.4,0.0,4.5,GOOD
2026-05-15T19:30:00+05:30,PUNE_CENTRAL,0.0,0.0,0.0,24.8,54.9,0.0,3.1,GOOD
2026-05-15T19:45:00+05:30,PUNE_CENTRAL,0.0,0.0,0.0,23.7,53.6,0.0,2.0,GOOD
2026-05-15T20:00:00+05:30,PUNE_CENTRAL,0.0,0.0,0.0,24.0,55.0,0.0,4.7,GOOD
2026-05-15T20:15:00+05:30,PUNE_CENTRAL,0.0,0.0,0.0,23.1,53.6,0.0,2.2,GOOD
2026-05-15T20:30:00+05:30,PUNE_CENTRAL,0.0,0.0,0.0,23.2,58.6,0.0,3.3,GOOD
2026-05-15T20:45:00+05:30,PUNE_CENTRAL,0.0,0.0,0.0,21.5,55.8,0.0,2.5,GOOD
2026-05-15T21:00:00+05:30,PUNE_CENTRAL,0.0,0.0,0.0,22.2,56.1,0.0,4.5,GOOD
2026-05-15T21:15:00+05:30,PUNE_CENTRAL,0.0,0.0,0.0,22.2,52.8,0.0,2.9,GOOD
2026-05-15T21:30:00+05:30,PUNE_CENTRAL,0.0,0.0,0.0,23.2,46.4,0.0,3.6,GOOD
2026-05-15T21:45:00+05:30,PUNE_CENTRAL,0.0,0.0,0.0,21.7,48.1,0.0,2.7,GOOD
2026-05-15T22:00:00+05:30,PUNE_CENTRAL,0.0,0.0,0.0,21.0,57.9,0.0,4.1,GOOD
2026-05-15T22:15:00+05:30,PUNE_CENTRAL,0.0,0.0,0.0,21.3,56.0,0.0,3.7,GOOD
2026-05-15T22:30:00+05:30,PUNE_CENTRAL,0.0,0.0,0.0,21.0,62.8,0.0,2.6,GOOD
2026-05-15T22:45:00+05:30,PUNE_CENTRAL,0.0,0.0,0.0,20.3,67.5,0.0,3.8,GOOD
2026-05-15T23:00:00+05:30,PUNE_CENTRAL,0.0,0.0,0.0,21.8,68.4,0.0,3.5,GOOD
2026-05-15T23:15:00+05:30,PUNE_CENTRAL,0.0,0.0,0.0,21.2,64.2,0.0,3.7,GOOD
2026-05-15T23:30:00+05:30,PUNE_CENTRAL,0.0,0.0,0.0,20.9,65.2,0.0,2.8,GOOD
2026-05-15T23:45:00+05:30,PUNE_CENTRAL,0.0,0.0,0.0,22.4,57.1,0.0,3.9,GOOD
2026-05-16T00:00:00+05:30,PUNE_CENTRAL,0.0,0.0,0.0,20,81.0,0.0,3.4,GOOD
2026-05-16T00:15:00+05:30,PUNE_CENTRAL,0.0,0.0,0.0,20,80.5,0.0,3.2,GOOD
2026-05-16T00:30:00+05:30,PUNE_CENTRAL,0.0,0.0,0.0,21.0,74.2,0.0,2.8,GOOD
2026-05-16T00:45:00+05:30,PUNE_CENTRAL,0.0,0.0,0.0,20.9,78.7,0.0,3.5,GOOD
2026-05-16T01:00:00+05:30,PUNE_CENTRAL,0.0,0.0,0.0,21.4,77.3,0.0,2.5,GOOD
2026-05-16T01:15:00+05:30,PUNE_CENTRAL,0.0,0.0,0.0,21.3,68.4,0.0,3.9,GOOD
2026-05-16T01:30:00+05:30,PUNE_CENTRAL,0.0,0.0,0.0,20.6,67.0,0.0,3.5,GOOD
2026-05-16T01:45:00+05:30,PUNE_CENTRAL,0.0,0.0,0.0,20.9,69.1,0.0,3.5,GOOD
2026-05-16T02:00:00+05:30,PUNE_CENTRAL,0.0,0.0,0.0,21.7,73.8,0.0,4.8,GOOD
2026-05-16T02:15:00+05:30,PUNE_CENTRAL,0.0,0.0,0.0,21.1,72.8,0.0,3.8,GOOD
2026-05-16T02:30:00+05:30,PUNE_CENTRAL,0.0,0.0,0.0,21.8,73.8,0.0,4.0,GOOD
2026-05-16T02:45:00+05:30,PUNE_CENTRAL,0.0,0.0,0.0,21.5,73.2,0.0,2.9,GOOD
2026-05-16T03:00:00+05:30,PUNE_CENTRAL,0.0,0.0,0.0,21.5,77.7,0.0,4.3,GOOD
2026-05-16T03:15:00+05:30,PUNE_CENTRAL,0.0,0.0,0.0,21.9,78.5,0.0,4.2,GOOD
2026-05-16T03:30:00+05:30,PUNE_CENTRAL,0.0,0.0,0.0,21.8,77.1,0.0,3.4,GOOD
2026-05-16T03:45:00+05:30,PUNE_CENTRAL,0.0,0.0,0.0,20.9,77.2,0.0,2.9,GOOD
2026-05-16T04:00:00+05:30,PUNE_CENTRAL,0.0,0.0,0.0,20.4,75.2,0.0,4.6,GOOD
2026-05-16T04:15:00+05:30,PUNE_CENTRAL,0.0,0.0,0.0,20,80.5,0.0,4.1,GOOD
2026-05-16T04:30:00+05:30,PUNE_CENTRAL,0.0,0.0,0.0,20,85.9,0.0,4.9,GOOD
2026-05-16T04:45:00+05:30,PUNE_CENTRAL,0.0,0.0,0.0,21.3,85.8,0.0,4.1,GOOD
2026-05-16T05:00:00+05:30,PUNE_CENTRAL,0.0,0.0,0.0,21.4,82.0,0.0,3.5,GOOD
2026-05-16T05:15:00+05:30,PUNE_CENTRAL,0.0,0.0,0.0,22.5,84.4,0.0,2.9,GOOD
2026-05-16T05:30:00+05:30,PUNE_CENTRAL,0.0,0.0,0.0,20.2,86.7,0.0,4.6,GOOD
2026-05-16T05:45:00+05:30,PUNE_CENTRAL,0.0,0.0,0.0,21.3,84.3,0.0,3.5,GOOD
2026-05-16T06:00:00+05:30,PUNE_CENTRAL,0.0,0.0,0.0,21.6,83.9,0.0,3.7,GOOD
2026-05-16T06:15:00+05:30,PUNE_CENTRAL,7.8,21.5,5.2,22.8,79.1,0.0,3.8,GOOD
2026-05-16T06:30:00+05:30,PUNE_CENTRAL,48.2,145.6,30.4,22.7,74.1,0.0,3.4,GOOD
2026-05-16T06:45:00+05:30,PUNE_CENTRAL,59.0,142.6,36.3,23.5,71.6,0.0,4.1,GOOD
2026-05-16T07:00:00+05:30,PUNE_CENTRAL,115.1,198.0,72.1,23.7,73.3,0.0,3.8,GOOD
2026-05-16T07:15:00+05:30,PUNE_CENTRAL,136.0,185.1,85.1,23.8,73.1,0.0,4.1,GOOD
2026-05-16T07:30:00+05:30,PUNE_CENTRAL,198.3,257.6,112.7,24.1,64.3,0.0,3.0,GOOD
2026-05-16T07:45:00+05:30,PUNE_CENTRAL,229.4,253.3,131.0,26.2,64.8,0.0,1.7,GOOD
2026-05-16T08:00:00+05:30,PUNE_CENTRAL,216.4,182.1,135.6,25.6,73.3,0.0,4.3,GOOD
2026-05-16T08:15:00+05:30,PUNE_CENTRAL,258.6,184.4,166.9,27.6,76.2,0.0,4.3,GOOD
2026-05-16T08:30:00+05:30,PUNE_CENTRAL,295.2,198.1,186.5,25.6,74.1,0.0,3.4,GOOD
2026-05-16T08:45:00+05:30,PUNE_CENTRAL,320.1,194.2,203.7,27.0,74.9,0.0,3.9,GOOD
2026-05-16T09:00:00+05:30,PUNE_CENTRAL,344.4,185.4,224.5,27.4,77.2,0.0,3.7,GOOD
2026-05-16T09:15:00+05:30,PUNE_CENTRAL,335.7,179.8,211.2,28.1,73.7,0.0,3.1,GOOD
2026-05-16T09:30:00+05:30,PUNE_CENTRAL,390.8,184.9,254.9,27.4,77.3,0.0,4.6,GOOD
2026-05-16T09:45:00+05:30,PUNE_CENTRAL,445.4,215.6,278.2,28.6,73.0,0.0,3.5,GOOD
2026-05-16T10:00:00+05:30,PUNE_CENTRAL,461.1,212.0,288.8,29.5,73.3,0.0,3.6,GOOD
2026-05-16T10:15:00+05:30,PUNE_CENTRAL,493.6,212.8,313.3,29.5,74.6,0.0,3.9,GOOD
2026-05-16T10:30:00+05:30,PUNE_CENTRAL,468.5,189.9,301.7,30.7,76.0,0.0,3.7,GOOD
2026-05-16T10:45:00+05:30,PUNE_CENTRAL,530.2,229.9,321.9,30.1,70.3,0.0,3.8,GOOD
2026-05-16T11:00:00+05:30,PUNE_CENTRAL,571.2,255.6,333.4,30.9,66.7,0.0,4.0,GOOD
2026-05-16T11:15:00+05:30,PUNE_CENTRAL,533.5,194.6,348.4,31.3,77.4,0.0,3.5,GOOD
2026-05-16T11:30:00+05:30,PUNE_CENTRAL,518.2,185.5,338.5,31.0,77.4,0.0,2.2,GOOD
2026-05-16T11:45:00+05:30,PUNE_CENTRAL,523.1,184.7,341.8,30.7,77.4,0.0,3.8,GOOD
2026-05-16T12:00:00+05:30,PUNE_CENTRAL,603.9,234.7,371.1,30.7,71.5,0.0,3.2,GOOD
2026-05-16T12:15:00+05:30,PUNE_CENTRAL,588.8,223.9,365.4,32.6,72.4,0.0,3.2,GOOD
2026-05-16T12:30:00+05:30,PUNE_CENTRAL,570.4,210.4,360.1,29.7,74.0,0.0,4.0,GOOD
2026-05-16T12:45:00+05:30,PUNE_CENTRAL,569.7,208.6,361.4,32.4,74.5,0.0,3.0,GOOD
2026-05-16T13:00:00+05:30,PUNE_CENTRAL,507.9,173.5,335.7,30.8,78.6,0.0,2.8,GOOD
2026-05-16T13:15:00+05:30,PUNE_CENTRAL,534.8,196.7,341.4,30.3,75.1,0.0,4.1,GOOD
2026-05-16T13:30:00+05:30,PUNE_CENTRAL,505.6,179.2,331.8,30.9,77.9,0.0,4.5,GOOD
2026-05-16T13:45:00+05:30,PUNE_CENTRAL,486.7,171.6,323.1,30.6,79.1,0.0,2.3,GOOD
2026-05-16T14:00:00+05:30,PUNE_CENTRAL,475.3,166.7,319.8,31.1,80.4,0.0,4.9,GOOD
2026-05-16T14:15:00+05:30,PUNE_CENTRAL,412.4,138.4,286.5,30.7,83.8,0.0,2.9,GOOD
2026-05-16T14:30:00+05:30,PUNE_CENTRAL,397.8,139.5,274.9,30.7,83.2,0.0,5.2,GOOD
2026-05-16T14:45:00+05:30,PUNE_CENTRAL,414.1,155.9,281.4,30.6,81.5,0.0,3.3,GOOD
2026-05-16T15:00:00+05:30,PUNE_CENTRAL,396.7,157.8,267.8,30.9,80.8,0.0,3.7,GOOD
2026-05-16T15:15:00+05:30,PUNE_CENTRAL,416.0,187.0,270.2,29.8,76.9,0.0,3.3,GOOD
2026-05-16T15:30:00+05:30,PUNE_CENTRAL,393.8,191.0,252.5,30.4,75.6,0.0,4.8,GOOD
2026-05-16T15:45:00+05:30,PUNE_CENTRAL,294.2,127.6,205.3,28.6,84.3,0.0,5.3,GOOD
2026-05-16T16:00:00+05:30,PUNE_CENTRAL,282.8,132.1,196.6,30.0,83.9,0.0,3.4,GOOD
2026-05-16T16:15:00+05:30,PUNE_CENTRAL,280.2,149.5,189.8,29.1,81.2,0.0,3.7,GOOD
2026-05-16T16:30:00+05:30,PUNE_CENTRAL,244.9,140.9,166.7,29.9,81.7,0.0,3.3,GOOD
2026-05-16T16:45:00+05:30,PUNE_CENTRAL,192.1,108.8,137.4,30.1,87.0,0.0,4.3,GOOD
2026-05-16T17:00:00+05:30,PUNE_CENTRAL,193.2,119.9,139.2,26.4,87.8,0.0,4.1,GOOD
2026-05-16T17:15:00+05:30,PUNE_CENTRAL,146.2,114.0,101.2,27.5,83.4,0.0,2.9,GOOD
2026-05-16T17:30:00+05:30,PUNE_CENTRAL,160.8,157.5,107.5,26.3,79.7,0.0,3.3,GOOD
2026-05-16T17:45:00+05:30,PUNE_CENTRAL,102.3,112.2,70.7,26.1,83.3,0.0,5.4,GOOD
2026-05-16T18:00:00+05:30,PUNE_CENTRAL,61.5,70.7,45.6,26.3,91.1,0.0,5.3,GOOD
2026-05-16T18:15:00+05:30,PUNE_CENTRAL,31.2,45.9,23.6,26.6,93.3,0.0,4.2,GOOD
2026-05-16T18:30:00+05:30,PUNE_CENTRAL,20.7,42.5,15.5,23.8,92.3,0.0,5.2,GOOD
2026-05-16T18:45:00+05:30,PUNE_CENTRAL,1.7,3.3,1.3,23.7,94.4,0.0,3.3,GOOD
2026-05-16T19:00:00+05:30,PUNE_CENTRAL,0.0,0.0,0.0,25.1,96.0,0.0,4.5,GOOD
2026-05-16T19:15:00+05:30,PUNE_CENTRAL,0.0,0.0,0.0,23.1,92.8,0.0,3.9,GOOD
2026-05-16T19:30:00+05:30,PUNE_CENTRAL,0.0,0.0,0.0,23.9,91.9,0.0,3.5,GOOD
2026-05-16T19:45:00+05:30,PUNE_CENTRAL,0.0,0.0,0.0,21.9,100,0.0,3.8,GOOD
2026-05-16T20:00:00+05:30,PUNE_CENTRAL,0.0,0.0,0.0,22.3,98.7,0.0,4.5,GOOD
2026-05-16T20:15:00+05:30,PUNE_CENTRAL,0.0,0.0,0.0,20,99.6,0.0,3.1,GOOD
2026-05-16T20:30:00+05:30,PUNE_CENTRAL,0.0,0.0,0.0,21.4,100,0.0,4.5,GOOD
2026-05-16T20:45:00+05:30,PUNE_CENTRAL,0.0,0.0,0.0,20,100,0.0,4.0,GOOD
2026-05-16T21:00:00+05:30,PUNE_CENTRAL,0.0,0.0,0.0,20.9,100,0.0,4.4,GOOD
2026-05-16T21:15:00+05:30,PUNE_CENTRAL,0.0,0.0,0.0,20.3,96.0,0.0,4.1,GOOD
2026-05-16T21:30:00+05:30,PUNE_CENTRAL,0.0,0.0,0.0,20.7,100,0.0,4.5,GOOD
2026-05-16T21:45:00+05:30,PUNE_CENTRAL,0.0,0.0,0.0,21.0,98.9,0.0,4.2,GOOD
2026-05-16T22:00:00+05:30,PUNE_CENTRAL,0.0,0.0,0.0,20.5,100,0.0,5.4,GOOD
2026-05-16T22:15:00+05:30,PUNE_CENTRAL,0.0,0.0,0.0,20.9,96.0,0.0,4.2,GOOD
2026-05-16T22:30:00+05:30,PUNE_CENTRAL,0.0,0.0,0.0,20.7,94.9,0.0,4.1,GOOD
2026-05-16T22:45:00+05:30,PUNE_CENTRAL,0.0,0.0,0.0,20,97.7,0.0,4.5,GOOD
2026-05-16T23:00:00+05:30,PUNE_CENTRAL,0.0,0.0,0.0,20,95.0,0.0,3.6,GOOD
2026-05-16T23:15:00+05:30,PUNE_CENTRAL,0.0,0.0,0.0,20.5,88.0,0.0,4.5,GOOD
2026-05-16T23:30:00+05:30,PUNE_CENTRAL,0.0,0.0,0.0,20,93.5,0.0,3.0,GOOD
2026-05-16T23:45:00+05:30,PUNE_CENTRAL,0.0,0.0,0.0,21.2,94.6,0.0,3.9,GOOD
2026-05-17T00:00:00+05:30,PUNE_CENTRAL,0.0,0.0,0.0,22.4,13.6,0.0,2.9,GOOD
2026-05-17T00:15:00+05:30,PUNE_CENTRAL,0.0,0.0,0.0,23.6,13.7,0.0,2.1,GOOD
2026-05-17T00:30:00+05:30,PUNE_CENTRAL,0.0,0.0,0.0,23.6,16.9,0.0,2.0,GOOD
2026-05-17T00:45:00+05:30,PUNE_CENTRAL,0.0,0.0,0.0,22.5,14.0,0.0,2.3,GOOD
2026-05-17T01:00:00+05:30,PUNE_CENTRAL,0.0,0.0,0.0,22.7,13.7,0.0,3.1,GOOD
2026-05-17T01:15:00+05:30,PUNE_CENTRAL,0.0,0.0,0.0,23.1,16.0,0.0,2.1,GOOD
2026-05-17T01:30:00+05:30,PUNE_CENTRAL,0.0,0.0,0.0,22.7,14.6,0.0,2.8,GOOD
2026-05-17T01:45:00+05:30,PUNE_CENTRAL,0.0,0.0,0.0,22.6,22.1,0.0,2.3,GOOD
2026-05-17T02:00:00+05:30,PUNE_CENTRAL,0.0,0.0,0.0,22.9,25.8,0.0,2.3,GOOD
2026-05-17T02:15:00+05:30,PUNE_CENTRAL,0.0,0.0,0.0,22.4,26.7,0.0,2.4,GOOD
2026-05-17T02:30:00+05:30,PUNE_CENTRAL,0.0,0.0,0.0,24.3,21.2,0.0,3.2,GOOD
2026-05-17T02:45:00+05:30,PUNE_CENTRAL,0.0,0.0,0.0,22.6,23.5,0.0,2.7,GOOD
2026-05-17T03:00:00+05:30,PUNE_CENTRAL,0.0,0.0,0.0,23.3,23.6,0.0,3.1,GOOD
2026-05-17T03:15:00+05:30,PUNE_CENTRAL,0.0,0.0,0.0,22.6,20.1,0.0,1.3,GOOD
2026-05-17T03:30:00+05:30,PUNE_CENTRAL,0.0,0.0,0.0,23.8,10.0,0.0,3.3,GOOD
2026-05-17T03:45:00+05:30,PUNE_CENTRAL,0.0,0.0,0.0,23.3,4.9,0.0,1.2,GOOD
2026-05-17T04:00:00+05:30,PUNE_CENTRAL,0.0,0.0,0.0,22.9,3.3,0.0,1.0,GOOD
2026-05-17T04:15:00+05:30,PUNE_CENTRAL,0.0,0.0,0.0,24.2,9.0,0.0,3.6,GOOD
2026-05-17T04:30:00+05:30,PUNE_CENTRAL,0.0,0.0,0.0,22.3,11.3,0.0,3.6,GOOD
2026-05-17T04:45:00+05:30,PUNE_CENTRAL,0.0,0.0,0.0,24.2,5.0,0.0,3.1,GOOD
2026-05-17T05:00:00+05:30,PUNE_CENTRAL,0.0,0.0,0.0,23.5,7.9,0.0,2.9,GOOD
2026-05-17T05:15:00+05:30,PUNE_CENTRAL,0.0,0.0,0.0,24.7,17.1,0.0,3.7,GOOD
2026-05-17T05:30:00+05:30,PUNE_CENTRAL,0.0,0.0,0.0,24.9,18.8,0.0,2.5,GOOD
2026-05-17T05:45:00+05:30,PUNE_CENTRAL,0.0,0.0,0.0,24.0,24.1,0.0,2.4,GOOD
2026-05-17T06:00:00+05:30,PUNE_CENTRAL,0.0,0.0,0.0,24.0,26.9,0.0,1.8,GOOD
2026-05-17T06:15:00+05:30,PUNE_CENTRAL,4.2,23.8,1.3,25.6,24.6,0.0,3.4,GOOD
2026-05-17T06:30:00+05:30,PUNE_CENTRAL,94.4,547.7,27.7,26.3,22.0,0.0,3.7,GOOD
2026-05-17T06:45:00+05:30,PUNE_CENTRAL,128.0,587.8,33.9,27.1,17.7,0.0,2.1,GOOD
2026-05-17T07:00:00+05:30,PUNE_CENTRAL,182.7,627.9,45.6,27.5,15.3,0.0,1.9,GOOD
2026-05-17T07:15:00+05:30,PUNE_CENTRAL,245.6,706.8,50.4,26.5,8.5,0.0,2.7,SUSPECT
2026-05-17T07:30:00+05:30,PUNE_CENTRAL,286.4,674.6,61.6,27.3,10.0,0.0,1.5,GOOD
2026-05-17T07:45:00+05:30,PUNE_CENTRAL,349.0,723.6,67.2,27.2,6.6,0.0,2.8,GOOD
2026-05-17T08:00:00+05:30,PUNE_CENTRAL,423.0,758.7,85.9,28.0,8.2,0.0,1.5,GOOD
2026-05-17T08:15:00+05:30,PUNE_CENTRAL,466.0,715.9,109.6,29.6,13.1,0.0,0.8,GOOD
2026-05-17T08:30:00+05:30,PUNE_CENTRAL,536.5,760.8,118.5,31.1,10.9,0.0,2.8,GOOD
2026-05-17T08:45:00+05:30,PUNE_CENTRAL,560.2,713.1,132.8,29.7,13.4,0.0,2.4,GOOD
2026-05-17T09:00:00+05:30,PUNE_CENTRAL,609.7,692.8,161.4,29.6,17.7,0.0,3.4,GOOD
2026-05-17T09:15:00+05:30,PUNE_CENTRAL,667.8,707.0,178.2,31.4,18.0,0.0,1.4,GOOD
2026-05-17T09:30:00+05:30,PUNE_CENTRAL,710.7,704.6,192.5,29.1,18.6,0.0,3.3,GOOD
2026-05-17T09:45:00+05:30,PUNE_CENTRAL,776.1,786.1,166.5,29.6,9.9,0.0,3.4,GOOD
2026-05-17T10:00:00+05:30,PUNE_CENTRAL,801.9,755.1,188.0,31.0,13.0,0.0,2.7,GOOD
2026-05-17T10:15:00+05:30,PUNE_CENTRAL,825.3,737.2,200.7,32.6,14.3,0.0,2.8,GOOD
2026-05-17T10:30:00+05:30,PUNE_CENTRAL,861.4,737.8,213.3,33.9,15.0,0.0,2.9,GOOD
2026-05-17T10:45:00+05:30,PUNE_CENTRAL,915.7,753.8,232.6,32.3,16.0,0.0,1.5,GOOD
2026-05-17T11:00:00+05:30,PUNE_CENTRAL,943.0,766.2,230.0,32.0,14.5,0.0,2.2,GOOD
2026-05-17T11:15:00+05:30,PUNE_CENTRAL,944.8,736.3,244.3,31.1,16.7,0.0,3.0,GOOD
2026-05-17T11:30:00+05:30,PUNE_CENTRAL,972.2,727.0,268.1,32.9,19.4,0.0,1.6,GOOD
2026-05-17T11:45:00+05:30,PUNE_CENTRAL,957.4,711.7,258.5,32.1,18.5,0.0,2.4,GOOD
2026-05-17T12:00:00+05:30,PUNE_CENTRAL,1009.1,720.1,294.9,31.1,21.9,0.0,2.5,GOOD
2026-05-17T12:15:00+05:30,PUNE_CENTRAL,973.1,697.7,276.9,31.9,20.7,0.0,2.1,GOOD
2026-05-17T12:30:00+05:30,PUNE_CENTRAL,1001.8,734.9,266.9,32.3,17.9,0.0,1.8,GOOD
2026-05-17T12:45:00+05:30,PUNE_CENTRAL,990.6,735.3,256.6,32.5,16.8,0.0,2.3,GOOD
2026-05-17T13:00:00+05:30,PUNE_CENTRAL,996.9,779.4,223.2,34.4,11.4,0.0,1.8,GOOD
2026-05-17T13:15:00+05:30,PUNE_CENTRAL,1010.5,795.2,228.6,35.0,11.7,0.0,2.1,GOOD
2026-05-17T13:30:00+05:30,PUNE_CENTRAL,987.9,791.9,219.6,33.4,11.1,0.0,4.0,GOOD
2026-05-17T13:45:00+05:30,PUNE_CENTRAL,962.8,743.4,253.9,34.2,17.5,0.0,3.0,GOOD
2026-05-17T14:00:00+05:30,PUNE_CENTRAL,921.0,735.7,234.5,35.2,16.1,0.0,2.8,GOOD
2026-05-17T14:15:00+05:30,PUNE_CENTRAL,886.3,696.6,253.1,31.8,20.9,0.0,3.2,GOOD
2026-05-17T14:30:00+05:30,PUNE_CENTRAL,877.0,749.6,216.1,31.7,14.8,0.0,3.1,GOOD
2026-05-17T14:45:00+05:30,PUNE_CENTRAL,836.7,699.4,241.6,34.0,21.3,0.0,2.1,GOOD
2026-05-17T15:00:00+05:30,PUNE_CENTRAL,831.7,702.8,257.5,31.1,24.6,0.0,3.0,GOOD
2026-05-17T15:15:00+05:30,PUNE_CENTRAL,769.7,684.5,235.9,31.6,24.1,0.0,1.6,GOOD
2026-05-17T15:30:00+05:30,PUNE_CENTRAL,696.6,644.7,219.4,31.9,25.4,0.0,2.5,GOOD
2026-05-17T15:45:00+05:30,PUNE_CENTRAL,666.8,656.8,208.8,31.2,25.1,0.0,2.6,GOOD
2026-05-17T16:00:00+05:30,PUNE_CENTRAL,595.9,611.9,196.7,31.7,27.7,0.0,2.5,GOOD
2026-05-17T16:15:00+05:30,PUNE_CENTRAL,573.3,627.9,193.5,31.4,28.8,0.0,3.7,GOOD
2026-05-17T16:30:00+05:30,PUNE_CENTRAL,518.0,633.7,166.1,29.9,26.3,0.0,2.8,GOOD
2026-05-17T16:45:00+05:30,PUNE_CENTRAL,452.2,569.2,165.5,29.5,33.2,0.0,3.3,GOOD
2026-05-17T17:00:00+05:30,PUNE_CENTRAL,393.9,567.6,138.2,29.5,30.9,0.0,3.1,GOOD
2026-05-17T17:15:00+05:30,PUNE_CENTRAL,345.7,542.3,131.1,28.7,35.3,0.0,3.7,GOOD
2026-05-17T17:30:00+05:30,PUNE_CENTRAL,276.9,508.7,104.1,28.0,34.7,0.0,3.1,GOOD
2026-05-17T17:45:00+05:30,PUNE_CENTRAL,223.7,489.6,85.3,28.3,35.6,0.0,2.2,GOOD
2026-05-17T18:00:00+05:30,PUNE_CENTRAL,165.4,470.1,59.6,29.0,32.4,0.0,3.7,GOOD
2026-05-17T18:15:00+05:30,PUNE_CENTRAL,128.7,472.1,50.0,26.9,36.7,0.0,2.2,GOOD
2026-05-17T18:30:00+05:30,PUNE_CENTRAL,83.1,428.2,30.9,27.0,34.2,0.0,2.8,GOOD
2026-05-17T18:45:00+05:30,PUNE_CENTRAL,42.0,234.6,13.4,25.9,25.9,0.0,2.5,GOOD
2026-05-17T19:00:00+05:30,PUNE_CENTRAL,0.0,0.0,0.0,26.0,28.1,0.0,2.4,GOOD
2026-05-17T19:15:00+05:30,PUNE_CENTRAL,0.0,0.0,0.0,25.6,24.0,0.0,3.7,GOOD
2026-05-17T19:30:00+05:30,PUNE_CENTRAL,0.0,0.0,0.0,26.0,22.6,0.0,4.2,GOOD
2026-05-17T19:45:00+05:30,PUNE_CENTRAL,0.0,0.0,0.0,24.4,27.9,0.0,2.1,GOOD
2026-05-17T20:00:00+05:30,PUNE_CENTRAL,0.0,0.0,0.0,25.0,27.6,0.0,2.3,GOOD
2026-05-17T20:15:00+05:30,PUNE_CENTRAL,0.0,0.0,0.0,23.6,22.6,0.0,2.9,GOOD
2026-05-17T20:30:00+05:30,PUNE_CENTRAL,0.0,0.0,0.0,24.5,22.8,0.0,1.3,GOOD
2026-05-17T20:45:00+05:30,PUNE_CENTRAL,0.0,0.0,0.0,22.3,21.9,0.0,2.9,GOOD
2026-05-17T21:00:00+05:30,PUNE_CENTRAL,0.0,0.0,0.0,20.4,25.2,0.0,2.5,GOOD
2026-05-17T21:15:00+05:30,PUNE_CENTRAL,0.0,0.0,0.0,22.0,28.7,0.0,1.8,GOOD
2026-05-17T21:30:00+05:30,PUNE_CENTRAL,0.0,0.0,0.0,22.8,29.8,0.0,2.4,GOOD
2026-05-17T21:45:00+05:30,PUNE_CENTRAL,0.0,0.0,0.0,21.3,27.2,0.0,2.2,GOOD
2026-05-17T22:00:00+05:30,PUNE_CENTRAL,0.0,0.0,0.0,23.0,27.5,0.0,1.8,GOOD
2026-05-17T22:15:00+05:30,PUNE_CENTRAL,0.0,0.0,0.0,23.1,27.5,0.0,3.2,GOOD
2026-05-17T22:30:00+05:30,PUNE_CENTRAL,0.0,0.0,0.0,21.2,25.9,0.0,3.6,GOOD
2026-05-17T22:45:00+05:30,PUNE_CENTRAL,0.0,0.0,0.0,22.1,22.9,0.0,2.1,GOOD
2026-05-17T23:00:00+05:30,PUNE_CENTRAL,0.0,0.0,0.0,21.5,25.1,0.0,1.9,GOOD
2026-05-17T23:15:00+05:30,PUNE_CENTRAL,0.0,0.0,0.0,23.0,21.6,0.0,2.9,GOOD
2026-05-17T23:30:00+05:30,PUNE_CENTRAL,0.0,0.0,0.0,21.4,22.6,0.0,1.7,GOOD
2026-05-17T23:45:00+05:30,PUNE_CENTRAL,0.0,0.0,0.0,23.4,23.8,0.0,1.9,GOOD
2026-05-18T00:00:00+05:30,PUNE_CENTRAL,0.0,0.0,0.0,21.6,73.1,0.0,4.0,GOOD
2026-05-18T00:15:00+05:30,PUNE_CENTRAL,0.0,0.0,0.0,20.2,67.6,0.0,3.8,GOOD
2026-05-18T00:30:00+05:30,PUNE_CENTRAL,0.0,0.0,0.0,21.9,61.3,0.0,2.3,GOOD
2026-05-18T00:45:00+05:30,PUNE_CENTRAL,0.0,0.0,0.0,20.7,63.9,0.0,3.8,GOOD
2026-05-18T01:00:00+05:30,PUNE_CENTRAL,0.0,0.0,0.0,20.2,67.4,0.0,3.2,GOOD
2026-05-18T01:15:00+05:30,PUNE_CENTRAL,0.0,0.0,0.0,21.5,66.0,0.0,2.6,GOOD
2026-05-18T01:30:00+05:30,PUNE_CENTRAL,0.0,0.0,0.0,20.7,67.5,0.0,3.8,GOOD
2026-05-18T01:45:00+05:30,PUNE_CENTRAL,0.0,0.0,0.0,23.3,68.4,0.0,3.2,GOOD
2026-05-18T02:00:00+05:30,PUNE_CENTRAL,0.0,0.0,0.0,21.4,70.4,0.0,3.6,GOOD
2026-05-18T02:15:00+05:30,PUNE_CENTRAL,0.0,0.0,0.0,20.4,70.9,0.0,2.7,GOOD
2026-05-18T02:30:00+05:30,PUNE_CENTRAL,0.0,0.0,0.0,21.4,75.6,0.0,4.7,GOOD
2026-05-18T02:45:00+05:30,PUNE_CENTRAL,0.0,0.0,0.0,21.5,77.6,0.0,3.7,GOOD
2026-05-18T03:00:00+05:30,PUNE_CENTRAL,0.0,0.0,0.0,20,80.3,0.0,3.0,GOOD
2026-05-18T03:15:00+05:30,PUNE_CENTRAL,0.0,0.0,0.0,21.5,79.7,0.0,4.0,GOOD
2026-05-18T03:30:00+05:30,PUNE_CENTRAL,0.0,0.0,0.0,20.5,77.8,0.0,3.3,GOOD
2026-05-18T03:45:00+05:30,PUNE_CENTRAL,0.0,0.0,0.0,21.8,76.7,0.0,4.8,GOOD
2026-05-18T04:00:00+05:30,PUNE_CENTRAL,0.0,0.0,0.0,20.2,76.4,0.0,3.7,GOOD
2026-05-18T04:15:00+05:30,PUNE_CENTRAL,0.0,0.0,0.0,20.5,70.9,0.0,4.0,GOOD
2026-05-18T04:30:00+05:30,PUNE_CENTRAL,0.0,0.0,0.0,21.6,67.7,0.0,3.7,GOOD
2026-05-18T04:45:00+05:30,PUNE_CENTRAL,0.0,0.0,0.0,21.0,69.6,0.0,3.9,GOOD
2026-05-18T05:00:00+05:30,PUNE_CENTRAL,0.0,0.0,0.0,20.1,68.4,0.0,3.2,GOOD
2026-05-18T05:15:00+05:30,PUNE_CENTRAL,0.0,0.0,0.0,20.9,61.5,0.0,3.7,GOOD
2026-05-18T05:30:00+05:30,PUNE_CENTRAL,0.0,0.0,0.0,22.5,68.6,0.0,3.6,GOOD
2026-05-18T05:45:00+05:30,PUNE_CENTRAL,0.0,0.0,0.0,22.0,68.2,0.0,3.6,GOOD
2026-05-18T06:00:00+05:30,PUNE_CENTRAL,0.0,0.0,0.0,22.9,69.4,0.0,4.6,GOOD
2026-05-18T06:15:00+05:30,PUNE_CENTRAL,7.1,24.4,4.2,23.1,66.8,0.0,3.6,GOOD
2026-05-18T06:30:00+05:30,PUNE_CENTRAL,48.5,167.5,28.1,24.3,66.0,0.0,3.2,GOOD
2026-05-18T06:45:00+05:30,PUNE_CENTRAL,76.1,190.1,45.5,23.1,68.9,0.0,4.3,GOOD
2026-05-18T07:00:00+05:30,PUNE_CENTRAL,128.5,243.9,75.0,23.8,66.8,0.0,2.9,GOOD
2026-05-18T07:15:00+05:30,PUNE_CENTRAL,165.7,245.0,97.8,24.4,67.8,0.0,2.9,GOOD
2026-05-18T07:30:00+05:30,PUNE_CENTRAL,172.9,213.2,101.7,25.0,67.4,0.0,3.1,GOOD
2026-05-18T07:45:00+05:30,PUNE_CENTRAL,205.6,201.3,127.1,25.2,72.0,0.0,3.4,GOOD
2026-05-18T08:00:00+05:30,PUNE_CENTRAL,236.6,198.4,148.3,26.1,73.4,0.0,3.8,GOOD
2026-05-18T08:15:00+05:30,PUNE_CENTRAL,247.4,182.4,156.5,25.7,74.2,0.0,2.8,GOOD
2026-05-18T08:30:00+05:30,PUNE_CENTRAL,284.0,186.7,181.4,27.8,75.2,0.0,3.6,GOOD
2026-05-18T08:45:00+05:30,PUNE_CENTRAL,340.9,227.7,204.4,27.3,69.1,0.0,4.3,GOOD
2026-05-18T09:00:00+05:30,PUNE_CENTRAL,423.9,272.8,247.3,28.6,66.7,0.0,4.8,GOOD
2026-05-18T09:15:00+05:30,PUNE_CENTRAL,402.9,228.9,244.3,28.9,70.2,0.0,3.7,GOOD
2026-05-18T09:30:00+05:30,PUNE_CENTRAL,435.7,229.8,266.6,28.2,71.1,0.0,4.0,GOOD
2026-05-18T09:45:00+05:30,PUNE_CENTRAL,453.8,219.9,283.2,29.7,72.9,0.0,3.1,GOOD
2026-05-18T10:00:00+05:30,PUNE_CENTRAL,480.0,232.7,290.8,30.1,70.1,0.0,3.8,GOOD
2026-05-18T10:15:00+05:30,PUNE_CENTRAL,476.7,207.1,301.1,28.6,74.1,0.0,3.6,GOOD
2026-05-18T10:30:00+05:30,PUNE_CENTRAL,519.8,226.1,321.2,29.6,72.0,0.0,4.1,GOOD
2026-05-18T10:45:00+05:30,PUNE_CENTRAL,470.5,183.7,304.1,29.4,76.3,0.0,3.3,GOOD
2026-05-18T11:00:00+05:30,PUNE_CENTRAL,512.4,199.6,326.7,30.3,75.0,0.0,2.4,GOOD
2026-05-18T11:15:00+05:30,PUNE_CENTRAL,548.1,210.2,348.1,30.8,74.6,0.0,2.6,GOOD
2026-05-18T11:30:00+05:30,PUNE_CENTRAL,522.5,184.2,344.1,30.6,78.2,0.0,4.7,GOOD
2026-05-18T11:45:00+05:30,PUNE_CENTRAL,484.8,160.8,327.0,30.4,80.7,0.0,4.6,GOOD
2026-05-18T12:00:00+05:30,PUNE_CENTRAL,504.5,168.0,337.9,31.4,80.0,0.0,2.9,GOOD
2026-05-18T12:15:00+05:30,PUNE_CENTRAL,516.7,168.8,348.3,31.7,80.6,0.0,4.6,GOOD
2026-05-18T12:30:00+05:30,PUNE_CENTRAL,507.8,163.1,344.7,29.9,81.4,0.0,2.8,GOOD
2026-05-18T12:45:00+05:30,PUNE_CENTRAL,470.1,147.5,322.9,33.6,82.6,0.0,3.4,GOOD
2026-05-18T13:00:00+05:30,PUNE_CENTRAL,488.9,158.5,331.5,31.8,81.3,0.0,3.0,GOOD
2026-05-18T13:15:00+05:30,PUNE_CENTRAL,534.8,182.7,355.1,30.7,79.1,0.0,4.8,GOOD
2026-05-18T13:30:00+05:30,PUNE_CENTRAL,556.7,203.9,358.9,31.1,76.1,0.0,3.5,GOOD
2026-05-18T13:45:00+05:30,PUNE_CENTRAL,550.5,208.3,351.9,30.8,75.3,0.0,3.9,GOOD
2026-05-18T14:00:00+05:30,PUNE_CENTRAL,513.1,194.3,331.8,32.2,76.4,0.0,2.9,GOOD
2026-05-18T14:15:00+05:30,PUNE_CENTRAL,471.3,179.0,308.6,30.3,77.6,0.0,4.3,GOOD
2026-05-18T14:30:00+05:30,PUNE_CENTRAL,453.4,178.5,296.0,29.9,77.4,0.0,4.6,GOOD
2026-05-18T14:45:00+05:30,PUNE_CENTRAL,349.8,118.7,248.8,31.0,86.4,0.0,4.3,GOOD
2026-05-18T15:00:00+05:30,PUNE_CENTRAL,283.2,89.3,210.2,30.2,91.1,0.0,5.0,GOOD
2026-05-18T15:15:00+05:30,PUNE_CENTRAL,271.6,90.9,200.7,29.2,90.6,0.0,3.9,GOOD
2026-05-18T15:30:00+05:30,PUNE_CENTRAL,232.6,79.9,173.5,30.4,91.7,0.0,3.6,GOOD
2026-05-18T15:45:00+05:30,PUNE_CENTRAL,243.6,90.6,180.4,28.9,90.9,0.0,4.5,GOOD
2026-05-18T16:00:00+05:30,PUNE_CENTRAL,255.8,107.3,185.8,27.6,88.6,0.0,4.5,GOOD
2026-05-18T16:15:00+05:30,PUNE_CENTRAL,226.8,111.5,159.3,29.5,85.0,0.0,4.0,GOOD
2026-05-18T16:30:00+05:30,PUNE_CENTRAL,197.6,98.8,142.7,29.1,88.0,0.0,5.0,GOOD
2026-05-18T16:45:00+05:30,PUNE_CENTRAL,186.2,105.6,133.0,27.1,86.8,0.0,3.2,GOOD
2026-05-18T17:00:00+05:30,PUNE_CENTRAL,185.5,124.6,129.3,27.5,84.1,0.0,4.0,GOOD
2026-05-18T17:15:00+05:30,PUNE_CENTRAL,166.0,128.3,115.1,27.3,83.6,0.0,3.3,GOOD
2026-05-18T17:30:00+05:30,PUNE_CENTRAL,137.1,116.1,97.5,25.9,86.4,0.0,4.2,GOOD
2026-05-18T17:45:00+05:30,PUNE_CENTRAL,135.0,148.6,92.9,26.6,82.7,0.0,4.2,GOOD
2026-05-18T18:00:00+05:30,PUNE_CENTRAL,95.2,120.2,68.0,22.7,86.8,0.11,6.0,GOOD
2026-05-18T18:15:00+05:30,PUNE_CENTRAL,54.6,92.5,39.1,25.5,87.0,0.0,4.6,GOOD
2026-05-18T18:30:00+05:30,PUNE_CENTRAL,25.3,59.2,18.1,25.0,86.9,0.0,3.3,GOOD
2026-05-18T18:45:00+05:30,PUNE_CENTRAL,20.7,52.1,14.3,24.0,83.5,0.0,3.5,GOOD
2026-05-18T19:00:00+05:30,PUNE_CENTRAL,0.0,0.0,0.0,23.7,84.0,0.0,3.5,GOOD
2026-05-18T19:15:00+05:30,PUNE_CENTRAL,0.0,0.0,0.0,22.8,90.7,0.0,3.8,GOOD
2026-05-18T19:30:00+05:30,PUNE_CENTRAL,0.0,0.0,0.0,23.4,90.5,0.0,3.9,GOOD
2026-05-18T19:45:00+05:30,PUNE_CENTRAL,0.0,0.0,0.0,21.4,89.7,0.0,3.5,GOOD
2026-05-18T20:00:00+05:30,PUNE_CENTRAL,0.0,0.0,0.0,23.2,89.5,0.0,3.7,GOOD
2026-05-18T20:15:00+05:30,PUNE_CENTRAL,0.0,0.0,0.0,22.2,92.4,0.0,3.6,GOOD
2026-05-18T20:30:00+05:30,PUNE_CENTRAL,0.0,0.0,0.0,22.7,89.3,0.0,3.7,GOOD
2026-05-18T20:45:00+05:30,PUNE_CENTRAL,0.0,0.0,0.0,20.0,86.3,0.0,4.4,GOOD
2026-05-18T21:00:00+05:30,PUNE_CENTRAL,0.0,0.0,0.0,20,88.3,0.0,4.6,GOOD
2026-05-18T21:15:00+05:30,PUNE_CENTRAL,0.0,0.0,0.0,20,90.6,0.0,4.1,GOOD
2026-05-18T21:30:00+05:30,PUNE_CENTRAL,0.0,0.0,0.0,22.2,92.0,0.0,4.4,GOOD
2026-05-18T21:45:00+05:30,PUNE_CENTRAL,0.0,0.0,0.0,20,89.2,0.0,2.6,GOOD
2026-05-18T22:00:00+05:30,PUNE_CENTRAL,0.0,0.0,0.0,20.7,90.2,0.0,4.8,GOOD
2026-05-18T22:15:00+05:30,PUNE_CENTRAL,0.0,0.0,0.0,20.8,89.9,0.0,4.0,GOOD
2026-05-18T22:30:00+05:30,PUNE_CENTRAL,0.0,0.0,0.0,20.2,86.7,0.0,3.3,GOOD
2026-05-18T22:45:00+05:30,PUNE_CENTRAL,0.0,0.0,0.0,21.3,82.4,0.0,3.4,GOOD
2026-05-18T23:00:00+05:30,PUNE_CENTRAL,0.0,0.0,0.0,20.2,83.7,0.0,3.5,GOOD
2026-05-18T23:15:00+05:30,PUNE_CENTRAL,0.0,0.0,0.0,20.1,91.0,0.0,3.6,GOOD
2026-05-18T23:30:00+05:30,PUNE_CENTRAL,0.0,0.0,0.0,20.4,94.4,0.0,4.4,GOOD
2026-05-18T23:45:00+05:30,PUNE_CENTRAL,0.0,0.0,0.0,20,90.9,0.0,4.1,GOOD
2026-05-19T00:00:00+05:30,PUNE_CENTRAL,0.0,0.0,0.0,22.5,11.5,0.0,3.5,GOOD
2026-05-19T00:15:00+05:30,PUNE_CENTRAL,0.0,0.0,0.0,23.4,8.1,0.0,2.8,GOOD
2026-05-19T00:30:00+05:30,PUNE_CENTRAL,0.0,0.0,0.0,23.5,7.0,0.0,2.9,GOOD
2026-05-19T00:45:00+05:30,PUNE_CENTRAL,0.0,0.0,0.0,22.5,13.0,0.0,3.6,GOOD
2026-05-19T01:00:00+05:30,PUNE_CENTRAL,0.0,0.0,0.0,24.1,6.9,0.0,2.4,GOOD
2026-05-19T01:15:00+05:30,PUNE_CENTRAL,0.0,0.0,0.0,22.5,11.4,0.0,1.4,GOOD
2026-05-19T01:30:00+05:30,PUNE_CENTRAL,0.0,0.0,0.0,22.4,17.3,0.0,3.6,GOOD
2026-05-19T01:45:00+05:30,PUNE_CENTRAL,0.0,0.0,0.0,23.3,16.8,0.0,3.2,GOOD
2026-05-19T02:00:00+05:30,PUNE_CENTRAL,0.0,0.0,0.0,22.7,20.3,0.0,1.9,GOOD
2026-05-19T02:15:00+05:30,PUNE_CENTRAL,0.0,0.0,0.0,22.7,15.6,0.0,2.9,GOOD
2026-05-19T02:30:00+05:30,PUNE_CENTRAL,0.0,0.0,0.0,23.7,14.8,0.0,2.8,GOOD
2026-05-19T02:45:00+05:30,PUNE_CENTRAL,0.0,0.0,0.0,23.6,17.7,0.0,2.7,GOOD
2026-05-19T03:00:00+05:30,PUNE_CENTRAL,0.0,0.0,0.0,23.3,19.7,0.0,3.0,GOOD
2026-05-19T03:15:00+05:30,PUNE_CENTRAL,0.0,0.0,0.0,23.8,22.1,0.0,2.9,GOOD
2026-05-19T03:30:00+05:30,PUNE_CENTRAL,0.0,0.0,0.0,22.9,18.6,0.0,3.1,GOOD
2026-05-19T03:45:00+05:30,PUNE_CENTRAL,0.0,0.0,0.0,23.3,19.8,0.0,3.4,GOOD
2026-05-19T04:00:00+05:30,PUNE_CENTRAL,0.0,0.0,0.0,22.5,19.0,0.0,2.7,GOOD
2026-05-19T04:15:00+05:30,PUNE_CENTRAL,0.0,0.0,0.0,22.5,17.5,0.0,2.0,GOOD
2026-05-19T04:30:00+05:30,PUNE_CENTRAL,0.0,0.0,0.0,21.4,16.4,0.0,2.2,GOOD
2026-05-19T04:45:00+05:30,PUNE_CENTRAL,0.0,0.0,0.0,23.4,9.7,0.0,3.7,GOOD
2026-05-19T05:00:00+05:30,PUNE_CENTRAL,0.0,0.0,0.0,24.4,8.5,0.0,3.7,GOOD
2026-05-19T05:15:00+05:30,PUNE_CENTRAL,0.0,0.0,0.0,21.7,14.0,0.0,2.4,GOOD
2026-05-19T05:30:00+05:30,PUNE_CENTRAL,0.0,0.0,0.0,23.2,12.3,0.0,2.7,GOOD
2026-05-19T05:45:00+05:30,PUNE_CENTRAL,0.0,0.0,0.0,25.4,6.1,0.0,2.8,GOOD
2026-05-19T06:00:00+05:30,PUNE_CENTRAL,0.0,0.0,0.0,23.2,6.4,0.0,3.6,GOOD
2026-05-19T06:15:00+05:30,PUNE_CENTRAL,10.9,70.4,2.3,26.1,9.7,0.0,2.6,GOOD
2026-05-19T06:30:00+05:30,PUNE_CENTRAL,74.3,505.0,12.7,25.1,3.3,0.0,2.5,GOOD
2026-05-19T06:45:00+05:30,PUNE_CENTRAL,136.5,698.7,23.4,26.4,3.3,0.0,1.6,GOOD
2026-05-19T07:00:00+05:30,PUNE_CENTRAL,173.2,630.2,34.5,26.2,7.6,0.0,3.3,GOOD
2026-05-19T07:15:00+05:30,PUNE_CENTRAL,222.9,642.2,44.5,27.0,7.6,0.0,2.1,GOOD
2026-05-19T07:30:00+05:30,PUNE_CENTRAL,276.9,628.9,66.4,27.6,13.8,0.0,2.9,GOOD
2026-05-19T07:45:00+05:30,PUNE_CENTRAL,339.9,665.2,80.0,28.2,13.1,0.0,2.9,GOOD
2026-05-19T08:00:00+05:30,PUNE_CENTRAL,397.4,666.7,100.4,27.3,15.8,0.0,2.6,GOOD
2026-05-19T08:15:00+05:30,PUNE_CENTRAL,433.2,647.4,110.4,29.3,16.1,0.0,3.0,GOOD
2026-05-19T08:30:00+05:30,PUNE_CENTRAL,527.8,696.7,144.4,28.0,19.0,0.0,2.1,GOOD
2026-05-19T08:45:00+05:30,PUNE_CENTRAL,555.2,700.1,135.1,28.9,14.4,0.0,1.9,GOOD
2026-05-19T09:00:00+05:30,PUNE_CENTRAL,611.9,716.0,148.2,30.1,14.2,0.0,3.2,GOOD
2026-05-19T09:15:00+05:30,PUNE_CENTRAL,641.5,704.9,153.0,30.2,13.6,0.0,2.2,GOOD
2026-05-19T09:30:00+05:30,PUNE_CENTRAL,719.6,740.7,174.7,30.1,14.3,0.0,3.2,GOOD
2026-05-19T09:45:00+05:30,PUNE_CENTRAL,762.7,728.9,197.2,32.3,16.7,0.0,2.9,GOOD
2026-05-19T10:00:00+05:30,PUNE_CENTRAL,774.5,672.5,227.7,31.0,22.1,0.0,2.6,GOOD
2026-05-19T10:15:00+05:30,PUNE_CENTRAL,805.9,695.2,216.8,32.1,18.3,0.0,1.8,GOOD
2026-05-19T10:30:00+05:30,PUNE_CENTRAL,865.3,751.0,205.6,32.7,13.5,0.0,2.7,GOOD
2026-05-19T10:45:00+05:30,PUNE_CENTRAL,917.1,757.4,230.9,31.6,15.7,0.0,2.7,GOOD
2026-05-19T11:00:00+05:30,PUNE_CENTRAL,890.9,677.5,260.5,32.6,21.9,0.0,3.9,GOOD
2026-05-19T11:15:00+05:30,PUNE_CENTRAL,971.6,757.6,250.9,33.1,16.7,0.0,2.4,GOOD
2026-05-19T11:30:00+05:30,PUNE_CENTRAL,971.0,735.9,258.4,32.5,17.9,0.0,2.8,GOOD
2026-05-19T11:45:00+05:30,PUNE_CENTRAL,986.1,778.1,222.0,33.4,11.6,0.0,1.8,GOOD
2026-05-19T12:00:00+05:30,PUNE_CENTRAL,1011.9,765.3,253.0,32.6,15.4,0.0,3.6,SUSPECT
2026-05-19T12:15:00+05:30,PUNE_CENTRAL,1012.1,746.3,267.6,32.6,17.6,0.0,2.5,GOOD
2026-05-19T12:30:00+05:30,PUNE_CENTRAL,1003.3,739.9,263.5,32.4,17.3,0.0,1.4,GOOD
2026-05-19T12:45:00+05:30,PUNE_CENTRAL,1037.7,757.2,282.0,32.1,18.7,0.0,2.8,GOOD
2026-05-19T13:00:00+05:30,PUNE_CENTRAL,1001.4,753.1,253.8,34.5,15.9,0.0,2.1,GOOD
2026-05-19T13:15:00+05:30,PUNE_CENTRAL,1011.3,805.2,219.5,33.1,10.3,0.0,2.4,GOOD
2026-05-19T13:30:00+05:30,PUNE_CENTRAL,956.8,762.8,216.7,33.6,11.8,0.0,2.1,GOOD
2026-05-19T13:45:00+05:30,PUNE_CENTRAL,951.1,739.2,246.2,34.0,16.7,0.0,1.6,GOOD
2026-05-19T14:00:00+05:30,PUNE_CENTRAL,936.3,728.4,256.6,31.3,19.1,0.0,1.6,GOOD
2026-05-19T14:15:00+05:30,PUNE_CENTRAL,890.4,678.3,273.6,31.9,24.2,0.0,3.4,GOOD
2026-05-19T14:30:00+05:30,PUNE_CENTRAL,870.4,701.4,251.8,32.3,21.4,0.0,2.1,GOOD
2026-05-19T14:45:00+05:30,PUNE_CENTRAL,835.2,696.7,242.1,32.1,21.5,0.0,1.6,GOOD
2026-05-19T15:00:00+05:30,PUNE_CENTRAL,817.0,732.7,218.0,32.7,18.0,0.0,1.8,GOOD
2026-05-19T15:15:00+05:30,PUNE_CENTRAL,752.8,718.0,192.3,32.3,16.2,0.0,2.2,GOOD
2026-05-19T15:30:00+05:30,PUNE_CENTRAL,732.6,739.5,184.7,30.0,15.7,0.0,1.9,GOOD
2026-05-19T15:45:00+05:30,PUNE_CENTRAL,680.4,719.2,178.1,30.5,17.2,0.0,2.9,GOOD
2026-05-19T16:00:00+05:30,PUNE_CENTRAL,590.7,664.8,156.4,30.2,17.6,0.0,2.1,GOOD
2026-05-19T16:15:00+05:30,PUNE_CENTRAL,563.1,685.6,147.6,30.3,17.2,0.0,2.1,GOOD
2026-05-19T16:30:00+05:30,PUNE_CENTRAL,538.3,720.0,137.6,29.9,16.2,0.0,2.2,GOOD
2026-05-19T16:45:00+05:30,PUNE_CENTRAL,459.3,634.2,138.9,28.8,23.5,0.0,2.9,GOOD
2026-05-19T17:00:00+05:30,PUNE_CENTRAL,397.7,640.1,108.4,30.1,18.8,0.0,2.1,GOOD
2026-05-19T17:15:00+05:30,PUNE_CENTRAL,346.1,616.0,101.3,28.5,21.9,0.0,2.2,GOOD
2026-05-19T17:30:00+05:30,PUNE_CENTRAL,299.0,628.7,84.3,29.4,20.3,0.0,1.9,GOOD
2026-05-19T17:45:00+05:30,PUNE_CENTRAL,259.5,640.9,76.9,27.4,22.5,0.0,2.5,GOOD
2026-05-19T18:00:00+05:30,PUNE_CENTRAL,201.2,627.2,58.7,28.6,21.8,0.0,2.7,GOOD
2026-05-19T18:15:00+05:30,PUNE_CENTRAL,118.3,511.2,31.8,26.9,18.3,0.0,2.5,GOOD
2026-05-19T18:30:00+05:30,PUNE_CENTRAL,78.8,460.8,22.6,27.3,21.1,0.0,2.5,GOOD
2026-05-19T18:45:00+05:30,PUNE_CENTRAL,32.9,189.7,9.8,25.8,22.7,0.0,3.1,GOOD
2026-05-19T19:00:00+05:30,PUNE_CENTRAL,0.0,0.0,0.0,25.8,27.5,0.0,4.0,GOOD
2026-05-19T19:15:00+05:30,PUNE_CENTRAL,0.0,0.0,0.0,24.6,29.4,0.0,2.5,GOOD
2026-05-19T19:30:00+05:30,PUNE_CENTRAL,0.0,0.0,0.0,24.6,33.5,0.0,3.4,GOOD
2026-05-19T19:45:00+05:30,PUNE_CENTRAL,0.0,0.0,0.0,24.6,28.1,0.0,2.3,GOOD
2026-05-19T20:00:00+05:30,PUNE_CENTRAL,0.0,0.0,0.0,22.7,32.3,0.0,3.5,GOOD
2026-05-19T20:15:00+05:30,PUNE_CENTRAL,0.0,0.0,0.0,23.5,34.9,0.0,3.0,SUSPECT
2026-05-19T20:30:00+05:30,PUNE_CENTRAL,0.0,0.0,0.0,22.2,37.0,0.0,3.6,GOOD
2026-05-19T20:45:00+05:30,PUNE_CENTRAL,0.0,0.0,0.0,22.2,40.3,0.0,3.4,GOOD
2026-05-19T21:00:00+05:30,PUNE_CENTRAL,0.0,0.0,0.0,22.6,41.8,0.0,3.3,GOOD
2026-05-19T21:15:00+05:30,PUNE_CENTRAL,0.0,0.0,0.0,21.1,44.2,0.0,1.9,GOOD
2026-05-19T21:30:00+05:30,PUNE_CENTRAL,0.0,0.0,0.0,22.2,40.8,0.0,1.6,GOOD
2026-05-19T21:45:00+05:30,PUNE_CENTRAL,0.0,0.0,0.0,23.1,36.5,0.0,4.1,GOOD
2026-05-19T22:00:00+05:30,PUNE_CENTRAL,0.0,0.0,0.0,22.3,39.8,0.0,3.6,GOOD
2026-05-19T22:15:00+05:30,PUNE_CENTRAL,0.0,0.0,0.0,21.5,40.5,0.0,4.5,GOOD
2026-05-19T22:30:00+05:30,PUNE_CENTRAL,0.0,0.0,0.0,21.9,31.8,0.0,3.2,GOOD
2026-05-19T22:45:00+05:30,PUNE_CENTRAL,0.0,0.0,0.0,21.2,24.2,0.0,3.5,GOOD
2026-05-19T23:00:00+05:30,PUNE_CENTRAL,0.0,0.0,0.0,22.6,27.1,0.0,2.4,GOOD
2026-05-19T23:15:00+05:30,PUNE_CENTRAL,0.0,0.0,0.0,23.0,23.8,0.0,2.4,GOOD
2026-05-19T23:30:00+05:30,PUNE_CENTRAL,0.0,0.0,0.0,22.9,23.8,0.0,2.4,GOOD
2026-05-19T23:45:00+05:30,PUNE_CENTRAL,0.0,0.0,0.0,22.2,24.3,0.0,2.3,GOOD
2026-05-20T00:00:00+05:30,PUNE_CENTRAL,0.0,0.0,0.0,22.5,18.5,0.0,3.7,GOOD
2026-05-20T00:15:00+05:30,PUNE_CENTRAL,0.0,0.0,0.0,23.6,19.1,0.0,3.7,GOOD
2026-05-20T00:30:00+05:30,PUNE_CENTRAL,0.0,0.0,0.0,22.6,15.9,0.0,2.5,GOOD
2026-05-20T00:45:00+05:30,PUNE_CENTRAL,0.0,0.0,0.0,24.0,14.5,0.0,3.1,GOOD
2026-05-20T01:00:00+05:30,PUNE_CENTRAL,0.0,0.0,0.0,23.0,14.4,0.0,2.8,GOOD
2026-05-20T01:15:00+05:30,PUNE_CENTRAL,0.0,0.0,0.0,24.0,20.5,0.0,2.1,GOOD
2026-05-20T01:30:00+05:30,PUNE_CENTRAL,0.0,0.0,0.0,23.7,20.3,0.0,2.5,GOOD
2026-05-20T01:45:00+05:30,PUNE_CENTRAL,0.0,0.0,0.0,22.7,19.1,0.0,1.7,GOOD
2026-05-20T02:00:00+05:30,PUNE_CENTRAL,0.0,0.0,0.0,22.6,17.8,0.0,2.9,GOOD
2026-05-20T02:15:00+05:30,PUNE_CENTRAL,0.0,0.0,0.0,23.8,20.5,0.0,3.6,GOOD
2026-05-20T02:30:00+05:30,PUNE_CENTRAL,0.0,0.0,0.0,21.6,22.8,0.0,2.7,GOOD
2026-05-20T02:45:00+05:30,PUNE_CENTRAL,0.0,0.0,0.0,21.4,29.1,0.0,2.6,GOOD
2026-05-20T03:00:00+05:30,PUNE_CENTRAL,0.0,0.0,0.0,22.0,24.9,0.0,2.8,GOOD
2026-05-20T03:15:00+05:30,PUNE_CENTRAL,0.0,0.0,0.0,22.8,21.8,0.0,2.1,GOOD
2026-05-20T03:30:00+05:30,PUNE_CENTRAL,0.0,0.0,0.0,22.4,19.9,0.0,3.8,GOOD
2026-05-20T03:45:00+05:30,PUNE_CENTRAL,0.0,0.0,0.0,22.1,22.4,0.0,0.9,GOOD
2026-05-20T04:00:00+05:30,PUNE_CENTRAL,0.0,0.0,0.0,22.6,20.7,0.0,2.5,GOOD
2026-05-20T04:15:00+05:30,PUNE_CENTRAL,0.0,0.0,0.0,23.2,18.7,0.0,3.3,GOOD
2026-05-20T04:30:00+05:30,PUNE_CENTRAL,0.0,0.0,0.0,23.3,18.8,0.0,3.7,GOOD
2026-05-20T04:45:00+05:30,PUNE_CENTRAL,0.0,0.0,0.0,23.8,16.1,0.0,2.2,GOOD
2026-05-20T05:00:00+05:30,PUNE_CENTRAL,0.0,0.0,0.0,22.2,20.5,0.0,2.4,GOOD
2026-05-20T05:15:00+05:30,PUNE_CENTRAL,0.0,0.0,0.0,23.2,17.1,0.0,3.3,GOOD
2026-05-20T05:30:00+05:30,PUNE_CENTRAL,0.0,0.0,0.0,24.7,15.2,0.0,3.2,GOOD
2026-05-20T05:45:00+05:30,PUNE_CENTRAL,0.0,0.0,0.0,24.0,15.9,0.0,2.9,GOOD
2026-05-20T06:00:00+05:30,PUNE_CENTRAL,0.0,0.0,0.0,23.1,15.6,0.0,2.4,GOOD
2026-05-20T06:15:00+05:30,PUNE_CENTRAL,21.2,131.7,5.1,25.0,14.2,0.0,3.1,GOOD
2026-05-20T06:30:00+05:30,PUNE_CENTRAL,78.5,513.5,15.9,26.8,8.1,0.0,2.0,GOOD
2026-05-20T06:45:00+05:30,PUNE_CENTRAL,108.2,487.8,28.8,26.2,17.9,0.0,3.7,GOOD
2026-05-20T07:00:00+05:30,PUNE_CENTRAL,171.7,585.0,42.5,25.5,15.0,0.0,3.3,GOOD
2026-05-20T07:15:00+05:30,PUNE_CENTRAL,230.1,619.1,57.7,26.0,15.5,0.0,2.1,GOOD
2026-05-20T07:30:00+05:30,PUNE_CENTRAL,289.0,642.6,73.5,26.7,16.1,0.0,2.2,GOOD
2026-05-20T07:45:00+05:30,PUNE_CENTRAL,345.2,617.7,103.5,28.1,23.0,0.0,1.8,GOOD
2026-05-20T08:00:00+05:30,PUNE_CENTRAL,400.8,629.9,119.9,27.0,22.9,0.0,2.1,GOOD
2026-05-20T08:15:00+05:30,PUNE_CENTRAL,473.4,680.0,134.0,27.5,20.5,0.0,3.3,GOOD
2026-05-20T08:30:00+05:30,PUNE_CENTRAL,507.8,696.2,124.4,30.5,14.6,0.0,2.0,GOOD
2026-05-20T08:45:00+05:30,PUNE_CENTRAL,567.2,735.2,125.8,30.5,11.1,0.0,3.7,GOOD
2026-05-20T09:00:00+05:30,PUNE_CENTRAL,599.2,714.1,136.5,29.3,12.0,0.0,1.8,GOOD
2026-05-20T09:15:00+05:30,PUNE_CENTRAL,676.2,733.5,167.8,31.1,15.1,0.0,3.1,GOOD
2026-05-20T09:30:00+05:30,PUNE_CENTRAL,719.2,703.0,201.8,29.5,20.1,0.0,2.8,GOOD
2026-05-20T09:45:00+05:30,PUNE_CENTRAL,738.6,705.7,191.0,31.3,16.7,0.0,2.7,GOOD
2026-05-20T10:00:00+05:30,PUNE_CENTRAL,814.2,731.8,219.1,32.3,18.3,0.0,1.5,GOOD
2026-05-20T10:15:00+05:30,PUNE_CENTRAL,821.1,677.9,246.7,29.6,23.1,0.0,2.4,GOOD
2026-05-20T10:30:00+05:30,PUNE_CENTRAL,873.8,707.2,252.6,31.5,21.4,0.0,4.1,GOOD
2026-05-20T10:45:00+05:30,PUNE_CENTRAL,892.0,704.0,254.2,34.2,20.8,0.0,2.6,GOOD
2026-05-20T11:00:00+05:30,PUNE_CENTRAL,936.6,716.3,270.2,33.1,21.3,0.0,2.8,GOOD
2026-05-20T11:15:00+05:30,PUNE_CENTRAL,961.7,749.1,249.2,32.7,16.8,0.0,1.7,GOOD
2026-05-20T11:30:00+05:30,PUNE_CENTRAL,966.8,696.8,292.1,34.2,23.4,0.0,3.4,GOOD
2026-05-20T11:45:00+05:30,PUNE_CENTRAL,978.3,658.6,331.7,32.3,29.1,0.0,1.9,GOOD
2026-05-20T12:00:00+05:30,PUNE_CENTRAL,974.0,622.3,357.0,32.1,33.3,0.0,2.6,GOOD
2026-05-20T12:15:00+05:30,PUNE_CENTRAL,992.6,648.5,345.7,32.2,30.5,0.0,3.6,GOOD
2026-05-20T12:30:00+05:30,PUNE_CENTRAL,1004.9,678.2,327.0,33.1,27.0,0.0,2.2,GOOD
2026-05-20T12:45:00+05:30,PUNE_CENTRAL,984.8,692.4,293.7,32.8,22.8,0.0,2.6,GOOD
2026-05-20T13:00:00+05:30,PUNE_CENTRAL,996.9,703.0,299.1,33.4,23.1,0.0,2.2,GOOD
2026-05-20T13:15:00+05:30,PUNE_CENTRAL,1005.3,747.8,270.0,33.9,18.2,0.0,3.2,GOOD
2026-05-20T13:30:00+05:30,PUNE_CENTRAL,979.0,720.8,279.6,33.3,20.9,0.0,2.4,GOOD
2026-05-20T13:45:00+05:30,PUNE_CENTRAL,957.4,729.4,261.8,33.5,19.0,0.0,2.1,GOOD
2026-05-20T14:00:00+05:30,PUNE_CENTRAL,943.0,758.1,235.4,32.8,15.3,0.0,2.0,GOOD
2026-05-20T14:15:00+05:30,PUNE_CENTRAL,914.9,727.3,253.4,33.2,19.5,0.0,3.0,GOOD
2026-05-20T14:30:00+05:30,PUNE_CENTRAL,879.7,708.3,254.9,31.7,21.5,0.0,2.8,GOOD
2026-05-20T14:45:00+05:30,PUNE_CENTRAL,821.3,648.5,269.0,31.6,27.3,0.0,2.7,GOOD
2026-05-20T15:00:00+05:30,PUNE_CENTRAL,802.5,646.9,273.5,32.0,29.4,0.0,3.4,GOOD
2026-05-20T15:15:00+05:30,PUNE_CENTRAL,759.7,658.7,245.3,30.9,26.6,0.0,3.7,GOOD
2026-05-20T15:30:00+05:30,PUNE_CENTRAL,706.8,627.8,241.4,30.7,29.5,0.0,4.0,GOOD
2026-05-20T15:45:00+05:30,PUNE_CENTRAL,657.8,614.4,228.4,30.6,30.3,0.0,2.4,GOOD
2026-05-20T16:00:00+05:30,PUNE_CENTRAL,614.1,600.0,221.7,30.1,32.5,0.0,3.3,GOOD
2026-05-20T16:15:00+05:30,PUNE_CENTRAL,556.3,608.7,187.0,30.6,28.6,0.0,2.5,GOOD
2026-05-20T16:30:00+05:30,PUNE_CENTRAL,544.7,649.8,182.5,29.3,28.5,0.0,2.1,GOOD
2026-05-20T16:45:00+05:30,PUNE_CENTRAL,445.0,567.6,157.8,29.8,31.5,0.0,3.0,GOOD
2026-05-20T17:00:00+05:30,PUNE_CENTRAL,378.9,596.7,108.7,29.2,21.0,0.0,2.1,GOOD
2026-05-20T17:15:00+05:30,PUNE_CENTRAL,358.4,637.8,104.3,30.5,21.7,0.0,3.2,GOOD
2026-05-20T17:30:00+05:30,PUNE_CENTRAL,273.7,552.2,84.5,30.2,24.4,0.0,3.3,GOOD
2026-05-20T17:45:00+05:30,PUNE_CENTRAL,205.3,508.9,59.8,27.7,21.7,0.0,3.9,GOOD
2026-05-20T18:00:00+05:30,PUNE_CENTRAL,169.2,505.5,53.7,27.4,25.8,0.0,3.9,GOOD
2026-05-20T18:15:00+05:30,PUNE_CENTRAL,136.3,552.0,42.3,27.8,24.7,0.0,3.5,SUSPECT
2026-05-20T18:30:00+05:30,PUNE_CENTRAL,81.8,472.6,24.2,27.0,22.5,0.0,3.4,GOOD
2026-05-20T18:45:00+05:30,PUNE_CENTRAL,55.3,304.4,18.2,26.9,27.6,0.0,2.4,GOOD
2026-05-20T19:00:00+05:30,PUNE_CENTRAL,0.0,0.0,0.0,26.1,27.2,0.0,2.3,GOOD
2026-05-20T19:15:00+05:30,PUNE_CENTRAL,0.0,0.0,0.0,24.4,27.4,0.0,3.4,GOOD
2026-05-20T19:30:00+05:30,PUNE_CENTRAL,0.0,0.0,0.0,26.1,22.9,0.0,1.9,GOOD
2026-05-20T19:45:00+05:30,PUNE_CENTRAL,0.0,0.0,0.0,24.1,31.0,0.0,2.6,GOOD
2026-05-20T20:00:00+05:30,PUNE_CENTRAL,0.0,0.0,0.0,22.6,35.6,0.0,2.8,GOOD
2026-05-20T20:15:00+05:30,PUNE_CENTRAL,0.0,0.0,0.0,24.0,34.5,0.0,2.5,GOOD
2026-05-20T20:30:00+05:30,PUNE_CENTRAL,0.0,0.0,0.0,21.8,30.8,0.0,3.2,GOOD
2026-05-20T20:45:00+05:30,PUNE_CENTRAL,0.0,0.0,0.0,22.4,30.0,0.0,2.3,GOOD
2026-05-20T21:00:00+05:30,PUNE_CENTRAL,0.0,0.0,0.0,23.2,27.7,0.0,3.1,GOOD
2026-05-20T21:15:00+05:30,PUNE_CENTRAL,0.0,0.0,0.0,22.8,26.7,0.0,2.3,GOOD
2026-05-20T21:30:00+05:30,PUNE_CENTRAL,0.0,0.0,0.0,23.5,21.5,0.0,2.2,GOOD
2026-05-20T21:45:00+05:30,PUNE_CENTRAL,0.0,0.0,0.0,22.3,16.9,0.0,3.1,GOOD
2026-05-20T22:00:00+05:30,PUNE_CENTRAL,0.0,0.0,0.0,22.7,18.4,0.0,2.6,GOOD
2026-05-20T22:15:00+05:30,PUNE_CENTRAL,0.0,0.0,0.0,24.6,19.0,0.0,2.7,GOOD
2026-05-20T22:30:00+05:30,PUNE_CENTRAL,0.0,0.0,0.0,22.4,17.1,0.0,2.0,GOOD
2026-05-20T22:45:00+05:30,PUNE_CENTRAL,0.0,0.0,0.0,22.2,14.5,0.0,3.4,GOOD
2026-05-20T23:00:00+05:30,PUNE_CENTRAL,0.0,0.0,0.0,23.8,16.6,0.0,1.5,GOOD
2026-05-20T23:15:00+05:30,PUNE_CENTRAL,0.0,0.0,0.0,22.4,18.0,0.0,2.0,GOOD
2026-05-20T23:30:00+05:30,PUNE_CENTRAL,0.0,0.0,0.0,24.1,18.1,0.0,2.7,GOOD
2026-05-20T23:45:00+05:30,PUNE_CENTRAL,0.0,0.0,0.0,23.5,14.0,0.0,2.7,GOOD
2026-05-21T00:00:00+05:30,PUNE_CENTRAL,0.0,0.0,0.0,20.3,86.2,0.0,3.4,GOOD
2026-05-21T00:15:00+05:30,PUNE_CENTRAL,0.0,0.0,0.0,20.6,88.4,0.0,3.9,GOOD
2026-05-21T00:30:00+05:30,PUNE_CENTRAL,0.0,0.0,0.0,20.4,86.7,0.0,5.4,GOOD
2026-05-21T00:45:00+05:30,PUNE_CENTRAL,0.0,0.0,0.0,21.2,88.5,0.0,3.0,GOOD
2026-05-21T01:00:00+05:30,PUNE_CENTRAL,0.0,0.0,0.0,20,95.1,0.0,3.7,GOOD
2026-05-21T01:15:00+05:30,PUNE_CENTRAL,0.0,0.0,0.0,20,89.5,0.6,5.3,GOOD
2026-05-21T01:30:00+05:30,PUNE_CENTRAL,0.0,0.0,0.0,20,97.5,0.1,4.5,GOOD
2026-05-21T01:45:00+05:30,PUNE_CENTRAL,0.0,0.0,0.0,21.3,82.7,0.0,4.0,GOOD
2026-05-21T02:00:00+05:30,PUNE_CENTRAL,0.0,0.0,0.0,21.9,82.6,0.0,5.1,GOOD
2026-05-21T02:15:00+05:30,PUNE_CENTRAL,0.0,0.0,0.0,20,89.3,0.0,4.1,GOOD
2026-05-21T02:30:00+05:30,PUNE_CENTRAL,0.0,0.0,0.0,20,94.8,0.42,5.4,GOOD
2026-05-21T02:45:00+05:30,PUNE_CENTRAL,0.0,0.0,0.0,20.4,88.7,0.0,5.3,GOOD
2026-05-21T03:00:00+05:30,PUNE_CENTRAL,0.0,0.0,0.0,20,94.6,1.03,5.9,GOOD
2026-05-21T03:15:00+05:30,PUNE_CENTRAL,0.0,0.0,0.0,20.8,86.1,0.0,4.3,GOOD
2026-05-21T03:30:00+05:30,PUNE_CENTRAL,0.0,0.0,0.0,20,92.8,0.71,6.7,GOOD
2026-05-21T03:45:00+05:30,PUNE_CENTRAL,0.0,0.0,0.0,20,97.8,0.0,4.1,GOOD
2026-05-21T04:00:00+05:30,PUNE_CENTRAL,0.0,0.0,0.0,21.1,96.0,0.0,3.0,GOOD
2026-05-21T04:15:00+05:30,PUNE_CENTRAL,0.0,0.0,0.0,20,99.7,0.0,4.6,GOOD
2026-05-21T04:30:00+05:30,PUNE_CENTRAL,0.0,0.0,0.0,20,98.2,0.0,4.7,GOOD
2026-05-21T04:45:00+05:30,PUNE_CENTRAL,0.0,0.0,0.0,21.4,95.1,0.0,3.9,GOOD
2026-05-21T05:00:00+05:30,PUNE_CENTRAL,0.0,0.0,0.0,20,90.7,0.0,3.7,GOOD
2026-05-21T05:15:00+05:30,PUNE_CENTRAL,0.0,0.0,0.0,20.5,90.9,0.0,3.5,GOOD
2026-05-21T05:30:00+05:30,PUNE_CENTRAL,0.0,0.0,0.0,21.9,84.2,0.0,4.5,GOOD
2026-05-21T05:45:00+05:30,PUNE_CENTRAL,0.0,0.0,0.0,21.5,89.5,0.0,2.8,GOOD
2026-05-21T06:00:00+05:30,PUNE_CENTRAL,0.0,0.0,0.0,22.6,88.6,0.0,2.6,GOOD
2026-05-21T06:15:00+05:30,PUNE_CENTRAL,14.2,34.1,10.1,22.5,85.8,0.0,4.1,GOOD
2026-05-21T06:30:00+05:30,PUNE_CENTRAL,25.0,64.2,17.2,23.2,82.6,0.0,4.6,GOOD
2026-05-21T06:45:00+05:30,PUNE_CENTRAL,25.9,47.5,18.1,24.5,84.6,0.0,4.3,GOOD
2026-05-21T07:00:00+05:30,PUNE_CENTRAL,69.5,104.4,46.4,23.9,79.6,0.0,3.7,GOOD
2026-05-21T07:15:00+05:30,PUNE_CENTRAL,83.7,90.3,58.5,24.3,84.4,0.0,3.1,GOOD
2026-05-21T07:30:00+05:30,PUNE_CENTRAL,48.6,36.7,36.3,23.1,91.8,0.0,5.1,GOOD
2026-05-21T07:45:00+05:30,PUNE_CENTRAL,55.5,33.9,42.2,25.7,93.9,0.0,4.0,GOOD
2026-05-21T08:00:00+05:30,PUNE_CENTRAL,118.2,71.5,86.3,26.5,89.2,0.0,3.7,GOOD
2026-05-21T08:15:00+05:30,PUNE_CENTRAL,142.7,85.2,100.1,25.9,84.8,0.0,4.5,GOOD
2026-05-21T08:30:00+05:30,PUNE_CENTRAL,154.6,81.4,109.7,27.1,86.1,0.0,3.9,GOOD
2026-05-21T08:45:00+05:30,PUNE_CENTRAL,171.5,87.4,119.0,27.6,83.7,0.0,3.4,GOOD
2026-05-21T09:00:00+05:30,PUNE_CENTRAL,163.4,69.7,118.2,27.5,88.2,0.0,4.0,GOOD
2026-05-21T09:15:00+05:30,PUNE_CENTRAL,246.0,109.0,170.4,27.8,83.5,0.0,1.8,GOOD
2026-05-21T09:30:00+05:30,PUNE_CENTRAL,260.2,117.2,173.9,29.3,79.8,0.0,3.8,GOOD
2026-05-21T09:45:00+05:30,PUNE_CENTRAL,289.9,125.4,192.6,28.7,79.1,0.0,4.4,SUSPECT
2026-05-21T10:00:00+05:30,PUNE_CENTRAL,322.1,142.8,205.9,30.0,75.3,0.0,4.2,GOOD
2026-05-21T10:15:00+05:30,PUNE_CENTRAL,338.7,136.5,223.0,29.2,78.2,0.0,3.4,GOOD
2026-05-21T10:30:00+05:30,PUNE_CENTRAL,295.9,107.0,201.9,30.5,81.9,0.0,3.5,GOOD
2026-05-21T10:45:00+05:30,PUNE_CENTRAL,317.4,110.3,217.5,31.2,82.3,0.0,3.9,GOOD
2026-05-21T11:00:00+05:30,PUNE_CENTRAL,373.1,141.0,242.0,31.6,76.7,0.0,4.4,GOOD
2026-05-21T11:15:00+05:30,PUNE_CENTRAL,430.6,163.3,275.3,30.3,75.3,0.0,3.8,GOOD
2026-05-21T11:30:00+05:30,PUNE_CENTRAL,394.5,146.9,252.2,30.1,75.3,0.0,3.4,GOOD
2026-05-21T11:45:00+05:30,PUNE_CENTRAL,428.1,157.3,273.7,30.7,75.3,0.0,3.2,GOOD
2026-05-21T12:00:00+05:30,PUNE_CENTRAL,362.0,118.0,245.0,31.0,81.1,0.0,4.0,GOOD
2026-05-21T12:15:00+05:30,PUNE_CENTRAL,374.3,126.3,248.3,30.7,79.0,0.0,4.1,GOOD
2026-05-21T12:30:00+05:30,PUNE_CENTRAL,364.4,117.6,246.9,32.0,81.2,0.0,3.9,GOOD
2026-05-21T12:45:00+05:30,PUNE_CENTRAL,361.3,115.5,246.1,31.3,81.7,0.0,4.9,GOOD
2026-05-21T13:00:00+05:30,PUNE_CENTRAL,389.3,129.8,260.5,30.3,79.9,0.0,4.4,GOOD
2026-05-21T13:15:00+05:30,PUNE_CENTRAL,405.3,136.2,271.3,30.9,79.9,0.0,4.5,GOOD
2026-05-21T13:30:00+05:30,PUNE_CENTRAL,352.8,117.2,239.1,30.3,81.2,0.0,3.7,GOOD
2026-05-21T13:45:00+05:30,PUNE_CENTRAL,320.1,100.8,223.9,30.9,84.6,0.0,2.5,GOOD
2026-05-21T14:00:00+05:30,PUNE_CENTRAL,285.8,85.8,205.8,28.8,87.7,0.0,4.4,GOOD
2026-05-21T14:15:00+05:30,PUNE_CENTRAL,148.2,34.5,116.9,30.7,98.2,0.0,4.3,GOOD
2026-05-21T14:30:00+05:30,PUNE_CENTRAL,203.1,56.2,153.6,28.6,93.2,0.0,4.3,GOOD
2026-05-21T14:45:00+05:30,PUNE_CENTRAL,65.5,16.5,51.4,28.2,97.7,0.92,5.4,GOOD
2026-05-21T15:00:00+05:30,PUNE_CENTRAL,61.7,16.2,48.4,26.5,97.7,0.83,6.2,GOOD
2026-05-21T15:15:00+05:30,PUNE_CENTRAL,93.6,24.0,74.9,30.2,100,0.0,4.5,GOOD
2026-05-21T15:30:00+05:30,PUNE_CENTRAL,31.5,8.5,25.2,27.8,100,0.28,6.2,GOOD
2026-05-21T15:45:00+05:30,PUNE_CENTRAL,120.5,34.5,96.4,29.7,100,0.0,4.1,GOOD
2026-05-21T16:00:00+05:30,PUNE_CENTRAL,86.8,26.5,69.4,29.5,100,0.0,3.9,GOOD
2026-05-21T16:15:00+05:30,PUNE_CENTRAL,63.0,20.8,50.4,29.3,100,0.0,3.9,GOOD
2026-05-21T16:30:00+05:30,PUNE_CENTRAL,68.9,24.7,55.1,29.2,100,0.0,4.6,GOOD
2026-05-21T16:45:00+05:30,PUNE_CENTRAL,39.3,15.5,31.4,27.5,100,0.0,5.1,GOOD
2026-05-21T17:00:00+05:30,PUNE_CENTRAL,28.8,12.7,23.0,26.5,100,0.47,5.3,GOOD
2026-05-21T17:15:00+05:30,PUNE_CENTRAL,39.2,19.6,31.3,26.8,100,0.0,4.1,GOOD
2026-05-21T17:30:00+05:30,PUNE_CENTRAL,42.0,25.0,33.4,27.1,99.2,0.0,4.8,GOOD
2026-05-21T17:45:00+05:30,PUNE_CENTRAL,30.9,22.6,24.4,26.5,98.4,0.0,4.2,GOOD
2026-05-21T18:00:00+05:30,PUNE_CENTRAL,0.0,0.0,0.0,25.7,100,0.0,2.6,GOOD
2026-05-21T18:15:00+05:30,PUNE_CENTRAL,23.7,27.7,19.0,26.0,100,0.0,3.3,GOOD
2026-05-21T18:30:00+05:30,PUNE_CENTRAL,10.1,18.1,7.9,24.7,97.1,0.0,3.6,GOOD
2026-05-21T18:45:00+05:30,PUNE_CENTRAL,3.3,5.5,2.6,20,99.4,0.82,4.7,GOOD
2026-05-21T19:00:00+05:30,PUNE_CENTRAL,0.0,0.0,0.0,23.6,100,0.0,4.4,GOOD
2026-05-21T19:15:00+05:30,PUNE_CENTRAL,0.0,0.0,0.0,23.5,100,0.0,4.1,GOOD
2026-05-21T19:30:00+05:30,PUNE_CENTRAL,0.0,0.0,0.0,22.7,96.6,0.0,3.7,GOOD
2026-05-21T19:45:00+05:30,PUNE_CENTRAL,0.0,0.0,0.0,21.8,97.1,0.0,3.1,GOOD
2026-05-21T20:00:00+05:30,PUNE_CENTRAL,0.0,0.0,0.0,20.7,98.8,0.0,3.4,GOOD
2026-05-21T20:15:00+05:30,PUNE_CENTRAL,0.0,0.0,0.0,21.8,100,0.0,3.7,GOOD
2026-05-21T20:30:00+05:30,PUNE_CENTRAL,0.0,0.0,0.0,21.6,97.8,0.0,3.6,GOOD
2026-05-21T20:45:00+05:30,PUNE_CENTRAL,0.0,0.0,0.0,20.3,100,0.0,4.3,GOOD
2026-05-21T21:00:00+05:30,PUNE_CENTRAL,0.0,0.0,0.0,20.4,100,0.0,4.4,GOOD
2026-05-21T21:15:00+05:30,PUNE_CENTRAL,0.0,0.0,0.0,20.4,100,0.0,5.2,GOOD
2026-05-21T21:30:00+05:30,PUNE_CENTRAL,0.0,0.0,0.0,20,100,1.41,5.9,GOOD
2026-05-21T21:45:00+05:30,PUNE_CENTRAL,0.0,0.0,0.0,20,100.0,0.16,5.0,GOOD
2026-05-21T22:00:00+05:30,PUNE_CENTRAL,0.0,0.0,0.0,21.6,90.3,0.0,4.6,GOOD
2026-05-21T22:15:00+05:30,PUNE_CENTRAL,0.0,0.0,0.0,21.6,94.0,0.0,3.6,GOOD
2026-05-21T22:30:00+05:30,PUNE_CENTRAL,0.0,0.0,0.0,21.4,94.2,0.0,4.8,GOOD
2026-05-21T22:45:00+05:30,PUNE_CENTRAL,0.0,0.0,0.0,20.2,93.4,0.0,2.7,GOOD
2026-05-21T23:00:00+05:30,PUNE_CENTRAL,0.0,0.0,0.0,20.9,95.1,0.0,4.1,GOOD
2026-05-21T23:15:00+05:30,PUNE_CENTRAL,0.0,0.0,0.0,20,100,0.0,3.7,GOOD
2026-05-21T23:30:00+05:30,PUNE_CENTRAL,0.0,0.0,0.0,20,98.3,0.0,4.3,GOOD
2026-05-21T23:45:00+05:30,PUNE_CENTRAL,0.0,0.0,0.0,21.8,100,0.0,5.0,GOOD
2026-05-22T00:00:00+05:30,PUNE_CENTRAL,0.0,0.0,0.0,23.4,17.1,0.0,3.2,GOOD
2026-05-22T00:15:00+05:30,PUNE_CENTRAL,0.0,0.0,0.0,21.7,11.8,0.0,2.6,GOOD
2026-05-22T00:30:00+05:30,PUNE_CENTRAL,0.0,0.0,0.0,23.6,14.8,0.0,2.9,GOOD
2026-05-22T00:45:00+05:30,PUNE_CENTRAL,0.0,0.0,0.0,23.3,11.2,0.0,1.7,GOOD
2026-05-22T01:00:00+05:30,PUNE_CENTRAL,0.0,0.0,0.0,21.9,13.4,0.0,1.8,GOOD
2026-05-22T01:15:00+05:30,PUNE_CENTRAL,0.0,0.0,0.0,23.3,10.7,0.0,1.6,GOOD
2026-05-22T01:30:00+05:30,PUNE_CENTRAL,0.0,0.0,0.0,23.8,11.8,0.0,1.9,GOOD
2026-05-22T01:45:00+05:30,PUNE_CENTRAL,0.0,0.0,0.0,23.0,14.1,0.0,2.6,GOOD
2026-05-22T02:00:00+05:30,PUNE_CENTRAL,0.0,0.0,0.0,21.1,8.2,0.0,2.7,GOOD
2026-05-22T02:15:00+05:30,PUNE_CENTRAL,0.0,0.0,0.0,23.5,10.2,0.0,2.1,GOOD
2026-05-22T02:30:00+05:30,PUNE_CENTRAL,0.0,0.0,0.0,23.9,11.5,0.0,4.0,GOOD
2026-05-22T02:45:00+05:30,PUNE_CENTRAL,0.0,0.0,0.0,22.4,6.5,0.0,3.0,GOOD
2026-05-22T03:00:00+05:30,PUNE_CENTRAL,0.0,0.0,0.0,22.6,4.9,0.0,2.7,GOOD
2026-05-22T03:15:00+05:30,PUNE_CENTRAL,0.0,0.0,0.0,24.4,3.3,0.0,2.6,GOOD
2026-05-22T03:30:00+05:30,PUNE_CENTRAL,0.0,0.0,0.0,24.5,3.3,0.0,1.8,GOOD
2026-05-22T03:45:00+05:30,PUNE_CENTRAL,0.0,0.0,0.0,23.7,5.8,0.0,2.4,GOOD
2026-05-22T04:00:00+05:30,PUNE_CENTRAL,0.0,0.0,0.0,24.1,5.9,0.0,2.6,GOOD
2026-05-22T04:15:00+05:30,PUNE_CENTRAL,0.0,0.0,0.0,24.6,6.9,0.0,1.9,GOOD
2026-05-22T04:30:00+05:30,PUNE_CENTRAL,0.0,0.0,0.0,23.1,7.2,0.0,2.8,GOOD
2026-05-22T04:45:00+05:30,PUNE_CENTRAL,0.0,0.0,0.0,23.2,11.0,0.0,2.8,GOOD
2026-05-22T05:00:00+05:30,PUNE_CENTRAL,0.0,0.0,0.0,23.9,10.7,0.0,2.5,GOOD
2026-05-22T05:15:00+05:30,PUNE_CENTRAL,0.0,0.0,0.0,23.9,5.1,0.0,2.4,GOOD
2026-05-22T05:30:00+05:30,PUNE_CENTRAL,0.0,0.0,0.0,24.8,7.4,0.0,2.0,GOOD
2026-05-22T05:45:00+05:30,PUNE_CENTRAL,0.0,0.0,0.0,25.8,8.3,0.0,2.3,GOOD
2026-05-22T06:00:00+05:30,PUNE_CENTRAL,0.0,0.0,0.0,25.7,9.4,0.0,1.7,GOOD
2026-05-22T06:15:00+05:30,PUNE_CENTRAL,36.5,237.1,7.6,25.5,9.0,0.0,2.4,GOOD
2026-05-22T06:30:00+05:30,PUNE_CENTRAL,46.0,296.8,9.8,24.6,9.8,0.0,2.9,GOOD
2026-05-22T06:45:00+05:30,PUNE_CENTRAL,126.1,634.3,21.9,26.8,3.7,0.0,1.0,GOOD
2026-05-22T07:00:00+05:30,PUNE_CENTRAL,182.8,681.7,31.3,26.3,3.3,0.0,3.3,GOOD
2026-05-22T07:15:00+05:30,PUNE_CENTRAL,252.3,718.9,51.2,28.6,8.2,0.0,1.6,GOOD
2026-05-22T07:30:00+05:30,PUNE_CENTRAL,295.3,685.6,64.7,26.8,10.6,0.0,3.0,GOOD
2026-05-22T07:45:00+05:30,PUNE_CENTRAL,354.4,713.9,74.4,26.7,9.2,0.0,3.5,GOOD
2026-05-22T08:00:00+05:30,PUNE_CENTRAL,384.5,690.7,76.0,29.2,7.3,0.0,3.2,GOOD
2026-05-22T08:15:00+05:30,PUNE_CENTRAL,467.7,752.3,91.6,29.0,7.1,0.0,1.1,GOOD
2026-05-22T08:30:00+05:30,PUNE_CENTRAL,534.6,783.2,102.9,29.2,6.5,0.0,2.4,GOOD
2026-05-22T08:45:00+05:30,PUNE_CENTRAL,573.1,746.9,124.4,30.5,10.3,0.0,2.7,GOOD
2026-05-22T09:00:00+05:30,PUNE_CENTRAL,622.8,762.7,128.4,29.5,8.6,0.0,1.7,GOOD
2026-05-22T09:15:00+05:30,PUNE_CENTRAL,685.5,777.0,146.7,30.8,9.8,0.0,2.5,GOOD
2026-05-22T09:30:00+05:30,PUNE_CENTRAL,708.9,727.7,173.3,30.9,14.5,0.0,1.1,GOOD
2026-05-22T09:45:00+05:30,PUNE_CENTRAL,760.1,724.0,198.2,31.6,17.0,0.0,1.7,GOOD
2026-05-22T10:00:00+05:30,PUNE_CENTRAL,802.9,741.4,200.0,31.6,15.2,0.0,3.0,GOOD
2026-05-22T10:15:00+05:30,PUNE_CENTRAL,823.3,738.8,197.4,32.2,13.8,0.0,3.0,GOOD
2026-05-22T10:30:00+05:30,PUNE_CENTRAL,827.2,678.5,231.4,30.9,20.0,0.0,2.8,GOOD
2026-05-22T10:45:00+05:30,PUNE_CENTRAL,913.7,776.0,210.7,32.0,12.4,0.0,2.1,GOOD
2026-05-22T11:00:00+05:30,PUNE_CENTRAL,913.1,729.7,234.3,32.8,16.4,0.0,2.4,GOOD
2026-05-22T11:15:00+05:30,PUNE_CENTRAL,944.1,715.1,264.0,32.1,20.0,0.0,2.0,GOOD
2026-05-22T11:30:00+05:30,PUNE_CENTRAL,959.9,697.9,284.3,31.6,22.5,0.0,2.6,GOOD
2026-05-22T11:45:00+05:30,PUNE_CENTRAL,967.1,670.5,309.0,32.8,26.1,0.0,2.0,GOOD
2026-05-22T12:00:00+05:30,PUNE_CENTRAL,984.3,651.1,338.8,32.6,29.9,0.0,3.0,GOOD
2026-05-22T12:15:00+05:30,PUNE_CENTRAL,1004.7,680.9,325.7,34.1,26.8,0.0,2.8,GOOD
2026-05-22T12:30:00+05:30,PUNE_CENTRAL,987.0,644.9,342.4,33.0,30.3,0.0,3.1,GOOD
2026-05-22T12:45:00+05:30,PUNE_CENTRAL,994.7,617.4,378.6,31.8,35.5,0.0,2.5,GOOD
2026-05-22T13:00:00+05:30,PUNE_CENTRAL,964.7,610.0,359.3,32.1,34.2,0.0,1.9,GOOD
2026-05-22T13:15:00+05:30,PUNE_CENTRAL,966.3,603.4,373.0,31.8,36.3,0.0,2.5,GOOD
2026-05-22T13:30:00+05:30,PUNE_CENTRAL,960.7,627.3,352.0,33.2,33.3,0.0,2.2,GOOD
2026-05-22T13:45:00+05:30,PUNE_CENTRAL,962.1,646.8,345.2,32.5,32.1,0.0,4.1,GOOD
2026-05-22T14:00:00+05:30,PUNE_CENTRAL,891.1,596.1,334.7,33.2,34.7,0.0,3.7,GOOD
2026-05-22T14:15:00+05:30,PUNE_CENTRAL,878.7,615.9,318.4,31.7,32.7,0.0,2.3,GOOD
2026-05-22T14:30:00+05:30,PUNE_CENTRAL,858.8,606.1,323.9,30.9,34.9,0.0,3.9,GOOD
2026-05-22T14:45:00+05:30,PUNE_CENTRAL,825.7,594.3,319.3,31.6,36.4,0.0,3.0,GOOD
2026-05-22T15:00:00+05:30,PUNE_CENTRAL,775.4,610.1,276.1,32.3,31.7,0.0,3.2,GOOD
2026-05-22T15:15:00+05:30,PUNE_CENTRAL,746.6,634.6,250.6,30.3,28.6,0.0,3.9,GOOD
2026-05-22T15:30:00+05:30,PUNE_CENTRAL,707.5,633.9,237.0,30.1,28.5,0.0,2.2,GOOD
2026-05-22T15:45:00+05:30,PUNE_CENTRAL,642.3,585.6,232.5,33.3,32.6,0.0,2.8,GOOD
2026-05-22T16:00:00+05:30,PUNE_CENTRAL,590.2,510.5,255.8,30.7,43.6,0.0,2.8,GOOD
2026-05-22T16:15:00+05:30,PUNE_CENTRAL,545.9,529.7,224.0,29.9,40.0,0.0,3.1,GOOD
2026-05-22T16:30:00+05:30,PUNE_CENTRAL,514.5,596.3,181.4,30.6,31.2,0.0,2.9,GOOD
2026-05-22T16:45:00+05:30,PUNE_CENTRAL,462.6,605.2,155.5,29.9,28.6,0.0,2.7,GOOD
2026-05-22T17:00:00+05:30,PUNE_CENTRAL,402.6,584.3,137.0,28.9,29.3,0.0,2.6,GOOD
2026-05-22T17:15:00+05:30,PUNE_CENTRAL,352.0,597.0,113.0,28.9,26.3,0.0,3.6,GOOD
2026-05-22T17:30:00+05:30,PUNE_CENTRAL,281.4,541.3,94.9,27.3,28.8,0.0,2.3,GOOD
2026-05-22T17:45:00+05:30,PUNE_CENTRAL,256.1,589.7,86.3,26.2,28.7,0.0,2.4,GOOD
2026-05-22T18:00:00+05:30,PUNE_CENTRAL,205.7,630.0,60.3,28.0,22.0,0.0,3.0,GOOD
2026-05-22T18:15:00+05:30,PUNE_CENTRAL,108.1,443.3,31.5,27.2,21.7,0.0,2.5,GOOD
2026-05-22T18:30:00+05:30,PUNE_CENTRAL,73.4,425.4,21.6,26.7,22.2,0.0,2.7,GOOD
2026-05-22T18:45:00+05:30,PUNE_CENTRAL,62.0,347.6,19.6,27.1,25.7,0.0,3.4,GOOD
2026-05-22T19:00:00+05:30,PUNE_CENTRAL,0.0,0.0,0.0,25.7,26.7,0.0,3.8,GOOD
2026-05-22T19:15:00+05:30,PUNE_CENTRAL,0.0,0.0,0.0,25.2,32.8,0.0,2.2,GOOD
2026-05-22T19:30:00+05:30,PUNE_CENTRAL,0.0,0.0,0.0,25.5,33.8,0.0,3.7,GOOD
2026-05-22T19:45:00+05:30,PUNE_CENTRAL,0.0,0.0,0.0,23.7,34.1,0.0,2.2,GOOD
2026-05-22T20:00:00+05:30,PUNE_CENTRAL,0.0,0.0,0.0,24.6,33.0,0.0,2.3,GOOD
2026-05-22T20:15:00+05:30,PUNE_CENTRAL,0.0,0.0,0.0,23.3,28.6,0.0,3.3,GOOD
2026-05-22T20:30:00+05:30,PUNE_CENTRAL,0.0,0.0,0.0,22.4,30.4,0.0,1.5,GOOD
2026-05-22T20:45:00+05:30,PUNE_CENTRAL,0.0,0.0,0.0,23.4,31.1,0.0,2.9,GOOD
2026-05-22T21:00:00+05:30,PUNE_CENTRAL,0.0,0.0,0.0,22.2,25.8,0.0,3.9,GOOD
2026-05-22T21:15:00+05:30,PUNE_CENTRAL,0.0,0.0,0.0,23.5,24.9,0.0,2.3,GOOD
2026-05-22T21:30:00+05:30,PUNE_CENTRAL,0.0,0.0,0.0,22.5,29.8,0.0,3.2,GOOD
2026-05-22T21:45:00+05:30,PUNE_CENTRAL,0.0,0.0,0.0,22.9,29.3,0.0,3.3,GOOD
2026-05-22T22:00:00+05:30,PUNE_CENTRAL,0.0,0.0,0.0,23.7,25.2,0.0,3.0,GOOD
2026-05-22T22:15:00+05:30,PUNE_CENTRAL,0.0,0.0,0.0,22.9,27.9,0.0,1.8,GOOD
2026-05-22T22:30:00+05:30,PUNE_CENTRAL,0.0,0.0,0.0,23.0,30.2,0.0,1.7,GOOD
2026-05-22T22:45:00+05:30,PUNE_CENTRAL,0.0,0.0,0.0,22.5,30.4,0.0,2.3,GOOD
2026-05-22T23:00:00+05:30,PUNE_CENTRAL,0.0,0.0,0.0,23.4,28.7,0.0,2.3,GOOD
2026-05-22T23:15:00+05:30,PUNE_CENTRAL,0.0,0.0,0.0,21.3,28.1,0.0,2.3,GOOD
2026-05-22T23:30:00+05:30,PUNE_CENTRAL,0.0,0.0,0.0,23.2,27.6,0.0,2.6,GOOD
2026-05-22T23:45:00+05:30,PUNE_CENTRAL,0.0,0.0,0.0,21.8,29.3,0.0,3.0,GOOD
2026-05-23T00:00:00+05:30,PUNE_CENTRAL,0.0,0.0,0.0,23.1,22.1,0.0,2.8,GOOD
2026-05-23T00:15:00+05:30,PUNE_CENTRAL,0.0,0.0,0.0,21.8,20.4,0.0,2.8,GOOD
2026-05-23T00:30:00+05:30,PUNE_CENTRAL,0.0,0.0,0.0,23.3,20.6,0.0,3.6,GOOD
2026-05-23T00:45:00+05:30,PUNE_CENTRAL,0.0,0.0,0.0,21.7,22.3,0.0,2.9,GOOD
2026-05-23T01:00:00+05:30,PUNE_CENTRAL,0.0,0.0,0.0,21.6,19.6,0.0,2.9,GOOD
2026-05-23T01:15:00+05:30,PUNE_CENTRAL,0.0,0.0,0.0,23.5,15.2,0.0,3.0,GOOD
2026-05-23T01:30:00+05:30,PUNE_CENTRAL,0.0,0.0,0.0,23.7,13.3,0.0,1.7,GOOD
2026-05-23T01:45:00+05:30,PUNE_CENTRAL,0.0,0.0,0.0,23.3,8.1,0.0,2.5,GOOD
2026-05-23T02:00:00+05:30,PUNE_CENTRAL,0.0,0.0,0.0,23.0,13.4,0.0,2.5,GOOD
2026-05-23T02:15:00+05:30,PUNE_CENTRAL,0.0,0.0,0.0,23.7,9.6,0.0,2.1,GOOD
2026-05-23T02:30:00+05:30,PUNE_CENTRAL,0.0,0.0,0.0,23.7,12.1,0.0,2.8,GOOD
2026-05-23T02:45:00+05:30,PUNE_CENTRAL,0.0,0.0,0.0,23.5,12.1,0.0,2.7,GOOD
2026-05-23T03:00:00+05:30,PUNE_CENTRAL,0.0,0.0,0.0,22.6,16.2,0.0,3.4,GOOD
2026-05-23T03:15:00+05:30,PUNE_CENTRAL,0.0,0.0,0.0,21.9,18.1,0.0,2.1,GOOD
2026-05-23T03:30:00+05:30,PUNE_CENTRAL,0.0,0.0,0.0,22.7,16.0,0.0,2.1,GOOD
2026-05-23T03:45:00+05:30,PUNE_CENTRAL,0.0,0.0,0.0,22.9,19.7,0.0,3.8,GOOD
2026-05-23T04:00:00+05:30,PUNE_CENTRAL,0.0,0.0,0.0,22.6,16.2,0.0,2.4,GOOD
2026-05-23T04:15:00+05:30,PUNE_CENTRAL,0.0,0.0,0.0,23.1,16.1,0.0,1.8,GOOD
2026-05-23T04:30:00+05:30,PUNE_CENTRAL,0.0,0.0,0.0,21.3,12.1,0.0,1.7,GOOD
2026-05-23T04:45:00+05:30,PUNE_CENTRAL,0.0,0.0,0.0,23.9,12.2,0.0,2.4,GOOD
2026-05-23T05:00:00+05:30,PUNE_CENTRAL,0.0,0.0,0.0,23.4,18.0,0.0,3.2,GOOD
2026-05-23T05:15:00+05:30,PUNE_CENTRAL,0.0,0.0,0.0,24.3,16.2,0.0,2.8,GOOD
2026-05-23T05:30:00+05:30,PUNE_CENTRAL,0.0,0.0,0.0,23.3,16.4,0.0,2.5,GOOD
2026-05-23T05:45:00+05:30,PUNE_CENTRAL,0.0,0.0,0.0,23.8,18.6,0.0,1.6,GOOD
2026-05-23T06:00:00+05:30,PUNE_CENTRAL,0.0,0.0,0.0,24.6,16.0,0.0,2.0,GOOD
2026-05-23T06:15:00+05:30,PUNE_CENTRAL,11.0,69.7,2.5,24.1,12.1,0.0,3.6,GOOD
2026-05-23T06:30:00+05:30,PUNE_CENTRAL,68.1,438.4,14.6,24.8,10.0,0.0,3.2,GOOD
2026-05-23T06:45:00+05:30,PUNE_CENTRAL,124.6,602.0,25.3,26.3,8.1,0.0,2.3,GOOD
2026-05-23T07:00:00+05:30,PUNE_CENTRAL,200.8,702.7,44.2,26.0,10.8,0.0,1.6,GOOD
2026-05-23T07:15:00+05:30,PUNE_CENTRAL,226.3,618.0,53.2,27.4,13.1,0.0,3.1,GOOD
2026-05-23T07:30:00+05:30,PUNE_CENTRAL,298.4,679.1,69.6,29.0,12.8,0.0,2.6,GOOD
2026-05-23T07:45:00+05:30,PUNE_CENTRAL,371.6,701.5,96.2,28.6,16.8,0.0,3.0,GOOD
2026-05-23T08:00:00+05:30,PUNE_CENTRAL,400.4,663.6,103.7,27.9,16.8,0.0,1.9,GOOD
2026-05-23T08:15:00+05:30,PUNE_CENTRAL,451.8,674.8,114.3,28.6,15.9,0.0,2.5,GOOD
2026-05-23T08:30:00+05:30,PUNE_CENTRAL,491.6,638.9,139.3,29.9,20.5,0.0,2.9,GOOD
2026-05-23T08:45:00+05:30,PUNE_CENTRAL,575.3,682.5,165.1,29.2,21.1,0.0,2.8,GOOD
2026-05-23T09:00:00+05:30,PUNE_CENTRAL,609.8,681.4,168.0,29.8,19.3,0.0,1.7,GOOD
2026-05-23T09:15:00+05:30,PUNE_CENTRAL,644.8,675.9,176.1,30.3,18.9,0.0,2.9,GOOD
2026-05-23T09:30:00+05:30,PUNE_CENTRAL,723.4,673.2,227.9,30.5,25.4,0.0,4.0,GOOD
2026-05-23T09:45:00+05:30,PUNE_CENTRAL,751.9,676.8,226.7,29.8,23.3,0.0,2.5,GOOD
2026-05-23T10:00:00+05:30,PUNE_CENTRAL,804.0,705.0,230.8,32.0,21.1,0.0,3.3,GOOD
2026-05-23T10:15:00+05:30,PUNE_CENTRAL,817.6,679.2,242.2,30.9,22.5,0.0,2.8,GOOD
2026-05-23T10:30:00+05:30,PUNE_CENTRAL,846.5,693.0,237.9,31.6,20.2,0.0,2.7,GOOD
2026-05-23T10:45:00+05:30,PUNE_CENTRAL,903.4,735.9,236.9,31.3,17.3,0.0,2.9,GOOD
2026-05-23T11:00:00+05:30,PUNE_CENTRAL,936.1,733.1,254.3,34.0,18.7,0.0,3.8,GOOD
2026-05-23T11:15:00+05:30,PUNE_CENTRAL,945.2,723.0,257.8,31.6,18.9,0.0,1.7,GOOD
2026-05-23T11:30:00+05:30,PUNE_CENTRAL,937.9,719.6,241.4,32.1,16.5,0.0,4.0,GOOD
2026-05-23T11:45:00+05:30,PUNE_CENTRAL,997.0,768.5,242.8,33.1,14.4,0.0,2.2,GOOD
2026-05-23T12:00:00+05:30,PUNE_CENTRAL,1006.1,789.3,223.7,32.7,11.1,0.0,1.9,GOOD
2026-05-23T12:15:00+05:30,PUNE_CENTRAL,996.4,725.1,273.3,33.0,19.1,0.0,1.9,GOOD
2026-05-23T12:30:00+05:30,PUNE_CENTRAL,988.5,710.4,278.5,34.0,20.3,0.0,4.2,GOOD
2026-05-23T12:45:00+05:30,PUNE_CENTRAL,982.9,679.0,305.5,31.4,24.7,0.0,2.9,GOOD
2026-05-23T13:00:00+05:30,PUNE_CENTRAL,994.6,698.2,301.7,34.3,23.6,0.0,3.3,GOOD
2026-05-23T13:15:00+05:30,PUNE_CENTRAL,984.0,712.3,283.7,33.0,21.3,0.0,2.4,GOOD
2026-05-23T13:30:00+05:30,PUNE_CENTRAL,969.6,734.5,256.9,33.1,17.7,0.0,3.1,GOOD
2026-05-23T13:45:00+05:30,PUNE_CENTRAL,964.6,732.0,266.4,32.3,19.4,0.0,2.8,GOOD
2026-05-23T14:00:00+05:30,PUNE_CENTRAL,913.4,692.7,266.7,31.5,21.8,0.0,3.0,GOOD
2026-05-23T14:15:00+05:30,PUNE_CENTRAL,913.1,722.0,256.2,31.4,20.1,0.0,2.4,GOOD
2026-05-23T14:30:00+05:30,PUNE_CENTRAL,858.2,695.9,243.9,32.0,20.6,0.0,2.4,GOOD
2026-05-23T14:45:00+05:30,PUNE_CENTRAL,851.2,705.5,249.9,32.2,22.1,0.0,2.4,GOOD
2026-05-23T15:00:00+05:30,PUNE_CENTRAL,789.3,651.0,256.3,32.2,26.9,0.0,4.0,GOOD
2026-05-23T15:15:00+05:30,PUNE_CENTRAL,777.5,687.8,239.7,31.8,24.3,0.0,3.0,GOOD
2026-05-23T15:30:00+05:30,PUNE_CENTRAL,736.2,682.1,229.7,30.3,24.9,0.0,2.0,GOOD
2026-05-23T15:45:00+05:30,PUNE_CENTRAL,649.4,633.8,205.5,32.3,25.6,0.0,3.2,GOOD
2026-05-23T16:00:00+05:30,PUNE_CENTRAL,621.4,678.9,176.3,30.8,20.6,0.0,2.8,GOOD
2026-05-23T16:15:00+05:30,PUNE_CENTRAL,570.5,714.3,135.8,31.0,13.5,0.0,2.9,GOOD
2026-05-23T16:30:00+05:30,PUNE_CENTRAL,512.7,691.0,126.1,30.6,14.8,0.0,1.2,GOOD
2026-05-23T16:45:00+05:30,PUNE_CENTRAL,476.2,711.6,114.5,31.5,13.9,0.0,1.7,GOOD
2026-05-23T17:00:00+05:30,PUNE_CENTRAL,391.7,621.4,108.7,28.2,19.6,0.0,3.4,GOOD
2026-05-23T17:15:00+05:30,PUNE_CENTRAL,339.1,602.6,97.4,28.9,21.1,0.0,3.6,GOOD
2026-05-23T17:30:00+05:30,PUNE_CENTRAL,274.7,551.0,84.2,27.1,24.1,0.0,2.0,GOOD
2026-05-23T17:45:00+05:30,PUNE_CENTRAL,245.5,616.6,67.2,28.2,19.0,0.0,2.4,GOOD
2026-05-23T18:00:00+05:30,PUNE_CENTRAL,191.5,597.0,53.1,26.6,19.6,0.0,2.9,GOOD
2026-05-23T18:15:00+05:30,PUNE_CENTRAL,138.1,519.9,47.6,26.4,29.9,0.0,3.6,GOOD
2026-05-23T18:30:00+05:30,PUNE_CENTRAL,86.9,471.5,29.5,26.6,29.1,0.0,2.1,GOOD
2026-05-23T18:45:00+05:30,PUNE_CENTRAL,32.0,178.1,10.3,27.4,26.6,0.0,2.9,GOOD
2026-05-23T19:00:00+05:30,PUNE_CENTRAL,25.1,137.2,8.3,24.6,28.2,0.0,3.0,GOOD
2026-05-23T19:15:00+05:30,PUNE_CENTRAL,0.0,0.0,0.0,25.6,26.2,0.0,2.0,GOOD
2026-05-23T19:30:00+05:30,PUNE_CENTRAL,0.0,0.0,0.0,25.3,21.7,0.0,2.9,GOOD
2026-05-23T19:45:00+05:30,PUNE_CENTRAL,0.0,0.0,0.0,24.3,18.1,0.0,2.5,GOOD
2026-05-23T20:00:00+05:30,PUNE_CENTRAL,0.0,0.0,0.0,25.0,16.8,0.0,2.0,GOOD
2026-05-23T20:15:00+05:30,PUNE_CENTRAL,0.0,0.0,0.0,24.1,15.8,0.0,2.2,GOOD
2026-05-23T20:30:00+05:30,PUNE_CENTRAL,0.0,0.0,0.0,24.1,12.0,0.0,0.5,GOOD
2026-05-23T20:45:00+05:30,PUNE_CENTRAL,0.0,0.0,0.0,22.4,17.2,0.0,1.6,GOOD
2026-05-23T21:00:00+05:30,PUNE_CENTRAL,0.0,0.0,0.0,23.3,15.2,0.0,2.8,GOOD
2026-05-23T21:15:00+05:30,PUNE_CENTRAL,0.0,0.0,0.0,21.8,15.8,0.0,3.0,GOOD
2026-05-23T21:30:00+05:30,PUNE_CENTRAL,0.0,0.0,0.0,22.0,20.4,0.0,2.8,GOOD
2026-05-23T21:45:00+05:30,PUNE_CENTRAL,0.0,0.0,0.0,22.3,24.1,0.0,2.9,GOOD
2026-05-23T22:00:00+05:30,PUNE_CENTRAL,0.0,0.0,0.0,20.9,20.8,0.0,2.9,GOOD
2026-05-23T22:15:00+05:30,PUNE_CENTRAL,0.0,0.0,0.0,22.8,24.1,0.0,2.5,GOOD
2026-05-23T22:30:00+05:30,PUNE_CENTRAL,0.0,0.0,0.0,21.5,27.3,0.0,2.8,GOOD
2026-05-23T22:45:00+05:30,PUNE_CENTRAL,0.0,0.0,0.0,23.1,23.6,0.0,3.8,GOOD
2026-05-23T23:00:00+05:30,PUNE_CENTRAL,0.0,0.0,0.0,23.8,15.9,0.0,2.5,GOOD
2026-05-23T23:15:00+05:30,PUNE_CENTRAL,0.0,0.0,0.0,22.6,15.0,0.0,2.3,GOOD
2026-05-23T23:30:00+05:30,PUNE_CENTRAL,0.0,0.0,0.0,23.6,14.4,0.0,2.4,GOOD
2026-05-23T23:45:00+05:30,PUNE_CENTRAL,0.0,0.0,0.0,22.4,14.1,0.0,3.4,GOOD
2026-05-24T00:00:00+05:30,PUNE_CENTRAL,0.0,0.0,0.0,23.2,32.3,0.0,2.7,GOOD
2026-05-24T00:15:00+05:30,PUNE_CENTRAL,0.0,0.0,0.0,21.8,32.5,0.0,3.5,GOOD
2026-05-24T00:30:00+05:30,PUNE_CENTRAL,0.0,0.0,0.0,20.6,25.8,0.0,2.4,GOOD
2026-05-24T00:45:00+05:30,PUNE_CENTRAL,0.0,0.0,0.0,22.9,24.0,0.0,1.7,GOOD
2026-05-24T01:00:00+05:30,PUNE_CENTRAL,0.0,0.0,0.0,23.4,27.8,0.0,2.0,GOOD
2026-05-24T01:15:00+05:30,PUNE_CENTRAL,0.0,0.0,0.0,21.8,25.1,0.0,3.1,GOOD
2026-05-24T01:30:00+05:30,PUNE_CENTRAL,0.0,0.0,0.0,21.9,24.4,0.0,1.9,GOOD
2026-05-24T01:45:00+05:30,PUNE_CENTRAL,0.0,0.0,0.0,21.5,23.6,0.0,2.1,GOOD
2026-05-24T02:00:00+05:30,PUNE_CENTRAL,0.0,0.0,0.0,23.5,28.7,0.0,1.7,GOOD
2026-05-24T02:15:00+05:30,PUNE_CENTRAL,0.0,0.0,0.0,23.0,29.6,0.0,2.2,GOOD
2026-05-24T02:30:00+05:30,PUNE_CENTRAL,0.0,0.0,0.0,23.3,31.9,0.0,3.1,GOOD
2026-05-24T02:45:00+05:30,PUNE_CENTRAL,0.0,0.0,0.0,22.0,36.3,0.0,3.6,GOOD
2026-05-24T03:00:00+05:30,PUNE_CENTRAL,0.0,0.0,0.0,23.2,41.3,0.0,3.2,GOOD
2026-05-24T03:15:00+05:30,PUNE_CENTRAL,0.0,0.0,0.0,21.2,43.3,0.0,3.5,GOOD
2026-05-24T03:30:00+05:30,PUNE_CENTRAL,0.0,0.0,0.0,22.5,40.7,0.0,2.6,GOOD
2026-05-24T03:45:00+05:30,PUNE_CENTRAL,0.0,0.0,0.0,23.8,34.6,0.0,3.1,GOOD
2026-05-24T04:00:00+05:30,PUNE_CENTRAL,0.0,0.0,0.0,24.4,29.7,0.0,2.5,GOOD
2026-05-24T04:15:00+05:30,PUNE_CENTRAL,0.0,0.0,0.0,23.2,27.5,0.0,3.1,SUSPECT
2026-05-24T04:30:00+05:30,PUNE_CENTRAL,0.0,0.0,0.0,22.0,33.5,0.0,1.5,GOOD
2026-05-24T04:45:00+05:30,PUNE_CENTRAL,0.0,0.0,0.0,21.8,38.7,0.0,3.2,GOOD
2026-05-24T05:00:00+05:30,PUNE_CENTRAL,0.0,0.0,0.0,22.5,31.8,0.0,3.2,GOOD
2026-05-24T05:15:00+05:30,PUNE_CENTRAL,0.0,0.0,0.0,23.3,32.4,0.0,2.6,GOOD
2026-05-24T05:30:00+05:30,PUNE_CENTRAL,0.0,0.0,0.0,22.8,32.6,0.0,3.6,GOOD
2026-05-24T05:45:00+05:30,PUNE_CENTRAL,0.0,0.0,0.0,24.8,34.0,0.0,2.9,GOOD
2026-05-24T06:00:00+05:30,PUNE_CENTRAL,0.0,0.0,0.0,25.3,35.4,0.0,3.0,GOOD
2026-05-24T06:15:00+05:30,PUNE_CENTRAL,27.5,137.4,10.8,25.2,37.2,0.0,4.1,GOOD
2026-05-24T06:30:00+05:30,PUNE_CENTRAL,65.4,340.0,23.9,25.4,33.2,0.0,2.7,GOOD
2026-05-24T06:45:00+05:30,PUNE_CENTRAL,126.2,483.2,46.2,24.8,33.2,0.0,2.7,GOOD
2026-05-24T07:00:00+05:30,PUNE_CENTRAL,145.4,396.3,56.9,26.7,37.1,0.0,3.3,GOOD
2026-05-24T07:15:00+05:30,PUNE_CENTRAL,230.1,508.9,87.2,26.2,35.3,0.0,2.4,GOOD
2026-05-24T07:30:00+05:30,PUNE_CENTRAL,253.1,445.2,102.9,26.2,39.5,0.0,3.6,GOOD
2026-05-24T07:45:00+05:30,PUNE_CENTRAL,320.2,484.4,129.9,27.0,39.3,0.0,2.0,GOOD
2026-05-24T08:00:00+05:30,PUNE_CENTRAL,358.9,470.5,148.5,27.3,40.6,0.0,3.1,GOOD
2026-05-24T08:15:00+05:30,PUNE_CENTRAL,454.9,561.6,173.9,28.9,35.7,0.0,1.7,GOOD
2026-05-24T08:30:00+05:30,PUNE_CENTRAL,505.0,533.5,210.8,25.6,41.1,0.0,2.0,GOOD
2026-05-24T08:45:00+05:30,PUNE_CENTRAL,571.3,591.8,215.6,28.4,35.0,0.0,3.1,GOOD
2026-05-24T09:00:00+05:30,PUNE_CENTRAL,602.2,560.2,239.0,28.0,38.0,0.0,3.8,GOOD
2026-05-24T09:15:00+05:30,PUNE_CENTRAL,632.8,568.2,238.8,29.5,35.0,0.0,3.1,GOOD
2026-05-24T09:30:00+05:30,PUNE_CENTRAL,718.2,620.1,261.7,31.5,33.0,0.0,2.6,GOOD
2026-05-24T09:45:00+05:30,PUNE_CENTRAL,751.8,595.0,290.2,30.7,36.3,0.0,2.8,GOOD
2026-05-24T10:00:00+05:30,PUNE_CENTRAL,793.8,574.1,327.1,30.0,40.3,0.0,2.9,GOOD
2026-05-24T10:15:00+05:30,PUNE_CENTRAL,837.8,628.9,305.1,31.9,32.9,0.0,2.6,GOOD
2026-05-24T10:30:00+05:30,PUNE_CENTRAL,857.9,608.3,323.8,30.3,35.0,0.0,2.3,GOOD
2026-05-24T10:45:00+05:30,PUNE_CENTRAL,870.9,627.7,302.5,30.5,30.3,0.0,2.2,GOOD
2026-05-24T11:00:00+05:30,PUNE_CENTRAL,901.0,625.5,319.4,31.4,31.5,0.0,3.6,GOOD
2026-05-24T11:15:00+05:30,PUNE_CENTRAL,918.1,588.1,359.1,30.9,37.1,0.0,3.1,GOOD
2026-05-24T11:30:00+05:30,PUNE_CENTRAL,967.6,632.6,355.4,32.5,33.4,0.0,2.9,GOOD
2026-05-24T11:45:00+05:30,PUNE_CENTRAL,972.4,607.8,376.1,32.6,36.4,0.0,2.6,GOOD
2026-05-24T12:00:00+05:30,PUNE_CENTRAL,978.0,599.2,384.2,31.2,37.4,0.0,2.3,GOOD
2026-05-24T12:15:00+05:30,PUNE_CENTRAL,970.1,596.3,375.6,32.5,36.5,0.0,3.0,GOOD
2026-05-24T12:30:00+05:30,PUNE_CENTRAL,970.6,572.7,398.3,31.7,40.1,0.0,2.2,GOOD
2026-05-24T12:45:00+05:30,PUNE_CENTRAL,995.4,620.4,376.5,32.2,35.1,0.0,1.4,GOOD
2026-05-24T13:00:00+05:30,PUNE_CENTRAL,993.8,625.6,373.0,32.6,34.7,0.0,3.1,GOOD
2026-05-24T13:15:00+05:30,PUNE_CENTRAL,955.0,590.6,374.4,32.4,37.2,0.0,3.1,GOOD
2026-05-24T13:30:00+05:30,PUNE_CENTRAL,942.0,601.2,358.7,33.8,35.5,0.0,2.2,GOOD
2026-05-24T13:45:00+05:30,PUNE_CENTRAL,914.4,556.6,383.6,31.6,41.5,0.0,3.3,GOOD
2026-05-24T14:00:00+05:30,PUNE_CENTRAL,909.5,563.9,383.0,31.5,41.7,0.0,2.2,GOOD
2026-05-24T14:15:00+05:30,PUNE_CENTRAL,835.0,490.8,388.4,31.6,48.5,0.0,2.8,GOOD
2026-05-24T14:30:00+05:30,PUNE_CENTRAL,822.9,487.7,392.3,33.3,50.3,0.0,3.5,GOOD
2026-05-24T14:45:00+05:30,PUNE_CENTRAL,807.5,536.5,350.1,33.1,43.6,0.0,4.0,GOOD
2026-05-24T15:00:00+05:30,PUNE_CENTRAL,750.2,515.6,328.0,33.1,44.2,0.0,2.5,GOOD
2026-05-24T15:15:00+05:30,PUNE_CENTRAL,726.1,565.8,283.4,31.8,37.0,0.0,2.1,GOOD
2026-05-24T15:30:00+05:30,PUNE_CENTRAL,695.8,564.0,276.8,32.0,38.1,0.0,3.0,GOOD
2026-05-24T15:45:00+05:30,PUNE_CENTRAL,640.5,536.4,264.6,30.1,40.5,0.0,2.6,GOOD
2026-05-24T16:00:00+05:30,PUNE_CENTRAL,600.8,540.1,246.4,29.1,40.0,0.0,3.1,GOOD
2026-05-24T16:15:00+05:30,PUNE_CENTRAL,507.8,483.7,213.1,29.6,41.5,0.0,4.2,GOOD
2026-05-24T16:30:00+05:30,PUNE_CENTRAL,475.3,475.2,209.2,29.5,44.6,0.0,4.1,GOOD
2026-05-24T16:45:00+05:30,PUNE_CENTRAL,414.9,419.9,201.2,27.9,51.5,0.0,3.3,GOOD
2026-05-24T17:00:00+05:30,PUNE_CENTRAL,367.0,403.3,183.0,28.0,53.6,0.0,3.3,GOOD
2026-05-24T17:15:00+05:30,PUNE_CENTRAL,332.4,459.4,147.7,29.2,45.3,0.0,3.4,GOOD
2026-05-24T17:30:00+05:30,PUNE_CENTRAL,267.8,418.7,122.6,29.1,47.4,0.0,3.4,GOOD
2026-05-24T17:45:00+05:30,PUNE_CENTRAL,205.0,375.9,95.9,27.3,48.9,0.0,2.3,GOOD
2026-05-24T18:00:00+05:30,PUNE_CENTRAL,185.0,407.7,90.0,27.4,51.8,0.0,4.2,GOOD
2026-05-24T18:15:00+05:30,PUNE_CENTRAL,110.6,311.5,56.0,26.8,54.8,0.0,2.9,GOOD
2026-05-24T18:30:00+05:30,PUNE_CENTRAL,58.8,233.2,30.3,27.2,56.4,0.0,3.5,GOOD
2026-05-24T18:45:00+05:30,PUNE_CENTRAL,14.7,54.5,8.0,25.2,61.0,0.0,3.6,GOOD
2026-05-24T19:00:00+05:30,PUNE_CENTRAL,1.3,4.5,0.8,24.4,66.6,0.0,3.7,GOOD
2026-05-24T19:15:00+05:30,PUNE_CENTRAL,0.0,0.0,0.0,25.9,68.4,0.0,3.9,GOOD
2026-05-24T19:30:00+05:30,PUNE_CENTRAL,0.0,0.0,0.0,23.2,67.0,0.0,3.6,GOOD
2026-05-24T19:45:00+05:30,PUNE_CENTRAL,0.0,0.0,0.0,23.9,68.2,0.0,3.9,GOOD
2026-05-24T20:00:00+05:30,PUNE_CENTRAL,0.0,0.0,0.0,24.2,66.0,0.0,4.0,GOOD
2026-05-24T20:15:00+05:30,PUNE_CENTRAL,0.0,0.0,0.0,23.8,61.8,0.0,3.9,GOOD
2026-05-24T20:30:00+05:30,PUNE_CENTRAL,0.0,0.0,0.0,22.0,63.5,0.0,4.6,GOOD
2026-05-24T20:45:00+05:30,PUNE_CENTRAL,0.0,0.0,0.0,22.5,58.9,0.0,3.8,GOOD
2026-05-24T21:00:00+05:30,PUNE_CENTRAL,0.0,0.0,0.0,21.3,57.9,0.0,4.2,GOOD
2026-05-24T21:15:00+05:30,PUNE_CENTRAL,0.0,0.0,0.0,21.2,58.7,0.0,3.9,GOOD
2026-05-24T21:30:00+05:30,PUNE_CENTRAL,0.0,0.0,0.0,21.1,68.9,0.0,5.1,GOOD
2026-05-24T21:45:00+05:30,PUNE_CENTRAL,0.0,0.0,0.0,20,67.5,0.0,3.3,GOOD
2026-05-24T22:00:00+05:30,PUNE_CENTRAL,0.0,0.0,0.0,22.5,63.6,0.0,3.1,GOOD
2026-05-24T22:15:00+05:30,PUNE_CENTRAL,0.0,0.0,0.0,20.4,57.3,0.0,3.0,GOOD
2026-05-24T22:30:00+05:30,PUNE_CENTRAL,0.0,0.0,0.0,20.8,61.9,0.0,2.8,GOOD
2026-05-24T22:45:00+05:30,PUNE_CENTRAL,0.0,0.0,0.0,21.3,58.7,0.0,3.1,GOOD
2026-05-24T23:00:00+05:30,PUNE_CENTRAL,0.0,0.0,0.0,20.2,56.5,0.0,2.6,GOOD
2026-05-24T23:15:00+05:30,PUNE_CENTRAL,0.0,0.0,0.0,22.2,53.4,0.0,4.7,GOOD
2026-05-24T23:30:00+05:30,PUNE_CENTRAL,0.0,0.0,0.0,23.5,49.9,0.0,3.4,GOOD
2026-05-24T23:45:00+05:30,PUNE_CENTRAL,0.0,0.0,0.0,20.8,50.1,0.0,3.3,GOOD
2026-05-25T00:00:00+05:30,PUNE_CENTRAL,0.0,0.0,0.0,22.8,56.5,0.0,3.2,GOOD
2026-05-25T00:15:00+05:30,PUNE_CENTRAL,0.0,0.0,0.0,21.5,51.6,0.0,2.2,GOOD
2026-05-25T00:30:00+05:30,PUNE_CENTRAL,0.0,0.0,0.0,22.8,50.0,0.0,3.7,GOOD
2026-05-25T00:45:00+05:30,PUNE_CENTRAL,0.0,0.0,0.0,22.6,50.4,0.0,3.7,GOOD
2026-05-25T01:00:00+05:30,PUNE_CENTRAL,0.0,0.0,0.0,22.1,46.3,0.0,2.7,GOOD
2026-05-25T01:15:00+05:30,PUNE_CENTRAL,0.0,0.0,0.0,24.3,49.5,0.0,3.6,GOOD
2026-05-25T01:30:00+05:30,PUNE_CENTRAL,0.0,0.0,0.0,22.4,47.5,0.0,3.2,GOOD
2026-05-25T01:45:00+05:30,PUNE_CENTRAL,0.0,0.0,0.0,22.7,45.0,0.0,2.9,GOOD
2026-05-25T02:00:00+05:30,PUNE_CENTRAL,0.0,0.0,0.0,22.5,38.9,0.0,1.7,GOOD
2026-05-25T02:15:00+05:30,PUNE_CENTRAL,0.0,0.0,0.0,21.8,38.1,0.0,2.6,GOOD
2026-05-25T02:30:00+05:30,PUNE_CENTRAL,0.0,0.0,0.0,23.0,41.4,0.0,3.4,GOOD
2026-05-25T02:45:00+05:30,PUNE_CENTRAL,0.0,0.0,0.0,22.7,41.2,0.0,2.5,GOOD
2026-05-25T03:00:00+05:30,PUNE_CENTRAL,0.0,0.0,0.0,22.6,34.8,0.0,3.4,GOOD
2026-05-25T03:15:00+05:30,PUNE_CENTRAL,0.0,0.0,0.0,22.3,34.9,0.0,3.0,GOOD
2026-05-25T03:30:00+05:30,PUNE_CENTRAL,0.0,0.0,0.0,22.9,39.1,0.0,3.0,GOOD
2026-05-25T03:45:00+05:30,PUNE_CENTRAL,0.0,0.0,0.0,22.9,39.3,0.0,2.6,GOOD
2026-05-25T04:00:00+05:30,PUNE_CENTRAL,0.0,0.0,0.0,22.2,40.0,0.0,3.6,GOOD
2026-05-25T04:15:00+05:30,PUNE_CENTRAL,0.0,0.0,0.0,22.7,41.2,0.0,3.6,GOOD
2026-05-25T04:30:00+05:30,PUNE_CENTRAL,0.0,0.0,0.0,22.7,38.4,0.0,2.2,GOOD
2026-05-25T04:45:00+05:30,PUNE_CENTRAL,0.0,0.0,0.0,22.5,40.6,0.0,3.1,GOOD
2026-05-25T05:00:00+05:30,PUNE_CENTRAL,0.0,0.0,0.0,22.9,40.9,0.0,3.1,GOOD
2026-05-25T05:15:00+05:30,PUNE_CENTRAL,0.0,0.0,0.0,23.2,40.1,0.0,4.5,GOOD
2026-05-25T05:30:00+05:30,PUNE_CENTRAL,0.0,0.0,0.0,22.1,34.7,0.0,3.8,GOOD
2026-05-25T05:45:00+05:30,PUNE_CENTRAL,0.0,0.0,0.0,24.5,39.0,0.0,3.2,GOOD
2026-05-25T06:00:00+05:30,PUNE_CENTRAL,0.0,0.0,0.0,21.9,45.4,0.0,3.4,GOOD
2026-05-25T06:15:00+05:30,PUNE_CENTRAL,21.5,93.7,10.1,23.9,48.9,0.0,3.7,GOOD
2026-05-25T06:30:00+05:30,PUNE_CENTRAL,70.8,311.0,32.9,24.2,48.4,0.0,4.0,GOOD
2026-05-25T06:45:00+05:30,PUNE_CENTRAL,90.6,307.5,39.6,25.1,44.1,0.0,3.4,GOOD
2026-05-25T07:00:00+05:30,PUNE_CENTRAL,166.3,429.1,70.3,24.8,41.9,0.0,2.8,GOOD
2026-05-25T07:15:00+05:30,PUNE_CENTRAL,223.7,477.7,89.4,26.4,38.4,0.0,2.5,GOOD
2026-05-25T07:30:00+05:30,PUNE_CENTRAL,276.0,481.4,113.5,27.2,40.2,0.0,4.0,GOOD
2026-05-25T07:45:00+05:30,PUNE_CENTRAL,339.7,491.9,146.3,28.0,43.2,0.0,3.4,GOOD
2026-05-25T08:00:00+05:30,PUNE_CENTRAL,404.1,514.9,173.7,27.9,43.1,0.0,3.5,GOOD
2026-05-25T08:15:00+05:30,PUNE_CENTRAL,432.6,501.6,181.5,28.6,41.5,0.0,3.1,GOOD
2026-05-25T08:30:00+05:30,PUNE_CENTRAL,455.1,479.6,190.5,27.8,41.3,0.0,3.2,GOOD
2026-05-25T08:45:00+05:30,PUNE_CENTRAL,528.6,495.1,231.0,28.3,44.2,0.0,3.3,GOOD
2026-05-25T09:00:00+05:30,PUNE_CENTRAL,575.7,507.1,246.9,29.1,42.9,0.0,4.1,GOOD
2026-05-25T09:15:00+05:30,PUNE_CENTRAL,653.3,575.9,253.9,29.4,36.7,0.0,3.1,GOOD
2026-05-25T09:30:00+05:30,PUNE_CENTRAL,686.5,587.5,254.1,30.2,33.9,0.0,3.4,GOOD
2026-05-25T09:45:00+05:30,PUNE_CENTRAL,732.8,607.1,261.7,30.1,31.9,0.0,2.7,GOOD
2026-05-25T10:00:00+05:30,PUNE_CENTRAL,802.2,631.5,288.9,30.9,32.3,0.0,3.8,GOOD
2026-05-25T10:15:00+05:30,PUNE_CENTRAL,785.2,544.0,324.5,30.1,40.5,0.0,2.7,GOOD
2026-05-25T10:30:00+05:30,PUNE_CENTRAL,834.6,589.9,316.8,31.3,35.3,0.0,1.4,GOOD
2026-05-25T10:45:00+05:30,PUNE_CENTRAL,879.3,622.2,316.0,31.5,32.2,0.0,2.3,GOOD
2026-05-25T11:00:00+05:30,PUNE_CENTRAL,906.3,637.8,313.4,31.5,30.1,0.0,3.0,GOOD
2026-05-25T11:15:00+05:30,PUNE_CENTRAL,909.8,592.3,346.9,30.7,35.6,0.0,2.9,GOOD
2026-05-25T11:30:00+05:30,PUNE_CENTRAL,979.0,666.6,334.0,31.6,29.4,0.0,3.3,GOOD
2026-05-25T11:45:00+05:30,PUNE_CENTRAL,930.4,548.0,392.8,31.4,41.9,0.0,1.9,GOOD
2026-05-25T12:00:00+05:30,PUNE_CENTRAL,944.5,535.0,414.5,32.9,44.4,0.0,2.2,GOOD
2026-05-25T12:15:00+05:30,PUNE_CENTRAL,947.2,531.8,417.1,31.5,44.7,0.0,3.7,GOOD
2026-05-25T12:30:00+05:30,PUNE_CENTRAL,935.6,517.7,418.3,31.8,45.7,0.0,2.1,GOOD
2026-05-25T12:45:00+05:30,PUNE_CENTRAL,937.0,526.8,411.5,33.0,44.5,0.0,3.1,GOOD
2026-05-25T13:00:00+05:30,PUNE_CENTRAL,947.6,523.8,428.0,32.6,46.4,0.0,3.5,GOOD
2026-05-25T13:15:00+05:30,PUNE_CENTRAL,958.4,566.7,401.3,33.1,41.3,0.0,2.9,GOOD
2026-05-25T13:30:00+05:30,PUNE_CENTRAL,923.5,559.6,380.6,30.7,40.3,0.0,3.5,GOOD
2026-05-25T13:45:00+05:30,PUNE_CENTRAL,904.5,557.4,372.8,31.5,40.3,0.0,2.9,GOOD
2026-05-25T14:00:00+05:30,PUNE_CENTRAL,886.6,523.9,397.5,32.3,45.9,0.0,3.2,GOOD
2026-05-25T14:15:00+05:30,PUNE_CENTRAL,820.9,467.8,395.1,32.2,51.0,0.0,4.2,GOOD
2026-05-25T14:30:00+05:30,PUNE_CENTRAL,798.1,466.1,386.5,32.4,51.4,0.0,3.0,GOOD
2026-05-25T14:45:00+05:30,PUNE_CENTRAL,759.7,464.9,363.3,30.2,50.5,0.0,2.5,GOOD
2026-05-25T15:00:00+05:30,PUNE_CENTRAL,684.2,414.0,345.0,30.7,54.5,0.0,3.7,GOOD
2026-05-25T15:15:00+05:30,PUNE_CENTRAL,662.2,410.9,340.5,31.3,56.0,0.0,3.1,GOOD
2026-05-25T15:30:00+05:30,PUNE_CENTRAL,626.7,413.0,319.6,29.9,55.4,0.0,3.2,GOOD
2026-05-25T15:45:00+05:30,PUNE_CENTRAL,576.8,404.4,293.2,30.1,55.1,0.0,3.8,GOOD
2026-05-25T16:00:00+05:30,PUNE_CENTRAL,555.3,399.2,293.2,31.1,58.1,0.0,3.3,GOOD
2026-05-25T16:15:00+05:30,PUNE_CENTRAL,487.4,362.1,266.6,28.8,61.1,0.0,3.5,GOOD
2026-05-25T16:30:00+05:30,PUNE_CENTRAL,407.2,314.4,230.9,30.8,64.2,0.0,3.1,GOOD
2026-05-25T16:45:00+05:30,PUNE_CENTRAL,397.0,345.5,220.9,29.4,62.5,0.0,3.1,GOOD
2026-05-25T17:00:00+05:30,PUNE_CENTRAL,351.2,349.8,191.3,28.5,60.7,0.0,2.9,GOOD
2026-05-25T17:15:00+05:30,PUNE_CENTRAL,291.7,350.0,150.6,28.5,56.3,0.0,3.7,GOOD
2026-05-25T17:30:00+05:30,PUNE_CENTRAL,254.1,332.3,138.5,27.1,60.8,0.0,2.4,GOOD
2026-05-25T17:45:00+05:30,PUNE_CENTRAL,205.6,323.7,111.3,26.6,60.2,0.0,2.8,GOOD
2026-05-25T18:00:00+05:30,PUNE_CENTRAL,168.1,335.0,89.6,26.3,59.0,0.0,3.5,GOOD
2026-05-25T18:15:00+05:30,PUNE_CENTRAL,106.8,249.7,62.8,26.0,67.3,0.0,3.5,GOOD
2026-05-25T18:30:00+05:30,PUNE_CENTRAL,59.7,206.2,34.6,23.3,66.0,0.0,3.4,GOOD
2026-05-25T18:45:00+05:30,PUNE_CENTRAL,0.0,0.0,0.0,26.1,67.8,0.0,2.8,GOOD
2026-05-25T19:00:00+05:30,PUNE_CENTRAL,0.0,0.0,0.0,24.0,65.5,0.0,3.7,GOOD
2026-05-25T19:15:00+05:30,PUNE_CENTRAL,0.0,0.0,0.0,26.4,62.4,0.0,2.6,GOOD
2026-05-25T19:30:00+05:30,PUNE_CENTRAL,0.0,0.0,0.0,23.2,57.5,0.0,3.0,GOOD
2026-05-25T19:45:00+05:30,PUNE_CENTRAL,0.0,0.0,0.0,23.4,63.0,0.0,4.9,GOOD
2026-05-25T20:00:00+05:30,PUNE_CENTRAL,0.0,0.0,0.0,24.0,67.1,0.0,2.8,GOOD
2026-05-25T20:15:00+05:30,PUNE_CENTRAL,0.0,0.0,0.0,22.3,64.1,0.0,3.2,GOOD
2026-05-25T20:30:00+05:30,PUNE_CENTRAL,0.0,0.0,0.0,23.1,64.6,0.0,4.3,GOOD
2026-05-25T20:45:00+05:30,PUNE_CENTRAL,0.0,0.0,0.0,22.1,62.8,0.0,3.7,GOOD
2026-05-25T21:00:00+05:30,PUNE_CENTRAL,0.0,0.0,0.0,21.6,59.2,0.0,3.1,GOOD
2026-05-25T21:15:00+05:30,PUNE_CENTRAL,0.0,0.0,0.0,20.7,62.0,0.0,3.2,GOOD
2026-05-25T21:30:00+05:30,PUNE_CENTRAL,0.0,0.0,0.0,21.0,61.9,0.0,2.8,GOOD
2026-05-25T21:45:00+05:30,PUNE_CENTRAL,0.0,0.0,0.0,22.6,62.3,0.0,2.8,GOOD
2026-05-25T22:00:00+05:30,PUNE_CENTRAL,0.0,0.0,0.0,20.9,59.8,0.0,3.4,GOOD
2026-05-25T22:15:00+05:30,PUNE_CENTRAL,0.0,0.0,0.0,21.2,56.3,0.0,2.3,GOOD
2026-05-25T22:30:00+05:30,PUNE_CENTRAL,0.0,0.0,0.0,21.0,59.3,0.0,3.4,GOOD
2026-05-25T22:45:00+05:30,PUNE_CENTRAL,0.0,0.0,0.0,20.5,59.2,0.0,3.2,GOOD
2026-05-25T23:00:00+05:30,PUNE_CENTRAL,0.0,0.0,0.0,22.6,51.2,0.0,3.5,GOOD
2026-05-25T23:15:00+05:30,PUNE_CENTRAL,0.0,0.0,0.0,21.4,55.7,0.0,2.8,GOOD
2026-05-25T23:30:00+05:30,PUNE_CENTRAL,0.0,0.0,0.0,22.8,51.4,0.0,3.1,GOOD
2026-05-25T23:45:00+05:30,PUNE_CENTRAL,0.0,0.0,0.0,21.6,54.3,0.0,2.7,GOOD
2026-05-26T00:00:00+05:30,PUNE_CENTRAL,0.0,0.0,0.0,22.9,39.1,0.0,2.4,GOOD
2026-05-26T00:15:00+05:30,PUNE_CENTRAL,0.0,0.0,0.0,21.5,43.8,0.0,3.2,GOOD
2026-05-26T00:30:00+05:30,PUNE_CENTRAL,0.0,0.0,0.0,21.4,47.8,0.0,3.0,GOOD
2026-05-26T00:45:00+05:30,PUNE_CENTRAL,0.0,0.0,0.0,21.2,46.9,0.0,3.4,GOOD
2026-05-26T01:00:00+05:30,PUNE_CENTRAL,0.0,0.0,0.0,22.7,42.2,0.0,2.9,GOOD
2026-05-26T01:15:00+05:30,PUNE_CENTRAL,0.0,0.0,0.0,21.5,38.5,0.0,3.9,GOOD
2026-05-26T01:30:00+05:30,PUNE_CENTRAL,0.0,0.0,0.0,22.8,32.3,0.0,3.5,GOOD
2026-05-26T01:45:00+05:30,PUNE_CENTRAL,0.0,0.0,0.0,21.3,36.8,0.0,3.2,GOOD
2026-05-26T02:00:00+05:30,PUNE_CENTRAL,0.0,0.0,0.0,22.0,39.5,0.0,3.2,GOOD
2026-05-26T02:15:00+05:30,PUNE_CENTRAL,0.0,0.0,0.0,22.6,37.5,0.0,3.2,GOOD
2026-05-26T02:30:00+05:30,PUNE_CENTRAL,0.0,0.0,0.0,21.1,37.2,0.0,2.9,GOOD
2026-05-26T02:45:00+05:30,PUNE_CENTRAL,0.0,0.0,0.0,22.2,43.7,0.0,2.7,GOOD
2026-05-26T03:00:00+05:30,PUNE_CENTRAL,0.0,0.0,0.0,21.5,39.4,0.0,3.0,GOOD
2026-05-26T03:15:00+05:30,PUNE_CENTRAL,0.0,0.0,0.0,22.3,38.2,0.0,3.0,GOOD
2026-05-26T03:30:00+05:30,PUNE_CENTRAL,0.0,0.0,0.0,21.5,40.6,0.0,4.5,GOOD
2026-05-26T03:45:00+05:30,PUNE_CENTRAL,0.0,0.0,0.0,22.3,41.4,0.0,3.1,GOOD
2026-05-26T04:00:00+05:30,PUNE_CENTRAL,0.0,0.0,0.0,22.0,40.3,0.0,2.5,GOOD
2026-05-26T04:15:00+05:30,PUNE_CENTRAL,0.0,0.0,0.0,22.7,40.3,0.0,3.2,GOOD
2026-05-26T04:30:00+05:30,PUNE_CENTRAL,0.0,0.0,0.0,23.2,36.6,0.0,3.3,GOOD
2026-05-26T04:45:00+05:30,PUNE_CENTRAL,0.0,0.0,0.0,23.3,41.9,0.0,2.2,GOOD
2026-05-26T05:00:00+05:30,PUNE_CENTRAL,0.0,0.0,0.0,21.8,39.7,0.0,2.9,GOOD
2026-05-26T05:15:00+05:30,PUNE_CENTRAL,0.0,0.0,0.0,22.2,35.9,0.0,4.3,GOOD
2026-05-26T05:30:00+05:30,PUNE_CENTRAL,0.0,0.0,0.0,23.3,32.3,0.0,2.1,GOOD
2026-05-26T05:45:00+05:30,PUNE_CENTRAL,0.0,0.0,0.0,23.1,33.3,0.0,3.7,GOOD
2026-05-26T06:00:00+05:30,PUNE_CENTRAL,0.0,0.0,0.0,25.0,28.9,0.0,2.2,GOOD
2026-05-26T06:15:00+05:30,PUNE_CENTRAL,30.1,165.4,10.0,24.7,27.9,0.0,2.8,GOOD
2026-05-26T06:30:00+05:30,PUNE_CENTRAL,85.5,464.8,28.8,26.2,28.8,0.0,1.9,GOOD
2026-05-26T06:45:00+05:30,PUNE_CENTRAL,123.2,470.5,44.8,23.3,32.9,0.0,2.5,GOOD
2026-05-26T07:00:00+05:30,PUNE_CENTRAL,176.0,521.8,59.0,26.6,28.5,0.0,2.2,GOOD
2026-05-26T07:15:00+05:30,PUNE_CENTRAL,239.0,551.5,83.8,25.6,30.9,0.0,2.5,GOOD
2026-05-26T07:30:00+05:30,PUNE_CENTRAL,299.4,576.7,104.6,26.3,30.7,0.0,3.3,GOOD
2026-05-26T07:45:00+05:30,PUNE_CENTRAL,335.0,554.4,116.9,28.3,30.6,0.0,2.2,GOOD
2026-05-26T08:00:00+05:30,PUNE_CENTRAL,374.1,551.7,127.2,28.0,29.2,0.0,3.5,GOOD
2026-05-26T08:15:00+05:30,PUNE_CENTRAL,458.6,579.6,168.5,28.2,33.4,0.0,2.1,GOOD
2026-05-26T08:30:00+05:30,PUNE_CENTRAL,502.0,621.6,159.1,29.4,25.7,0.0,3.1,GOOD
2026-05-26T08:45:00+05:30,PUNE_CENTRAL,547.5,612.8,179.1,29.2,27.3,0.0,2.6,GOOD
2026-05-26T09:00:00+05:30,PUNE_CENTRAL,592.4,610.3,196.7,29.0,28.0,0.0,2.4,GOOD
2026-05-26T09:15:00+05:30,PUNE_CENTRAL,641.0,600.9,224.4,29.3,30.8,0.0,2.8,GOOD
2026-05-26T09:30:00+05:30,PUNE_CENTRAL,696.5,609.0,248.3,28.8,31.8,0.0,3.6,GOOD
2026-05-26T09:45:00+05:30,PUNE_CENTRAL,714.6,542.5,293.7,30.4,40.2,0.0,3.2,GOOD
2026-05-26T10:00:00+05:30,PUNE_CENTRAL,731.1,497.5,326.7,31.1,45.7,0.0,3.5,GOOD
2026-05-26T10:15:00+05:30,PUNE_CENTRAL,747.3,484.5,337.1,31.2,46.3,0.0,2.0,GOOD
2026-05-26T10:30:00+05:30,PUNE_CENTRAL,834.9,550.4,351.8,31.9,41.8,0.0,1.7,GOOD
2026-05-26T10:45:00+05:30,PUNE_CENTRAL,870.8,555.7,367.7,31.9,41.9,0.0,3.8,GOOD
2026-05-26T11:00:00+05:30,PUNE_CENTRAL,876.4,581.5,335.9,32.1,35.9,0.0,3.0,GOOD
2026-05-26T11:15:00+05:30,PUNE_CENTRAL,941.1,647.8,325.6,33.2,30.1,0.0,3.2,GOOD
2026-05-26T11:30:00+05:30,PUNE_CENTRAL,944.5,610.5,353.9,31.9,34.6,0.0,4.0,GOOD
2026-05-26T11:45:00+05:30,PUNE_CENTRAL,957.4,609.7,359.4,32.7,34.7,0.0,2.6,GOOD
2026-05-26T12:00:00+05:30,PUNE_CENTRAL,980.7,630.1,356.5,32.4,32.8,0.0,3.8,GOOD
2026-05-26T12:15:00+05:30,PUNE_CENTRAL,987.6,641.8,347.9,32.3,31.1,0.0,2.7,GOOD
2026-05-26T12:30:00+05:30,PUNE_CENTRAL,966.0,598.7,368.0,31.9,35.5,0.0,1.8,GOOD
2026-05-26T12:45:00+05:30,PUNE_CENTRAL,979.4,609.6,371.4,31.9,35.3,0.0,2.6,GOOD
2026-05-26T13:00:00+05:30,PUNE_CENTRAL,971.9,617.8,358.9,31.5,33.7,0.0,2.8,GOOD
2026-05-26T13:15:00+05:30,PUNE_CENTRAL,978.0,635.9,352.8,31.7,32.4,0.0,2.6,GOOD
2026-05-26T13:30:00+05:30,PUNE_CENTRAL,959.2,635.9,342.2,33.1,31.8,0.0,2.9,GOOD
2026-05-26T13:45:00+05:30,PUNE_CENTRAL,937.4,630.5,336.0,32.6,32.1,0.0,3.5,GOOD
2026-05-26T14:00:00+05:30,PUNE_CENTRAL,909.6,582.0,366.2,32.1,38.9,0.0,2.8,GOOD
2026-05-26T14:15:00+05:30,PUNE_CENTRAL,846.9,544.3,351.5,32.1,40.8,0.0,2.7,GOOD
2026-05-26T14:30:00+05:30,PUNE_CENTRAL,823.1,548.8,338.4,30.9,40.2,0.0,2.0,GOOD
2026-05-26T14:45:00+05:30,PUNE_CENTRAL,793.0,505.4,361.9,31.5,47.1,0.0,3.0,GOOD
2026-05-26T15:00:00+05:30,PUNE_CENTRAL,722.5,450.6,353.2,30.7,52.1,0.0,2.0,GOOD
2026-05-26T15:15:00+05:30,PUNE_CENTRAL,674.1,430.9,336.6,30.3,53.7,0.0,3.0,GOOD
2026-05-26T15:30:00+05:30,PUNE_CENTRAL,638.7,435.4,314.8,28.9,52.8,0.0,2.8,GOOD
2026-05-26T15:45:00+05:30,PUNE_CENTRAL,572.3,391.0,297.9,30.9,57.0,0.0,3.0,GOOD
2026-05-26T16:00:00+05:30,PUNE_CENTRAL,485.2,321.0,274.2,29.6,63.9,0.0,4.0,GOOD
2026-05-26T16:15:00+05:30,PUNE_CENTRAL,489.5,361.0,269.1,28.5,61.5,0.0,3.8,GOOD
2026-05-26T16:30:00+05:30,PUNE_CENTRAL,462.4,363.5,258.2,28.3,62.8,0.0,4.3,GOOD
2026-05-26T16:45:00+05:30,PUNE_CENTRAL,393.3,354.3,212.4,29.1,60.0,0.0,3.6,GOOD
2026-05-26T17:00:00+05:30,PUNE_CENTRAL,333.0,324.2,184.4,27.9,62.1,0.0,4.0,GOOD
2026-05-26T17:15:00+05:30,PUNE_CENTRAL,277.8,299.5,156.8,27.7,63.8,0.0,3.3,GOOD
2026-05-26T17:30:00+05:30,PUNE_CENTRAL,243.0,289.7,141.9,26.0,66.8,0.0,2.7,GOOD
2026-05-26T17:45:00+05:30,PUNE_CENTRAL,220.9,322.1,126.7,26.8,65.2,0.0,4.1,GOOD
2026-05-26T18:00:00+05:30,PUNE_CENTRAL,154.2,287.9,86.5,26.8,63.2,0.0,3.6,GOOD
2026-05-26T18:15:00+05:30,PUNE_CENTRAL,100.2,230.5,59.2,25.6,67.8,0.0,2.5,GOOD
2026-05-26T18:30:00+05:30,PUNE_CENTRAL,58.6,179.7,36.7,25.6,73.3,0.0,3.3,GOOD
2026-05-26T18:45:00+05:30,PUNE_CENTRAL,35.5,116.9,21.2,25.0,69.0,0.0,2.4,GOOD
2026-05-26T19:00:00+05:30,PUNE_CENTRAL,0.0,0.0,0.0,24.1,62.3,0.0,3.1,GOOD
2026-05-26T19:15:00+05:30,PUNE_CENTRAL,0.0,0.0,0.0,24.8,57.8,0.0,3.1,GOOD
2026-05-26T19:30:00+05:30,PUNE_CENTRAL,0.0,0.0,0.0,24.1,55.1,0.0,4.0,GOOD
2026-05-26T19:45:00+05:30,PUNE_CENTRAL,0.0,0.0,0.0,23.9,51.3,0.0,3.1,GOOD
2026-05-26T20:00:00+05:30,PUNE_CENTRAL,0.0,0.0,0.0,23.3,52.0,0.0,2.6,GOOD
2026-05-26T20:15:00+05:30,PUNE_CENTRAL,0.0,0.0,0.0,23.9,55.5,0.0,3.0,GOOD
2026-05-26T20:30:00+05:30,PUNE_CENTRAL,0.0,0.0,0.0,22.6,55.2,0.0,3.6,GOOD
2026-05-26T20:45:00+05:30,PUNE_CENTRAL,0.0,0.0,0.0,23.2,50.9,0.0,2.8,GOOD
2026-05-26T21:00:00+05:30,PUNE_CENTRAL,0.0,0.0,0.0,22.4,53.0,0.0,3.7,GOOD
2026-05-26T21:15:00+05:30,PUNE_CENTRAL,0.0,0.0,0.0,22.6,52.4,0.0,4.2,GOOD
2026-05-26T21:30:00+05:30,PUNE_CENTRAL,0.0,0.0,0.0,21.6,48.4,0.0,3.5,GOOD
2026-05-26T21:45:00+05:30,PUNE_CENTRAL,0.0,0.0,0.0,20,49.1,0.0,4.6,GOOD
2026-05-26T22:00:00+05:30,PUNE_CENTRAL,0.0,0.0,0.0,21.9,44.3,0.0,3.6,GOOD
2026-05-26T22:15:00+05:30,PUNE_CENTRAL,0.0,0.0,0.0,22.7,38.3,0.0,2.7,GOOD
2026-05-26T22:30:00+05:30,PUNE_CENTRAL,0.0,0.0,0.0,21.0,42.7,0.0,3.7,GOOD
2026-05-26T22:45:00+05:30,PUNE_CENTRAL,0.0,0.0,0.0,22.0,41.2,0.0,3.3,GOOD
2026-05-26T23:00:00+05:30,PUNE_CENTRAL,0.0,0.0,0.0,22.4,41.0,0.0,2.9,GOOD
2026-05-26T23:15:00+05:30,PUNE_CENTRAL,0.0,0.0,0.0,22.3,42.2,0.0,3.4,GOOD
2026-05-26T23:30:00+05:30,PUNE_CENTRAL,0.0,0.0,0.0,23.2,46.5,0.0,3.7,GOOD
2026-05-26T23:45:00+05:30,PUNE_CENTRAL,0.0,0.0,0.0,21.9,49.1,0.0,1.9,GOOD
2026-05-27T00:00:00+05:30,PUNE_CENTRAL,0.0,0.0,0.0,21.6,23.0,0.0,2.3,GOOD
2026-05-27T00:15:00+05:30,PUNE_CENTRAL,0.0,0.0,0.0,23.8,21.1,0.0,3.5,GOOD
2026-05-27T00:30:00+05:30,PUNE_CENTRAL,0.0,0.0,0.0,22.5,17.8,0.0,2.2,GOOD
2026-05-27T00:45:00+05:30,PUNE_CENTRAL,0.0,0.0,0.0,21.3,23.7,0.0,3.3,GOOD
2026-05-27T01:00:00+05:30,PUNE_CENTRAL,0.0,0.0,0.0,22.5,23.5,0.0,1.8,GOOD
2026-05-27T01:15:00+05:30,PUNE_CENTRAL,0.0,0.0,0.0,22.9,24.3,0.0,3.3,GOOD
2026-05-27T01:30:00+05:30,PUNE_CENTRAL,0.0,0.0,0.0,22.0,20.5,0.0,3.0,GOOD
2026-05-27T01:45:00+05:30,PUNE_CENTRAL,0.0,0.0,0.0,22.3,21.9,0.0,2.9,GOOD
2026-05-27T02:00:00+05:30,PUNE_CENTRAL,0.0,0.0,0.0,23.1,21.8,0.0,1.4,GOOD
2026-05-27T02:15:00+05:30,PUNE_CENTRAL,0.0,0.0,0.0,22.0,20.1,0.0,2.1,GOOD
2026-05-27T02:30:00+05:30,PUNE_CENTRAL,0.0,0.0,0.0,23.6,24.9,0.0,2.6,GOOD
2026-05-27T02:45:00+05:30,PUNE_CENTRAL,0.0,0.0,0.0,23.7,18.8,0.0,2.7,GOOD
2026-05-27T03:00:00+05:30,PUNE_CENTRAL,0.0,0.0,0.0,22.3,19.8,0.0,3.7,GOOD
2026-05-27T03:15:00+05:30,PUNE_CENTRAL,0.0,0.0,0.0,23.2,17.7,0.0,3.6,GOOD
2026-05-27T03:30:00+05:30,PUNE_CENTRAL,0.0,0.0,0.0,23.8,10.4,0.0,2.0,GOOD
2026-05-27T03:45:00+05:30,PUNE_CENTRAL,0.0,0.0,0.0,24.0,13.0,0.0,2.7,GOOD
2026-05-27T04:00:00+05:30,PUNE_CENTRAL,0.0,0.0,0.0,24.0,12.9,0.0,2.8,GOOD
2026-05-27T04:15:00+05:30,PUNE_CENTRAL,0.0,0.0,0.0,24.0,12.2,0.0,1.9,GOOD
2026-05-27T04:30:00+05:30,PUNE_CENTRAL,0.0,0.0,0.0,22.2,12.4,0.0,2.5,GOOD
2026-05-27T04:45:00+05:30,PUNE_CENTRAL,0.0,0.0,0.0,22.9,12.2,0.0,2.3,GOOD
2026-05-27T05:00:00+05:30,PUNE_CENTRAL,0.0,0.0,0.0,22.9,19.8,0.0,2.6,GOOD
2026-05-27T05:15:00+05:30,PUNE_CENTRAL,0.0,0.0,0.0,23.0,19.8,0.0,0.8,GOOD
2026-05-27T05:30:00+05:30,PUNE_CENTRAL,0.0,0.0,0.0,23.4,19.3,0.0,3.5,GOOD
2026-05-27T05:45:00+05:30,PUNE_CENTRAL,0.0,0.0,0.0,23.3,16.8,0.0,2.4,GOOD
2026-05-27T06:00:00+05:30,PUNE_CENTRAL,0.0,0.0,0.0,25.0,14.3,0.0,2.4,GOOD
2026-05-27T06:15:00+05:30,PUNE_CENTRAL,55.7,349.7,13.1,25.0,13.0,0.0,1.9,GOOD
2026-05-27T06:30:00+05:30,PUNE_CENTRAL,74.7,478.2,16.4,25.5,10.8,0.0,2.7,GOOD
2026-05-27T06:45:00+05:30,PUNE_CENTRAL,120.1,577.9,23.6,24.8,7.2,0.0,2.6,GOOD
2026-05-27T07:00:00+05:30,PUNE_CENTRAL,197.4,683.0,44.0,26.3,11.2,0.0,3.3,GOOD
2026-05-27T07:15:00+05:30,PUNE_CENTRAL,243.0,696.8,46.8,26.4,6.5,0.0,2.7,GOOD
2026-05-27T07:30:00+05:30,PUNE_CENTRAL,288.3,704.1,50.3,28.1,3.8,0.0,2.4,GOOD
2026-05-27T07:45:00+05:30,PUNE_CENTRAL,347.5,731.7,59.5,27.8,3.3,0.0,3.1,GOOD
2026-05-27T08:00:00+05:30,PUNE_CENTRAL,397.6,715.5,77.2,27.6,6.8,0.0,2.7,GOOD
2026-05-27T08:15:00+05:30,PUNE_CENTRAL,471.3,724.3,108.7,27.7,12.4,0.0,2.5,GOOD
2026-05-27T08:30:00+05:30,PUNE_CENTRAL,520.4,701.5,133.3,28.2,16.3,0.0,3.0,GOOD
2026-05-27T08:45:00+05:30,PUNE_CENTRAL,577.8,692.6,161.4,29.7,19.9,0.0,2.0,GOOD
2026-05-27T09:00:00+05:30,PUNE_CENTRAL,604.8,670.8,169.9,28.8,20.1,0.0,3.0,GOOD
2026-05-27T09:15:00+05:30,PUNE_CENTRAL,647.4,646.2,199.3,29.5,24.3,0.0,3.1,GOOD
2026-05-27T09:30:00+05:30,PUNE_CENTRAL,717.7,675.9,220.4,30.8,24.2,0.0,2.8,GOOD
2026-05-27T09:45:00+05:30,PUNE_CENTRAL,753.1,726.1,190.0,32.1,15.7,0.0,2.4,GOOD
2026-05-27T10:00:00+05:30,PUNE_CENTRAL,775.9,725.5,186.4,31.7,13.9,0.0,2.3,GOOD
2026-05-27T10:15:00+05:30,PUNE_CENTRAL,839.6,737.4,215.4,32.0,16.4,0.0,3.1,GOOD
2026-05-27T10:30:00+05:30,PUNE_CENTRAL,871.0,732.0,228.7,31.3,17.3,0.0,3.3,GOOD
2026-05-27T10:45:00+05:30,PUNE_CENTRAL,910.7,706.4,271.4,31.3,22.8,0.0,2.9,GOOD
2026-05-27T11:00:00+05:30,PUNE_CENTRAL,924.0,714.5,260.1,32.6,20.2,0.0,2.2,GOOD
2026-05-27T11:15:00+05:30,PUNE_CENTRAL,976.5,761.3,253.3,32.1,16.8,0.0,2.3,GOOD
2026-05-27T11:30:00+05:30,PUNE_CENTRAL,976.9,756.9,244.9,34.7,15.5,0.0,2.8,GOOD
2026-05-27T11:45:00+05:30,PUNE_CENTRAL,959.6,730.1,243.6,33.3,16.0,0.0,2.8,GOOD
2026-05-27T12:00:00+05:30,PUNE_CENTRAL,1015.1,754.7,267.6,33.4,17.5,0.0,3.4,GOOD
2026-05-27T12:15:00+05:30,PUNE_CENTRAL,1003.7,797.5,209.0,33.8,9.0,0.0,2.7,GOOD
2026-05-27T12:30:00+05:30,PUNE_CENTRAL,1003.0,804.3,199.7,34.2,7.5,0.0,1.6,GOOD
2026-05-27T12:45:00+05:30,PUNE_CENTRAL,1017.1,804.7,214.5,32.3,9.4,0.0,3.0,GOOD
2026-05-27T13:00:00+05:30,PUNE_CENTRAL,1011.3,833.9,184.0,34.1,4.9,0.0,3.1,GOOD
2026-05-27T13:15:00+05:30,PUNE_CENTRAL,1000.0,814.6,199.2,34.9,7.6,0.0,2.7,GOOD
2026-05-27T13:30:00+05:30,PUNE_CENTRAL,1000.2,814.3,210.2,32.8,9.2,0.0,1.8,GOOD
2026-05-27T13:45:00+05:30,PUNE_CENTRAL,947.2,767.6,215.0,32.2,11.8,0.0,2.0,GOOD
2026-05-27T14:00:00+05:30,PUNE_CENTRAL,916.7,780.9,187.5,32.3,8.4,0.0,3.3,GOOD
2026-05-27T14:15:00+05:30,PUNE_CENTRAL,863.7,772.2,160.7,34.1,5.5,0.0,2.2,GOOD
2026-05-27T14:30:00+05:30,PUNE_CENTRAL,875.4,801.0,167.7,31.4,6.4,0.0,2.4,GOOD
2026-05-27T14:45:00+05:30,PUNE_CENTRAL,850.7,805.0,163.8,32.7,6.5,0.0,2.2,GOOD
2026-05-27T15:00:00+05:30,PUNE_CENTRAL,808.4,791.7,159.3,30.2,7.2,0.0,2.7,GOOD
2026-05-27T15:15:00+05:30,PUNE_CENTRAL,774.7,805.3,143.8,32.0,5.5,0.0,2.7,GOOD
2026-05-27T15:30:00+05:30,PUNE_CENTRAL,719.5,755.7,157.0,32.1,10.5,0.0,1.7,GOOD
2026-05-27T15:45:00+05:30,PUNE_CENTRAL,682.7,747.9,157.4,30.6,12.4,0.0,2.0,GOOD
2026-05-27T16:00:00+05:30,PUNE_CENTRAL,637.3,713.6,167.8,31.3,17.4,0.0,1.7,GOOD
2026-05-27T16:15:00+05:30,PUNE_CENTRAL,583.6,697.4,157.4,31.7,18.4,0.0,1.9,GOOD
2026-05-27T16:30:00+05:30,PUNE_CENTRAL,521.5,700.6,127.6,30.4,14.6,0.0,3.1,GOOD
2026-05-27T16:45:00+05:30,PUNE_CENTRAL,445.9,676.1,100.1,30.1,11.5,0.0,1.8,GOOD
2026-05-27T17:00:00+05:30,PUNE_CENTRAL,390.1,680.9,77.6,29.9,7.5,0.0,2.8,GOOD
2026-05-27T17:15:00+05:30,PUNE_CENTRAL,364.4,723.0,71.6,29.8,7.2,0.0,1.9,GOOD
2026-05-27T17:30:00+05:30,PUNE_CENTRAL,305.6,696.8,61.9,29.3,8.1,0.0,2.0,GOOD
2026-05-27T17:45:00+05:30,PUNE_CENTRAL,241.5,656.1,49.0,27.6,8.1,0.0,1.5,GOOD
2026-05-27T18:00:00+05:30,PUNE_CENTRAL,180.6,607.6,36.9,28.1,8.4,0.0,2.7,GOOD
2026-05-27T18:15:00+05:30,PUNE_CENTRAL,146.7,624.2,35.0,28.1,13.6,0.0,1.5,GOOD
2026-05-27T18:30:00+05:30,PUNE_CENTRAL,94.6,572.2,24.9,26.7,17.4,0.0,2.6,GOOD
2026-05-27T18:45:00+05:30,PUNE_CENTRAL,49.9,285.1,15.1,26.8,23.5,0.0,1.6,GOOD
2026-05-27T19:00:00+05:30,PUNE_CENTRAL,21.8,125.2,6.6,27.0,23.2,0.0,1.2,GOOD
2026-05-27T19:15:00+05:30,PUNE_CENTRAL,0.0,0.0,0.0,25.0,31.0,0.0,3.2,GOOD
2026-05-27T19:30:00+05:30,PUNE_CENTRAL,0.0,0.0,0.0,24.7,31.7,0.0,3.9,GOOD
2026-05-27T19:45:00+05:30,PUNE_CENTRAL,0.0,0.0,0.0,24.1,29.3,0.0,3.1,GOOD
2026-05-27T20:00:00+05:30,PUNE_CENTRAL,0.0,0.0,0.0,24.4,31.7,0.0,2.5,GOOD
2026-05-27T20:15:00+05:30,PUNE_CENTRAL,0.0,0.0,0.0,24.2,29.4,0.0,3.9,GOOD
2026-05-27T20:30:00+05:30,PUNE_CENTRAL,0.0,0.0,0.0,22.3,23.4,0.0,2.1,GOOD
2026-05-27T20:45:00+05:30,PUNE_CENTRAL,0.0,0.0,0.0,23.5,22.9,0.0,2.2,GOOD
2026-05-27T21:00:00+05:30,PUNE_CENTRAL,0.0,0.0,0.0,23.0,27.7,0.0,3.4,GOOD
2026-05-27T21:15:00+05:30,PUNE_CENTRAL,0.0,0.0,0.0,23.3,26.5,0.0,3.1,GOOD
2026-05-27T21:30:00+05:30,PUNE_CENTRAL,0.0,0.0,0.0,21.9,31.6,0.0,2.7,GOOD
2026-05-27T21:45:00+05:30,PUNE_CENTRAL,0.0,0.0,0.0,22.0,32.0,0.0,3.1,GOOD
2026-05-27T22:00:00+05:30,PUNE_CENTRAL,0.0,0.0,0.0,22.6,29.5,0.0,2.3,GOOD
2026-05-27T22:15:00+05:30,PUNE_CENTRAL,0.0,0.0,0.0,22.5,28.7,0.0,2.3,GOOD
2026-05-27T22:30:00+05:30,PUNE_CENTRAL,0.0,0.0,0.0,23.2,30.4,0.0,2.5,GOOD
2026-05-27T22:45:00+05:30,PUNE_CENTRAL,0.0,0.0,0.0,22.2,32.3,0.0,4.0,GOOD
2026-05-27T23:00:00+05:30,PUNE_CENTRAL,0.0,0.0,0.0,22.2,33.1,0.0,2.6,GOOD
2026-05-27T23:15:00+05:30,PUNE_CENTRAL,0.0,0.0,0.0,22.1,35.1,0.0,2.8,GOOD
2026-05-27T23:30:00+05:30,PUNE_CENTRAL,0.0,0.0,0.0,20.5,34.8,0.0,3.9,GOOD
2026-05-27T23:45:00+05:30,PUNE_CENTRAL,0.0,0.0,0.0,22.5,32.0,0.0,2.9,GOOD
2026-05-28T00:00:00+05:30,PUNE_CENTRAL,0.0,0.0,0.0,20.1,53.7,0.0,3.0,GOOD
2026-05-28T00:15:00+05:30,PUNE_CENTRAL,0.0,0.0,0.0,24.3,50.9,0.0,2.0,GOOD
2026-05-28T00:30:00+05:30,PUNE_CENTRAL,0.0,0.0,0.0,22.2,54.3,0.0,3.4,GOOD
2026-05-28T00:45:00+05:30,PUNE_CENTRAL,0.0,0.0,0.0,20.3,54.2,0.0,3.3,GOOD
2026-05-28T01:00:00+05:30,PUNE_CENTRAL,0.0,0.0,0.0,22.5,45.7,0.0,3.1,GOOD
2026-05-28T01:15:00+05:30,PUNE_CENTRAL,0.0,0.0,0.0,21.0,40.3,0.0,2.6,GOOD
2026-05-28T01:30:00+05:30,PUNE_CENTRAL,0.0,0.0,0.0,22.2,44.7,0.0,3.9,GOOD
2026-05-28T01:45:00+05:30,PUNE_CENTRAL,0.0,0.0,0.0,23.0,42.4,0.0,2.0,GOOD
2026-05-28T02:00:00+05:30,PUNE_CENTRAL,0.0,0.0,0.0,21.9,47.3,0.0,2.9,GOOD
2026-05-28T02:15:00+05:30,PUNE_CENTRAL,0.0,0.0,0.0,22.4,52.1,0.0,3.2,GOOD
2026-05-28T02:30:00+05:30,PUNE_CENTRAL,0.0,0.0,0.0,22.6,51.9,0.0,2.9,GOOD
2026-05-28T02:45:00+05:30,PUNE_CENTRAL,0.0,0.0,0.0,22.2,49.9,0.0,2.6,GOOD
2026-05-28T03:00:00+05:30,PUNE_CENTRAL,0.0,0.0,0.0,22.2,45.3,0.0,3.0,GOOD
2026-05-28T03:15:00+05:30,PUNE_CENTRAL,0.0,0.0,0.0,22.4,45.3,0.0,2.6,GOOD
2026-05-28T03:30:00+05:30,PUNE_CENTRAL,0.0,0.0,0.0,22.8,45.8,0.0,3.5,GOOD
2026-05-28T03:45:00+05:30,PUNE_CENTRAL,0.0,0.0,0.0,21.1,49.6,0.0,4.8,GOOD
2026-05-28T04:00:00+05:30,PUNE_CENTRAL,0.0,0.0,0.0,22.5,43.6,0.0,3.1,GOOD
2026-05-28T04:15:00+05:30,PUNE_CENTRAL,0.0,0.0,0.0,23.1,44.9,0.0,3.4,GOOD
2026-05-28T04:30:00+05:30,PUNE_CENTRAL,0.0,0.0,0.0,21.0,42.3,0.0,3.6,GOOD
2026-05-28T04:45:00+05:30,PUNE_CENTRAL,0.0,0.0,0.0,20.6,42.1,0.0,2.7,GOOD
2026-05-28T05:00:00+05:30,PUNE_CENTRAL,0.0,0.0,0.0,21.3,43.5,0.0,2.2,GOOD
2026-05-28T05:15:00+05:30,PUNE_CENTRAL,0.0,0.0,0.0,22.1,47.6,0.0,4.2,GOOD
2026-05-28T05:30:00+05:30,PUNE_CENTRAL,0.0,0.0,0.0,21.9,44.9,0.0,2.6,GOOD
2026-05-28T05:45:00+05:30,PUNE_CENTRAL,0.0,0.0,0.0,22.7,46.7,0.0,3.5,GOOD
2026-05-28T06:00:00+05:30,PUNE_CENTRAL,0.0,0.0,0.0,24.3,47.7,0.0,3.4,GOOD
2026-05-28T06:15:00+05:30,PUNE_CENTRAL,15.5,72.8,6.6,23.5,42.4,0.0,3.3,GOOD
2026-05-28T06:30:00+05:30,PUNE_CENTRAL,84.0,411.6,33.8,24.9,38.9,0.0,2.4,GOOD
2026-05-28T06:45:00+05:30,PUNE_CENTRAL,121.5,417.5,51.7,24.9,42.3,0.0,2.3,GOOD
2026-05-28T07:00:00+05:30,PUNE_CENTRAL,185.1,458.8,81.9,25.3,45.0,0.0,3.2,GOOD
2026-05-28T07:15:00+05:30,PUNE_CENTRAL,220.9,438.3,97.3,26.5,44.7,0.0,3.2,GOOD
2026-05-28T07:30:00+05:30,PUNE_CENTRAL,268.3,441.3,119.0,26.7,45.2,0.0,5.0,GOOD
2026-05-28T07:45:00+05:30,PUNE_CENTRAL,303.3,460.7,121.9,27.4,38.8,0.0,2.6,GOOD
2026-05-28T08:00:00+05:30,PUNE_CENTRAL,390.2,556.4,141.0,27.7,32.5,0.0,2.9,GOOD
2026-05-28T08:15:00+05:30,PUNE_CENTRAL,438.9,536.4,170.3,27.6,36.6,0.0,2.9,GOOD
2026-05-28T08:30:00+05:30,PUNE_CENTRAL,478.3,497.4,203.9,27.1,42.5,0.0,3.1,GOOD
2026-05-28T08:45:00+05:30,PUNE_CENTRAL,542.8,533.2,222.3,28.5,39.9,0.0,2.7,GOOD
2026-05-28T09:00:00+05:30,PUNE_CENTRAL,582.7,537.9,234.0,29.3,38.7,0.0,3.3,GOOD
2026-05-28T09:15:00+05:30,PUNE_CENTRAL,637.6,548.8,257.2,29.3,39.0,0.0,3.5,GOOD
2026-05-28T09:30:00+05:30,PUNE_CENTRAL,723.3,552.7,316.7,29.0,44.3,0.0,2.8,SUSPECT
2026-05-28T09:45:00+05:30,PUNE_CENTRAL,705.7,488.0,327.3,29.0,48.3,0.0,2.9,GOOD
2026-05-28T10:00:00+05:30,PUNE_CENTRAL,760.6,502.0,352.8,30.4,48.3,0.0,3.4,GOOD
2026-05-28T10:15:00+05:30,PUNE_CENTRAL,761.1,507.0,332.0,31.2,44.0,0.0,2.9,GOOD
2026-05-28T10:30:00+05:30,PUNE_CENTRAL,801.0,513.6,350.5,31.7,44.2,0.0,4.0,GOOD
2026-05-28T10:45:00+05:30,PUNE_CENTRAL,847.8,503.1,392.6,31.2,48.2,0.0,2.5,GOOD
2026-05-28T11:00:00+05:30,PUNE_CENTRAL,845.3,502.4,378.5,32.3,45.8,0.0,2.9,GOOD
2026-05-28T11:15:00+05:30,PUNE_CENTRAL,871.2,508.0,388.8,33.3,45.6,0.0,3.4,GOOD
2026-05-28T11:30:00+05:30,PUNE_CENTRAL,887.6,471.2,431.9,32.0,51.8,0.0,3.6,GOOD
2026-05-28T11:45:00+05:30,PUNE_CENTRAL,877.2,452.0,434.0,32.2,53.0,0.0,3.5,GOOD
2026-05-28T12:00:00+05:30,PUNE_CENTRAL,875.7,447.7,432.4,33.3,52.9,0.0,2.4,GOOD
2026-05-28T12:15:00+05:30,PUNE_CENTRAL,928.0,499.5,430.3,30.7,48.3,0.0,3.5,GOOD
2026-05-28T12:30:00+05:30,PUNE_CENTRAL,938.0,519.6,419.1,31.4,45.7,0.0,2.4,GOOD
2026-05-28T12:45:00+05:30,PUNE_CENTRAL,951.0,525.4,427.1,32.2,46.0,0.0,2.4,GOOD
2026-05-28T13:00:00+05:30,PUNE_CENTRAL,927.1,549.9,381.5,32.1,40.2,0.0,2.6,GOOD
2026-05-28T13:15:00+05:30,PUNE_CENTRAL,920.0,542.1,387.1,33.5,41.7,0.0,3.7,GOOD
2026-05-28T13:30:00+05:30,PUNE_CENTRAL,903.1,517.2,401.3,33.7,45.3,0.0,2.5,GOOD
2026-05-28T13:45:00+05:30,PUNE_CENTRAL,919.4,558.7,386.5,31.9,41.6,0.0,3.6,GOOD
2026-05-28T14:00:00+05:30,PUNE_CENTRAL,901.9,562.0,377.0,31.4,41.2,0.0,3.6,GOOD
2026-05-28T14:15:00+05:30,PUNE_CENTRAL,833.4,486.1,390.8,32.4,49.1,0.0,4.5,SUSPECT
2026-05-28T14:30:00+05:30,PUNE_CENTRAL,848.0,552.6,359.7,31.6,42.2,0.0,3.0,GOOD
2026-05-28T14:45:00+05:30,PUNE_CENTRAL,767.8,487.7,351.5,31.7,47.4,0.0,2.5,GOOD
2026-05-28T15:00:00+05:30,PUNE_CENTRAL,725.8,474.3,336.8,30.7,48.3,0.0,3.4,GOOD
2026-05-28T15:15:00+05:30,PUNE_CENTRAL,714.0,483.7,334.8,31.7,49.1,0.0,3.4,GOOD
2026-05-28T15:30:00+05:30,PUNE_CENTRAL,694.8,529.7,300.3,30.0,43.4,0.0,3.5,GOOD
2026-05-28T15:45:00+05:30,PUNE_CENTRAL,623.2,486.8,281.0,29.8,46.3,0.0,3.8,GOOD
2026-05-28T16:00:00+05:30,PUNE_CENTRAL,590.1,470.9,280.0,29.7,49.9,0.0,2.9,GOOD
2026-05-28T16:15:00+05:30,PUNE_CENTRAL,532.5,462.8,249.4,28.3,49.0,0.0,3.5,GOOD
2026-05-28T16:30:00+05:30,PUNE_CENTRAL,488.3,438.3,241.6,29.7,53.0,0.0,2.5,GOOD
2026-05-28T16:45:00+05:30,PUNE_CENTRAL,422.1,411.0,211.6,28.9,54.0,0.0,3.7,GOOD
2026-05-28T17:00:00+05:30,PUNE_CENTRAL,351.6,375.5,178.9,28.1,55.2,0.0,3.4,GOOD
2026-05-28T17:15:00+05:30,PUNE_CENTRAL,324.8,395.8,164.2,28.9,54.7,0.0,2.7,GOOD
2026-05-28T17:30:00+05:30,PUNE_CENTRAL,282.5,404.8,140.5,28.3,53.4,0.0,2.6,GOOD
2026-05-28T17:45:00+05:30,PUNE_CENTRAL,230.2,378.2,118.7,27.3,56.3,0.0,3.2,GOOD
2026-05-28T18:00:00+05:30,PUNE_CENTRAL,172.3,351.8,88.7,27.4,56.1,0.0,3.3,GOOD
2026-05-28T18:15:00+05:30,PUNE_CENTRAL,115.6,317.9,58.2,25.8,54.5,0.0,2.9,GOOD
2026-05-28T18:30:00+05:30,PUNE_CENTRAL,68.0,265.5,35.4,24.5,57.1,0.0,3.1,GOOD
2026-05-28T18:45:00+05:30,PUNE_CENTRAL,48.4,187.6,25.5,25.8,58.1,0.0,3.2,GOOD
2026-05-28T19:00:00+05:30,PUNE_CENTRAL,29.4,110.7,15.9,24.6,60.3,0.0,3.2,GOOD
2026-05-28T19:15:00+05:30,PUNE_CENTRAL,0.0,0.0,0.0,23.6,50.7,0.0,2.5,GOOD
2026-05-28T19:30:00+05:30,PUNE_CENTRAL,0.0,0.0,0.0,24.7,54.1,0.0,3.1,GOOD
2026-05-28T19:45:00+05:30,PUNE_CENTRAL,0.0,0.0,0.0,24.5,51.9,0.0,2.9,GOOD
2026-05-28T20:00:00+05:30,PUNE_CENTRAL,0.0,0.0,0.0,21.4,56.0,0.0,4.5,GOOD
2026-05-28T20:15:00+05:30,PUNE_CENTRAL,0.0,0.0,0.0,23.3,55.5,0.0,3.6,GOOD
2026-05-28T20:30:00+05:30,PUNE_CENTRAL,0.0,0.0,0.0,23.0,59.1,0.0,3.1,GOOD
2026-05-28T20:45:00+05:30,PUNE_CENTRAL,0.0,0.0,0.0,21.6,59.7,0.0,3.2,GOOD
2026-05-28T21:00:00+05:30,PUNE_CENTRAL,0.0,0.0,0.0,21.7,58.6,0.0,4.2,GOOD
2026-05-28T21:15:00+05:30,PUNE_CENTRAL,0.0,0.0,0.0,22.7,58.7,0.0,3.5,GOOD
2026-05-28T21:30:00+05:30,PUNE_CENTRAL,0.0,0.0,0.0,21.9,54.6,0.0,3.8,GOOD
2026-05-28T21:45:00+05:30,PUNE_CENTRAL,0.0,0.0,0.0,22.9,51.6,0.0,3.7,GOOD
2026-05-28T22:00:00+05:30,PUNE_CENTRAL,0.0,0.0,0.0,20,51.1,0.0,3.9,GOOD
2026-05-28T22:15:00+05:30,PUNE_CENTRAL,0.0,0.0,0.0,21.9,50.8,0.0,2.6,GOOD
2026-05-28T22:30:00+05:30,PUNE_CENTRAL,0.0,0.0,0.0,22.4,51.7,0.0,3.6,GOOD
2026-05-28T22:45:00+05:30,PUNE_CENTRAL,0.0,0.0,0.0,22.0,45.4,0.0,2.6,GOOD
2026-05-28T23:00:00+05:30,PUNE_CENTRAL,0.0,0.0,0.0,22.0,42.9,0.0,3.2,GOOD
2026-05-28T23:15:00+05:30,PUNE_CENTRAL,0.0,0.0,0.0,21.5,37.0,0.0,3.7,GOOD
2026-05-28T23:30:00+05:30,PUNE_CENTRAL,0.0,0.0,0.0,21.2,39.3,0.0,3.2,GOOD
2026-05-28T23:45:00+05:30,PUNE_CENTRAL,0.0,0.0,0.0,21.5,39.5,0.0,3.8,GOOD
2026-05-29T00:00:00+05:30,PUNE_CENTRAL,0.0,0.0,0.0,20.7,38.6,0.0,2.6,GOOD
2026-05-29T00:15:00+05:30,PUNE_CENTRAL,0.0,0.0,0.0,21.4,38.0,0.0,2.0,GOOD
2026-05-29T00:30:00+05:30,PUNE_CENTRAL,0.0,0.0,0.0,21.7,40.0,0.0,2.4,GOOD
2026-05-29T00:45:00+05:30,PUNE_CENTRAL,0.0,0.0,0.0,21.0,38.7,0.0,3.8,GOOD
2026-05-29T01:00:00+05:30,PUNE_CENTRAL,0.0,0.0,0.0,22.8,39.7,0.0,3.8,GOOD
2026-05-29T01:15:00+05:30,PUNE_CENTRAL,0.0,0.0,0.0,22.7,38.6,0.0,2.5,GOOD
2026-05-29T01:30:00+05:30,PUNE_CENTRAL,0.0,0.0,0.0,21.8,37.9,0.0,3.3,GOOD
2026-05-29T01:45:00+05:30,PUNE_CENTRAL,0.0,0.0,0.0,21.5,44.1,0.0,2.8,GOOD
2026-05-29T02:00:00+05:30,PUNE_CENTRAL,0.0,0.0,0.0,22.6,45.9,0.0,2.1,GOOD
2026-05-29T02:15:00+05:30,PUNE_CENTRAL,0.0,0.0,0.0,21.4,45.1,0.0,1.9,GOOD
2026-05-29T02:30:00+05:30,PUNE_CENTRAL,0.0,0.0,0.0,20.9,46.2,0.0,3.5,GOOD
2026-05-29T02:45:00+05:30,PUNE_CENTRAL,0.0,0.0,0.0,22.4,47.3,0.0,4.8,GOOD
2026-05-29T03:00:00+05:30,PUNE_CENTRAL,0.0,0.0,0.0,21.0,43.5,0.0,3.1,GOOD
2026-05-29T03:15:00+05:30,PUNE_CENTRAL,0.0,0.0,0.0,24.2,39.6,0.0,3.8,GOOD
2026-05-29T03:30:00+05:30,PUNE_CENTRAL,0.0,0.0,0.0,23.2,41.0,0.0,3.7,GOOD
2026-05-29T03:45:00+05:30,PUNE_CENTRAL,0.0,0.0,0.0,21.2,44.0,0.0,3.9,GOOD
2026-05-29T04:00:00+05:30,PUNE_CENTRAL,0.0,0.0,0.0,22.1,44.7,0.0,2.7,GOOD
2026-05-29T04:15:00+05:30,PUNE_CENTRAL,0.0,0.0,0.0,22.2,45.5,0.0,3.6,GOOD
2026-05-29T04:30:00+05:30,PUNE_CENTRAL,0.0,0.0,0.0,21.9,45.6,0.0,4.7,GOOD
2026-05-29T04:45:00+05:30,PUNE_CENTRAL,0.0,0.0,0.0,21.5,38.2,0.0,3.4,GOOD
2026-05-29T05:00:00+05:30,PUNE_CENTRAL,0.0,0.0,0.0,22.0,33.8,0.0,2.7,GOOD
2026-05-29T05:15:00+05:30,PUNE_CENTRAL,0.0,0.0,0.0,22.5,35.0,0.0,3.1,GOOD
2026-05-29T05:30:00+05:30,PUNE_CENTRAL,0.0,0.0,0.0,24.3,32.9,0.0,2.6,GOOD
2026-05-29T05:45:00+05:30,PUNE_CENTRAL,0.0,0.0,0.0,25.2,30.3,0.0,2.2,GOOD
2026-05-29T06:00:00+05:30,PUNE_CENTRAL,0.0,0.0,0.0,24.4,27.7,0.0,1.7,GOOD
2026-05-29T06:15:00+05:30,PUNE_CENTRAL,24.9,136.5,8.3,25.9,28.1,0.0,2.4,GOOD
2026-05-29T06:30:00+05:30,PUNE_CENTRAL,66.8,374.9,21.1,25.5,25.5,0.0,3.7,GOOD
2026-05-29T06:45:00+05:30,PUNE_CENTRAL,133.4,531.8,44.3,26.2,28.0,0.0,3.2,GOOD
2026-05-29T07:00:00+05:30,PUNE_CENTRAL,180.0,530.4,60.6,26.3,28.7,0.0,3.1,GOOD
2026-05-29T07:15:00+05:30,PUNE_CENTRAL,243.6,603.3,73.4,26.0,23.3,0.0,1.5,GOOD
2026-05-29T07:30:00+05:30,PUNE_CENTRAL,277.2,569.0,84.7,26.5,23.9,0.0,3.3,GOOD
2026-05-29T07:45:00+05:30,PUNE_CENTRAL,335.8,577.6,108.4,28.1,26.6,0.0,3.3,GOOD
2026-05-29T08:00:00+05:30,PUNE_CENTRAL,396.0,587.3,133.0,27.9,28.6,0.0,3.7,GOOD
2026-05-29T08:15:00+05:30,PUNE_CENTRAL,466.3,619.7,156.1,29.2,28.4,0.0,1.5,GOOD
2026-05-29T08:30:00+05:30,PUNE_CENTRAL,491.9,585.1,169.1,27.5,29.8,0.0,1.7,GOOD
2026-05-29T08:45:00+05:30,PUNE_CENTRAL,535.6,551.7,204.0,28.7,35.5,0.0,3.1,GOOD
2026-05-29T09:00:00+05:30,PUNE_CENTRAL,604.5,611.4,208.2,28.6,29.9,0.0,3.0,GOOD
2026-05-29T09:15:00+05:30,PUNE_CENTRAL,656.7,612.8,232.1,31.1,31.3,0.0,1.5,GOOD
2026-05-29T09:30:00+05:30,PUNE_CENTRAL,699.4,606.5,253.4,31.7,32.7,0.0,2.8,GOOD
2026-05-29T09:45:00+05:30,PUNE_CENTRAL,721.0,538.1,303.9,31.6,41.8,0.0,3.4,GOOD
2026-05-29T10:00:00+05:30,PUNE_CENTRAL,791.4,578.2,321.9,31.5,39.5,0.0,3.8,GOOD
2026-05-29T10:15:00+05:30,PUNE_CENTRAL,786.0,541.1,328.2,31.2,41.2,0.0,3.0,GOOD
2026-05-29T10:30:00+05:30,PUNE_CENTRAL,819.2,554.4,333.1,31.9,39.5,0.0,2.7,GOOD
2026-05-29T10:45:00+05:30,PUNE_CENTRAL,848.8,567.0,335.9,30.0,37.8,0.0,3.0,GOOD
2026-05-29T11:00:00+05:30,PUNE_CENTRAL,893.3,577.4,357.0,30.9,38.4,0.0,3.8,GOOD
2026-05-29T11:15:00+05:30,PUNE_CENTRAL,930.4,591.0,369.2,32.1,38.0,0.0,2.8,GOOD
2026-05-29T11:30:00+05:30,PUNE_CENTRAL,951.4,606.7,364.9,30.6,35.9,0.0,2.4,GOOD
2026-05-29T11:45:00+05:30,PUNE_CENTRAL,961.0,593.2,379.5,31.0,37.7,0.0,3.9,GOOD
2026-05-29T12:00:00+05:30,PUNE_CENTRAL,943.0,552.8,395.7,33.1,41.5,0.0,1.5,GOOD
2026-05-29T12:15:00+05:30,PUNE_CENTRAL,938.1,504.3,435.7,31.9,48.4,0.0,3.5,GOOD
2026-05-29T12:30:00+05:30,PUNE_CENTRAL,890.8,454.9,436.5,32.8,52.3,0.0,2.7,GOOD
2026-05-29T12:45:00+05:30,PUNE_CENTRAL,861.0,400.0,462.2,31.6,59.5,0.0,2.5,GOOD
2026-05-29T13:00:00+05:30,PUNE_CENTRAL,849.1,407.2,445.2,31.6,57.6,0.0,3.2,GOOD
2026-05-29T13:15:00+05:30,PUNE_CENTRAL,873.8,430.1,451.0,31.1,56.3,0.0,3.8,GOOD
2026-05-29T13:30:00+05:30,PUNE_CENTRAL,864.3,434.2,443.0,30.6,55.8,0.0,3.2,GOOD
2026-05-29T13:45:00+05:30,PUNE_CENTRAL,846.0,453.2,413.6,31.1,52.1,0.0,3.4,GOOD
2026-05-29T14:00:00+05:30,PUNE_CENTRAL,808.1,411.3,423.9,32.2,57.6,0.0,3.8,GOOD
2026-05-29T14:15:00+05:30,PUNE_CENTRAL,808.5,438.3,409.4,30.1,54.8,0.0,3.4,GOOD
2026-05-29T14:30:00+05:30,PUNE_CENTRAL,714.9,351.6,404.1,30.7,63.9,0.0,3.2,GOOD
2026-05-29T14:45:00+05:30,PUNE_CENTRAL,670.7,338.3,381.9,31.6,64.5,0.0,3.0,GOOD
2026-05-29T15:00:00+05:30,PUNE_CENTRAL,642.2,346.2,358.1,31.0,62.7,0.0,3.6,GOOD
2026-05-29T15:15:00+05:30,PUNE_CENTRAL,596.8,322.3,344.0,31.0,65.6,0.0,1.8,GOOD
2026-05-29T15:30:00+05:30,PUNE_CENTRAL,591.3,358.5,324.2,30.7,61.3,0.0,2.8,GOOD
2026-05-29T15:45:00+05:30,PUNE_CENTRAL,554.9,360.4,301.4,30.3,60.5,0.0,4.0,GOOD
2026-05-29T16:00:00+05:30,PUNE_CENTRAL,510.1,338.6,286.9,31.7,63.5,0.0,3.8,GOOD
2026-05-29T16:15:00+05:30,PUNE_CENTRAL,485.1,358.1,265.7,29.2,61.2,0.0,3.2,GOOD
2026-05-29T16:30:00+05:30,PUNE_CENTRAL,464.8,386.9,246.7,28.5,58.6,0.0,3.2,GOOD
2026-05-29T16:45:00+05:30,PUNE_CENTRAL,378.9,323.4,212.9,27.4,63.4,0.0,2.9,GOOD
2026-05-29T17:00:00+05:30,PUNE_CENTRAL,341.3,316.4,195.5,28.7,65.1,0.0,4.1,GOOD
2026-05-29T17:15:00+05:30,PUNE_CENTRAL,303.5,342.3,164.2,28.6,60.2,0.0,3.6,GOOD
2026-05-29T17:30:00+05:30,PUNE_CENTRAL,239.3,296.8,134.9,25.8,63.6,0.0,3.6,GOOD
2026-05-29T17:45:00+05:30,PUNE_CENTRAL,191.2,276.3,109.5,27.5,65.0,0.0,4.1,GOOD
2026-05-29T18:00:00+05:30,PUNE_CENTRAL,140.2,240.2,82.8,25.6,67.8,0.0,3.6,GOOD
2026-05-29T18:15:00+05:30,PUNE_CENTRAL,99.3,223.3,58.8,25.5,68.0,0.0,4.4,GOOD
2026-05-29T18:30:00+05:30,PUNE_CENTRAL,63.0,211.8,36.8,26.2,66.7,0.0,4.1,GOOD
2026-05-29T18:45:00+05:30,PUNE_CENTRAL,54.5,211.9,28.7,26.4,57.9,0.0,3.4,GOOD
2026-05-29T19:00:00+05:30,PUNE_CENTRAL,3.1,12.1,1.6,26.6,57.6,0.0,2.6,GOOD
2026-05-29T19:15:00+05:30,PUNE_CENTRAL,0.0,0.0,0.0,23.1,56.8,0.0,3.7,GOOD
2026-05-29T19:30:00+05:30,PUNE_CENTRAL,0.0,0.0,0.0,23.3,55.7,0.0,3.4,GOOD
2026-05-29T19:45:00+05:30,PUNE_CENTRAL,0.0,0.0,0.0,24.7,55.1,0.0,4.1,GOOD
2026-05-29T20:00:00+05:30,PUNE_CENTRAL,0.0,0.0,0.0,22.5,52.4,0.0,3.3,GOOD
2026-05-29T20:15:00+05:30,PUNE_CENTRAL,0.0,0.0,0.0,24.6,57.0,0.0,3.4,GOOD
2026-05-29T20:30:00+05:30,PUNE_CENTRAL,0.0,0.0,0.0,22.6,58.1,0.0,3.1,GOOD
2026-05-29T20:45:00+05:30,PUNE_CENTRAL,0.0,0.0,0.0,21.9,56.6,0.0,3.1,GOOD
2026-05-29T21:00:00+05:30,PUNE_CENTRAL,0.0,0.0,0.0,20.7,49.4,0.0,1.6,GOOD
2026-05-29T21:15:00+05:30,PUNE_CENTRAL,0.0,0.0,0.0,21.8,43.6,0.0,2.4,GOOD
2026-05-29T21:30:00+05:30,PUNE_CENTRAL,0.0,0.0,0.0,22.7,40.0,0.0,3.4,GOOD
2026-05-29T21:45:00+05:30,PUNE_CENTRAL,0.0,0.0,0.0,22.2,39.1,0.0,2.3,GOOD
2026-05-29T22:00:00+05:30,PUNE_CENTRAL,0.0,0.0,0.0,21.7,36.2,0.0,2.9,GOOD
2026-05-29T22:15:00+05:30,PUNE_CENTRAL,0.0,0.0,0.0,22.1,37.6,0.0,2.6,GOOD
2026-05-29T22:30:00+05:30,PUNE_CENTRAL,0.0,0.0,0.0,22.8,43.4,0.0,3.0,GOOD
2026-05-29T22:45:00+05:30,PUNE_CENTRAL,0.0,0.0,0.0,22.3,45.3,0.0,4.1,GOOD
2026-05-29T23:00:00+05:30,PUNE_CENTRAL,0.0,0.0,0.0,21.7,46.7,0.0,5.0,GOOD
2026-05-29T23:15:00+05:30,PUNE_CENTRAL,0.0,0.0,0.0,21.7,43.5,0.0,4.0,GOOD
2026-05-29T23:30:00+05:30,PUNE_CENTRAL,0.0,0.0,0.0,22.2,44.1,0.0,2.2,GOOD
2026-05-29T23:45:00+05:30,PUNE_CENTRAL,0.0,0.0,0.0,21.8,45.4,0.0,2.9,GOOD
2026-05-30T00:00:00+05:30,PUNE_CENTRAL,0.0,0.0,0.0,20.2,77.2,0.0,4.4,GOOD
2026-05-30T00:15:00+05:30,PUNE_CENTRAL,0.0,0.0,0.0,20,77.0,0.0,4.0,GOOD
2026-05-30T00:30:00+05:30,PUNE_CENTRAL,0.0,0.0,0.0,21.0,77.7,0.0,4.5,GOOD
2026-05-30T00:45:00+05:30,PUNE_CENTRAL,0.0,0.0,0.0,20,78.8,0.0,3.3,GOOD
2026-05-30T01:00:00+05:30,PUNE_CENTRAL,0.0,0.0,0.0,21.4,83.9,0.0,3.8,GOOD
2026-05-30T01:15:00+05:30,PUNE_CENTRAL,0.0,0.0,0.0,21.0,86.2,0.0,5.4,GOOD
2026-05-30T01:30:00+05:30,PUNE_CENTRAL,0.0,0.0,0.0,20,82.7,0.0,4.7,GOOD
2026-05-30T01:45:00+05:30,PUNE_CENTRAL,0.0,0.0,0.0,20.3,79.4,0.0,3.6,GOOD
2026-05-30T02:00:00+05:30,PUNE_CENTRAL,0.0,0.0,0.0,22.4,77.5,0.0,4.0,GOOD
2026-05-30T02:15:00+05:30,PUNE_CENTRAL,0.0,0.0,0.0,21.7,79.9,0.0,4.3,GOOD
2026-05-30T02:30:00+05:30,PUNE_CENTRAL,0.0,0.0,0.0,20.7,80.7,0.0,3.3,GOOD
2026-05-30T02:45:00+05:30,PUNE_CENTRAL,0.0,0.0,0.0,20.8,78.2,0.0,4.0,GOOD
2026-05-30T03:00:00+05:30,PUNE_CENTRAL,0.0,0.0,0.0,20,76.0,0.0,4.2,GOOD
2026-05-30T03:15:00+05:30,PUNE_CENTRAL,0.0,0.0,0.0,21.2,70.8,0.0,3.4,GOOD
2026-05-30T03:30:00+05:30,PUNE_CENTRAL,0.0,0.0,0.0,20.6,70.3,0.0,3.3,GOOD
2026-05-30T03:45:00+05:30,PUNE_CENTRAL,0.0,0.0,0.0,20.7,65.0,0.0,4.6,GOOD
2026-05-30T04:00:00+05:30,PUNE_CENTRAL,0.0,0.0,0.0,20.1,68.2,0.0,4.9,GOOD
2026-05-30T04:15:00+05:30,PUNE_CENTRAL,0.0,0.0,0.0,21.2,61.3,0.0,3.3,GOOD
2026-05-30T04:30:00+05:30,PUNE_CENTRAL,0.0,0.0,0.0,20.4,65.2,0.0,3.7,GOOD
2026-05-30T04:45:00+05:30,PUNE_CENTRAL,0.0,0.0,0.0,22.6,64.1,0.0,3.7,GOOD
2026-05-30T05:00:00+05:30,PUNE_CENTRAL,0.0,0.0,0.0,22.6,70.2,0.0,4.1,GOOD
2026-05-30T05:15:00+05:30,PUNE_CENTRAL,0.0,0.0,0.0,23.1,64.9,0.0,3.4,GOOD
2026-05-30T05:30:00+05:30,PUNE_CENTRAL,0.0,0.0,0.0,23.5,71.0,0.0,3.6,GOOD
2026-05-30T05:45:00+05:30,PUNE_CENTRAL,0.0,0.0,0.0,21.5,76.3,0.0,2.8,GOOD
2026-05-30T06:00:00+05:30,PUNE_CENTRAL,0.0,0.0,0.0,21.8,72.6,0.0,3.9,GOOD
2026-05-30T06:15:00+05:30,PUNE_CENTRAL,29.0,84.3,18.7,22.6,76.3,0.0,4.6,GOOD
2026-05-30T06:30:00+05:30,PUNE_CENTRAL,49.3,154.3,30.5,22.8,72.1,0.0,2.8,GOOD
2026-05-30T06:45:00+05:30,PUNE_CENTRAL,60.9,135.1,38.2,24.7,73.5,0.0,4.1,GOOD
2026-05-30T07:00:00+05:30,PUNE_CENTRAL,84.5,130.3,55.2,25.1,77.4,0.0,3.6,GOOD
2026-05-30T07:15:00+05:30,PUNE_CENTRAL,136.5,193.1,82.0,26.3,69.4,0.0,3.7,GOOD
2026-05-30T07:30:00+05:30,PUNE_CENTRAL,155.9,180.6,94.8,24.5,70.5,0.0,4.1,GOOD
2026-05-30T07:45:00+05:30,PUNE_CENTRAL,225.7,237.0,132.3,24.9,67.1,0.0,3.5,GOOD
2026-05-30T08:00:00+05:30,PUNE_CENTRAL,267.8,257.7,152.4,27.2,64.5,0.0,3.5,GOOD
2026-05-30T08:15:00+05:30,PUNE_CENTRAL,269.9,214.5,162.5,25.7,69.6,0.0,3.4,GOOD
2026-05-30T08:30:00+05:30,PUNE_CENTRAL,316.1,235.1,186.4,26.8,67.6,0.0,3.5,GOOD
2026-05-30T08:45:00+05:30,PUNE_CENTRAL,371.9,267.2,211.4,29.3,64.4,0.0,3.3,GOOD
2026-05-30T09:00:00+05:30,PUNE_CENTRAL,365.1,214.9,225.8,27.0,72.1,0.0,4.4,GOOD
2026-05-30T09:15:00+05:30,PUNE_CENTRAL,380.3,203.9,239.1,28.6,73.6,0.0,3.5,GOOD
2026-05-30T09:30:00+05:30,PUNE_CENTRAL,353.1,163.5,232.9,27.9,78.4,0.0,3.6,GOOD
2026-05-30T09:45:00+05:30,PUNE_CENTRAL,360.7,153.8,241.5,28.2,79.9,0.0,4.3,GOOD
2026-05-30T10:00:00+05:30,PUNE_CENTRAL,434.4,191.5,278.9,29.5,75.7,0.0,3.2,GOOD
2026-05-30T10:15:00+05:30,PUNE_CENTRAL,419.1,162.1,282.0,30.4,80.4,0.0,3.8,GOOD
2026-05-30T10:30:00+05:30,PUNE_CENTRAL,466.9,190.6,299.8,28.3,75.7,0.0,4.1,GOOD
2026-05-30T10:45:00+05:30,PUNE_CENTRAL,525.1,234.4,313.2,29.4,68.7,0.0,2.7,GOOD
2026-05-30T11:00:00+05:30,PUNE_CENTRAL,553.7,230.4,339.7,30.3,71.3,0.0,3.7,GOOD
2026-05-30T11:15:00+05:30,PUNE_CENTRAL,607.0,259.9,360.2,31.3,68.2,0.0,4.5,GOOD
2026-05-30T11:30:00+05:30,PUNE_CENTRAL,602.8,259.3,352.2,31.2,66.8,0.0,4.0,GOOD
2026-05-30T11:45:00+05:30,PUNE_CENTRAL,643.7,289.6,359.9,31.7,62.9,0.0,3.5,GOOD
2026-05-30T12:00:00+05:30,PUNE_CENTRAL,629.1,268.7,363.2,32.6,65.7,0.0,3.1,GOOD
2026-05-30T12:15:00+05:30,PUNE_CENTRAL,585.6,226.3,360.2,31.1,71.6,0.0,4.8,GOOD
2026-05-30T12:30:00+05:30,PUNE_CENTRAL,617.2,231.9,385.7,31.1,73.1,0.0,3.8,GOOD
2026-05-30T12:45:00+05:30,PUNE_CENTRAL,634.6,261.0,374.4,31.0,67.7,0.0,3.1,GOOD
2026-05-30T13:00:00+05:30,PUNE_CENTRAL,620.9,260.0,363.1,30.7,66.9,0.0,2.3,GOOD
2026-05-30T13:15:00+05:30,PUNE_CENTRAL,605.5,252.1,357.6,31.7,67.8,0.0,4.5,GOOD
2026-05-30T13:30:00+05:30,PUNE_CENTRAL,623.4,264.0,367.2,31.2,67.5,0.0,4.5,GOOD
2026-05-30T13:45:00+05:30,PUNE_CENTRAL,538.3,207.2,340.7,31.9,74.3,0.0,3.3,GOOD
2026-05-30T14:00:00+05:30,PUNE_CENTRAL,475.1,173.6,312.9,29.4,78.2,0.0,3.3,GOOD
2026-05-30T14:15:00+05:30,PUNE_CENTRAL,404.6,136.8,280.0,29.4,83.4,0.0,2.9,GOOD
2026-05-30T14:30:00+05:30,PUNE_CENTRAL,412.9,137.6,291.2,29.7,85.4,0.0,3.9,GOOD
2026-05-30T14:45:00+05:30,PUNE_CENTRAL,373.9,135.5,258.1,28.4,83.1,0.0,4.1,GOOD
2026-05-30T15:00:00+05:30,PUNE_CENTRAL,381.5,144.9,262.6,28.8,82.8,0.0,4.5,GOOD
2026-05-30T15:15:00+05:30,PUNE_CENTRAL,363.1,151.9,243.8,30.7,80.2,0.0,3.0,GOOD
2026-05-30T15:30:00+05:30,PUNE_CENTRAL,349.9,160.3,230.4,30.9,78.2,0.0,3.9,GOOD
2026-05-30T15:45:00+05:30,PUNE_CENTRAL,324.6,152.1,217.5,28.5,80.0,0.0,3.3,GOOD
2026-05-30T16:00:00+05:30,PUNE_CENTRAL,302.4,139.2,210.6,29.0,84.0,0.0,4.3,GOOD
2026-05-30T16:15:00+05:30,PUNE_CENTRAL,264.2,135.4,181.2,28.0,82.4,0.0,3.9,GOOD
2026-05-30T16:30:00+05:30,PUNE_CENTRAL,185.2,90.1,134.3,27.9,88.5,0.0,5.1,GOOD
2026-05-30T16:45:00+05:30,PUNE_CENTRAL,191.5,112.0,133.9,28.1,84.5,0.0,3.8,GOOD
2026-05-30T17:00:00+05:30,PUNE_CENTRAL,193.5,133.5,131.9,27.0,81.8,0.0,2.9,GOOD
2026-05-30T17:15:00+05:30,PUNE_CENTRAL,185.9,146.3,126.3,27.5,81.4,0.0,3.8,GOOD
2026-05-30T17:30:00+05:30,PUNE_CENTRAL,148.8,133.0,101.9,25.6,82.2,0.0,3.2,GOOD
2026-05-30T17:45:00+05:30,PUNE_CENTRAL,100.4,111.3,67.4,25.3,80.2,0.0,3.0,GOOD
2026-05-30T18:00:00+05:30,PUNE_CENTRAL,92.8,112.6,65.8,26.2,86.0,0.0,4.2,GOOD
2026-05-30T18:15:00+05:30,PUNE_CENTRAL,42.0,50.3,32.8,23.9,97.1,0.0,5.2,GOOD
2026-05-30T18:30:00+05:30,PUNE_CENTRAL,32.1,54.5,25.3,25.7,98.1,0.0,3.5,GOOD
2026-05-30T18:45:00+05:30,PUNE_CENTRAL,0.0,0.0,0.0,23.1,95.3,0.0,4.0,GOOD
2026-05-30T19:00:00+05:30,PUNE_CENTRAL,12.1,24.7,9.1,23.2,92.5,0.0,3.5,GOOD
2026-05-30T19:15:00+05:30,PUNE_CENTRAL,0.0,0.0,0.0,23.6,85.7,0.0,4.2,GOOD
2026-05-30T19:30:00+05:30,PUNE_CENTRAL,0.0,0.0,0.0,22.6,88.3,0.0,4.9,GOOD
2026-05-30T19:45:00+05:30,PUNE_CENTRAL,0.0,0.0,0.0,21.7,85.7,0.0,4.0,GOOD
2026-05-30T20:00:00+05:30,PUNE_CENTRAL,0.0,0.0,0.0,23.6,83.2,0.0,4.6,GOOD
2026-05-30T20:15:00+05:30,PUNE_CENTRAL,0.0,0.0,0.0,20.9,80.4,0.0,4.3,GOOD
2026-05-30T20:30:00+05:30,PUNE_CENTRAL,0.0,0.0,0.0,21.9,83.0,0.0,4.5,GOOD
2026-05-30T20:45:00+05:30,PUNE_CENTRAL,0.0,0.0,0.0,20.8,79.3,0.0,3.9,GOOD
2026-05-30T21:00:00+05:30,PUNE_CENTRAL,0.0,0.0,0.0,20.0,83.4,0.0,3.4,GOOD
2026-05-30T21:15:00+05:30,PUNE_CENTRAL,0.0,0.0,0.0,21.2,88.0,0.0,3.7,GOOD
2026-05-30T21:30:00+05:30,PUNE_CENTRAL,0.0,0.0,0.0,20.1,90.7,0.0,2.8,GOOD
2026-05-30T21:45:00+05:30,PUNE_CENTRAL,0.0,0.0,0.0,20.2,91.6,0.0,3.3,GOOD
2026-05-30T22:00:00+05:30,PUNE_CENTRAL,0.0,0.0,0.0,20.2,92.5,0.0,4.5,GOOD
2026-05-30T22:15:00+05:30,PUNE_CENTRAL,0.0,0.0,0.0,20,95.2,0.0,4.1,GOOD
2026-05-30T22:30:00+05:30,PUNE_CENTRAL,0.0,0.0,0.0,20,93.4,0.0,3.8,GOOD
2026-05-30T22:45:00+05:30,PUNE_CENTRAL,0.0,0.0,0.0,20.2,97.3,0.0,3.7,GOOD
2026-05-30T23:00:00+05:30,PUNE_CENTRAL,0.0,0.0,0.0,20,97.8,0.0,4.4,GOOD
2026-05-30T23:15:00+05:30,PUNE_CENTRAL,0.0,0.0,0.0,20.0,98.3,0.0,3.3,GOOD
2026-05-30T23:30:00+05:30,PUNE_CENTRAL,0.0,0.0,0.0,20,100,0.0,4.9,GOOD
2026-05-30T23:45:00+05:30,PUNE_CENTRAL,0.0,0.0,0.0,20,100.0,0.0,3.0,GOOD
2026-05-31T00:00:00+05:30,PUNE_CENTRAL,0.0,0.0,0.0,22.5,42.6,0.0,3.1,GOOD
2026-05-31T00:15:00+05:30,PUNE_CENTRAL,0.0,0.0,0.0,21.1,50.4,0.0,2.8,GOOD
2026-05-31T00:30:00+05:30,PUNE_CENTRAL,0.0,0.0,0.0,20.3,48.8,0.0,3.6,GOOD
2026-05-31T00:45:00+05:30,PUNE_CENTRAL,0.0,0.0,0.0,20.8,49.1,0.0,2.5,GOOD
2026-05-31T01:00:00+05:30,PUNE_CENTRAL,0.0,0.0,0.0,22.2,41.6,0.0,3.3,GOOD
2026-05-31T01:15:00+05:30,PUNE_CENTRAL,0.0,0.0,0.0,22.5,35.5,0.0,2.2,GOOD
2026-05-31T01:30:00+05:30,PUNE_CENTRAL,0.0,0.0,0.0,22.5,32.4,0.0,2.2,GOOD
2026-05-31T01:45:00+05:30,PUNE_CENTRAL,0.0,0.0,0.0,21.8,31.8,0.0,3.0,GOOD
2026-05-31T02:00:00+05:30,PUNE_CENTRAL,0.0,0.0,0.0,23.8,32.2,0.0,3.5,GOOD
2026-05-31T02:15:00+05:30,PUNE_CENTRAL,0.0,0.0,0.0,22.5,32.9,0.0,2.5,GOOD
2026-05-31T02:30:00+05:30,PUNE_CENTRAL,0.0,0.0,0.0,21.4,30.1,0.0,2.7,GOOD
2026-05-31T02:45:00+05:30,PUNE_CENTRAL,0.0,0.0,0.0,23.4,33.5,0.0,2.5,GOOD
2026-05-31T03:00:00+05:30,PUNE_CENTRAL,0.0,0.0,0.0,21.2,35.5,0.0,3.6,GOOD
2026-05-31T03:15:00+05:30,PUNE_CENTRAL,0.0,0.0,0.0,23.7,35.1,0.0,3.0,GOOD
2026-05-31T03:30:00+05:30,PUNE_CENTRAL,0.0,0.0,0.0,21.6,34.6,0.0,3.0,GOOD
2026-05-31T03:45:00+05:30,PUNE_CENTRAL,0.0,0.0,0.0,22.5,29.5,0.0,3.5,GOOD
2026-05-31T04:00:00+05:30,PUNE_CENTRAL,0.0,0.0,0.0,22.8,37.4,0.0,2.1,GOOD
2026-05-31T04:15:00+05:30,PUNE_CENTRAL,0.0,0.0,0.0,21.7,43.7,0.0,3.5,GOOD
2026-05-31T04:30:00+05:30,PUNE_CENTRAL,0.0,0.0,0.0,21.9,46.9,0.0,3.2,GOOD
2026-05-31T04:45:00+05:30,PUNE_CENTRAL,0.0,0.0,0.0,22.1,44.5,0.0,2.7,GOOD
2026-05-31T05:00:00+05:30,PUNE_CENTRAL,0.0,0.0,0.0,23.3,43.1,0.0,3.6,GOOD
2026-05-31T05:15:00+05:30,PUNE_CENTRAL,0.0,0.0,0.0,21.7,46.7,0.0,3.5,GOOD
2026-05-31T05:30:00+05:30,PUNE_CENTRAL,0.0,0.0,0.0,22.5,40.3,0.0,2.2,GOOD
2026-05-31T05:45:00+05:30,PUNE_CENTRAL,0.0,0.0,0.0,22.5,45.5,0.0,2.7,GOOD
2026-05-31T06:00:00+05:30,PUNE_CENTRAL,0.0,0.0,0.0,23.3,42.9,0.0,3.2,GOOD
2026-05-31T06:15:00+05:30,PUNE_CENTRAL,37.3,178.3,15.6,24.1,41.2,0.0,2.7,GOOD
2026-05-31T06:30:00+05:30,PUNE_CENTRAL,76.9,371.8,31.6,25.2,40.1,0.0,3.3,GOOD
2026-05-31T06:45:00+05:30,PUNE_CENTRAL,121.6,426.1,50.0,24.6,40.2,0.0,2.3,GOOD
2026-05-31T07:00:00+05:30,PUNE_CENTRAL,178.8,459.5,75.2,26.3,41.6,0.0,3.1,GOOD
2026-05-31T07:15:00+05:30,PUNE_CENTRAL,208.6,415.0,91.5,26.4,44.4,0.0,3.3,GOOD
2026-05-31T07:30:00+05:30,PUNE_CENTRAL,304.3,541.4,121.1,25.8,38.1,0.0,3.3,GOOD
2026-05-31T07:45:00+05:30,PUNE_CENTRAL,346.2,541.9,132.8,27.5,36.0,0.0,3.2,GOOD
2026-05-31T08:00:00+05:30,PUNE_CENTRAL,390.8,518.3,158.7,27.2,39.4,0.0,1.8,GOOD
2026-05-31T08:15:00+05:30,PUNE_CENTRAL,424.5,515.5,166.5,27.9,37.3,0.0,1.7,GOOD
2026-05-31T08:30:00+05:30,PUNE_CENTRAL,497.9,554.8,191.9,28.3,36.2,0.0,1.8,GOOD
2026-05-31T08:45:00+05:30,PUNE_CENTRAL,524.8,532.3,205.1,29.4,37.0,0.0,2.7,GOOD
2026-05-31T09:00:00+05:30,PUNE_CENTRAL,597.2,574.2,225.4,29.7,35.0,0.0,2.2,GOOD
2026-05-31T09:15:00+05:30,PUNE_CENTRAL,637.0,567.5,244.0,29.5,35.9,0.0,2.5,GOOD
2026-05-31T09:30:00+05:30,PUNE_CENTRAL,654.8,558.3,244.5,28.9,34.4,0.0,1.4,GOOD
2026-05-31T09:45:00+05:30,PUNE_CENTRAL,699.1,552.7,271.0,30.6,36.6,0.0,3.5,GOOD
2026-05-31T10:00:00+05:30,PUNE_CENTRAL,740.9,505.6,330.6,31.3,45.6,0.0,3.9,GOOD
2026-05-31T10:15:00+05:30,PUNE_CENTRAL,776.1,498.0,355.1,30.2,47.3,0.0,2.9,GOOD
2026-05-31T10:30:00+05:30,PUNE_CENTRAL,811.9,518.2,357.8,30.0,44.7,0.0,3.6,GOOD
2026-05-31T10:45:00+05:30,PUNE_CENTRAL,823.3,496.5,374.5,29.5,46.9,0.0,3.3,GOOD
2026-05-31T11:00:00+05:30,PUNE_CENTRAL,914.1,584.8,371.3,30.8,39.4,0.0,3.5,GOOD
2026-05-31T11:15:00+05:30,PUNE_CENTRAL,898.9,540.0,386.5,29.7,43.1,0.0,2.5,SUSPECT
2026-05-31T11:30:00+05:30,PUNE_CENTRAL,927.8,551.1,395.4,31.1,42.5,0.0,1.7,GOOD
2026-05-31T11:45:00+05:30,PUNE_CENTRAL,914.8,540.6,385.1,32.6,41.7,0.0,3.3,GOOD
2026-05-31T12:00:00+05:30,PUNE_CENTRAL,938.2,547.6,396.3,34.4,41.9,0.0,2.5,GOOD
2026-05-31T12:15:00+05:30,PUNE_CENTRAL,949.1,556.0,395.3,33.0,41.0,0.0,2.8,GOOD
2026-05-31T12:30:00+05:30,PUNE_CENTRAL,962.5,561.7,401.8,32.2,41.1,0.0,3.7,GOOD
2026-05-31T12:45:00+05:30,PUNE_CENTRAL,956.9,551.3,407.3,31.8,42.4,0.0,2.9,GOOD
2026-05-31T13:00:00+05:30,PUNE_CENTRAL,953.2,551.6,406.1,32.4,42.5,0.0,3.3,GOOD
2026-05-31T13:15:00+05:30,PUNE_CENTRAL,919.7,546.7,382.3,33.5,40.9,0.0,2.7,GOOD
2026-05-31T13:30:00+05:30,PUNE_CENTRAL,946.0,599.0,364.8,31.2,36.2,0.0,2.8,GOOD
2026-05-31T13:45:00+05:30,PUNE_CENTRAL,927.9,607.0,348.7,30.9,34.7,0.0,2.3,GOOD
2026-05-31T14:00:00+05:30,PUNE_CENTRAL,917.2,623.9,334.3,31.7,33.0,0.0,4.2,GOOD
2026-05-31T14:15:00+05:30,PUNE_CENTRAL,882.7,607.9,329.0,31.5,34.3,0.0,2.7,GOOD
2026-05-31T14:30:00+05:30,PUNE_CENTRAL,862.9,617.6,316.7,33.0,33.4,0.0,3.4,GOOD
2026-05-31T14:45:00+05:30,PUNE_CENTRAL,791.9,524.7,343.6,31.9,43.7,0.0,3.1,GOOD
2026-05-31T15:00:00+05:30,PUNE_CENTRAL,716.4,471.0,329.6,31.7,47.7,0.0,2.7,GOOD
2026-05-31T15:15:00+05:30,PUNE_CENTRAL,694.4,452.6,339.1,31.1,52.0,0.0,2.9,GOOD
2026-05-31T15:30:00+05:30,PUNE_CENTRAL,603.1,375.6,322.8,29.8,59.3,0.0,3.5,GOOD
2026-05-31T15:45:00+05:30,PUNE_CENTRAL,595.0,409.7,306.4,29.9,56.1,0.0,4.0,GOOD
2026-05-31T16:00:00+05:30,PUNE_CENTRAL,546.6,405.5,278.9,28.4,55.4,0.0,2.7,GOOD
2026-05-31T16:15:00+05:30,PUNE_CENTRAL,491.5,398.0,247.2,28.7,54.3,0.0,2.9,GOOD
2026-05-31T16:30:00+05:30,PUNE_CENTRAL,451.1,381.9,235.2,30.4,57.1,0.0,3.7,GOOD
2026-05-31T16:45:00+05:30,PUNE_CENTRAL,400.0,362.8,213.2,29.5,58.9,0.0,3.3,GOOD
2026-05-31T17:00:00+05:30,PUNE_CENTRAL,347.7,352.4,184.7,28.8,58.7,0.0,5.2,GOOD
2026-05-31T17:15:00+05:30,PUNE_CENTRAL,276.8,291.6,157.6,27.8,64.5,0.0,4.2,GOOD
2026-05-31T17:30:00+05:30,PUNE_CENTRAL,268.1,339.0,148.2,27.4,61.9,0.0,3.2,GOOD
2026-05-31T17:45:00+05:30,PUNE_CENTRAL,194.9,287.3,109.3,26.5,63.2,0.0,2.7,GOOD
2026-05-31T18:00:00+05:30,PUNE_CENTRAL,184.8,358.2,98.4,26.0,58.8,0.0,3.4,GOOD
2026-05-31T18:15:00+05:30,PUNE_CENTRAL,107.4,245.5,62.2,25.3,66.1,0.0,2.2,GOOD
2026-05-31T18:30:00+05:30,PUNE_CENTRAL,66.0,217.8,38.4,27.3,66.5,0.0,1.6,GOOD
2026-05-31T18:45:00+05:30,PUNE_CENTRAL,31.4,110.7,17.9,24.3,64.6,0.0,5.0,GOOD
2026-05-31T19:00:00+05:30,PUNE_CENTRAL,9.2,34.6,5.0,25.5,60.5,0.0,2.5,GOOD
2026-05-31T19:15:00+05:30,PUNE_CENTRAL,0.0,0.0,0.0,23.7,52.7,0.0,2.3,GOOD
2026-05-31T19:30:00+05:30,PUNE_CENTRAL,0.0,0.0,0.0,25.3,55.8,0.0,2.3,GOOD
2026-05-31T19:45:00+05:30,PUNE_CENTRAL,0.0,0.0,0.0,23.8,59.6,0.0,3.8,GOOD
2026-05-31T20:00:00+05:30,PUNE_CENTRAL,0.0,0.0,0.0,23.2,61.8,0.0,4.3,GOOD
2026-05-31T20:15:00+05:30,PUNE_CENTRAL,0.0,0.0,0.0,22.7,62.4,0.0,3.0,GOOD
2026-05-31T20:30:00+05:30,PUNE_CENTRAL,0.0,0.0,0.0,22.9,60.1,0.0,3.6,GOOD
2026-05-31T20:45:00+05:30,PUNE_CENTRAL,0.0,0.0,0.0,20.6,60.5,0.0,3.3,GOOD
2026-05-31T21:00:00+05:30,PUNE_CENTRAL,0.0,0.0,0.0,20.6,55.6,0.0,3.7,GOOD
2026-05-31T21:15:00+05:30,PUNE_CENTRAL,0.0,0.0,0.0,22.0,56.0,0.0,3.7,GOOD
2026-05-31T21:30:00+05:30,PUNE_CENTRAL,0.0,0.0,0.0,21.4,49.9,0.0,2.9,GOOD
2026-05-31T21:45:00+05:30,PUNE_CENTRAL,0.0,0.0,0.0,22.4,43.9,0.0,3.9,GOOD
2026-05-31T22:00:00+05:30,PUNE_CENTRAL,0.0,0.0,0.0,23.3,47.4,0.0,3.7,GOOD
2026-05-31T22:15:00+05:30,PUNE_CENTRAL,0.0,0.0,0.0,21.7,45.9,0.0,3.2,GOOD
2026-05-31T22:30:00+05:30,PUNE_CENTRAL,0.0,0.0,0.0,21.2,49.9,0.0,1.5,GOOD
2026-05-31T22:45:00+05:30,PUNE_CENTRAL,0.0,0.0,0.0,22.0,50.5,0.0,3.6,GOOD
2026-05-31T23:00:00+05:30,PUNE_CENTRAL,0.0,0.0,0.0,20.4,49.4,0.0,3.0,GOOD
2026-05-31T23:15:00+05:30,PUNE_CENTRAL,0.0,0.0,0.0,21.5,49.6,0.0,2.8,GOOD
2026-05-31T23:30:00+05:30,PUNE_CENTRAL,0.0,0.0,0.0,23.6,46.5,0.0,3.3,GOOD
2026-05-31T23:45:00+05:30,PUNE_CENTRAL,0.0,0.0,0.0,22.5,47.3,0.0,4.1,GOOD
2026-06-01T00:00:00+05:30,PUNE_CENTRAL,0.0,0.0,0.0,20,87.2,0.0,5.2,GOOD
2026-06-01T00:15:00+05:30,PUNE_CENTRAL,0.0,0.0,0.0,20,86.6,0.0,2.5,GOOD
2026-06-01T00:30:00+05:30,PUNE_CENTRAL,0.0,0.0,0.0,20,88.1,0.66,5.8,GOOD
2026-06-01T00:45:00+05:30,PUNE_CENTRAL,0.0,0.0,0.0,20,91.6,0.61,5.8,GOOD
2026-06-01T01:00:00+05:30,PUNE_CENTRAL,0.0,0.0,0.0,20,86.0,0.0,2.9,GOOD
2026-06-01T01:15:00+05:30,PUNE_CENTRAL,0.0,0.0,0.0,20,84.3,0.0,5.0,GOOD
2026-06-01T01:30:00+05:30,PUNE_CENTRAL,0.0,0.0,0.0,20,87.0,0.0,4.1,GOOD
2026-06-01T01:45:00+05:30,PUNE_CENTRAL,0.0,0.0,0.0,20,80.5,0.0,3.0,GOOD
2026-06-01T02:00:00+05:30,PUNE_CENTRAL,0.0,0.0,0.0,20,79.7,0.0,3.0,GOOD
2026-06-01T02:15:00+05:30,PUNE_CENTRAL,0.0,0.0,0.0,20,97.5,1.45,4.4,GOOD
2026-06-01T02:30:00+05:30,PUNE_CENTRAL,0.0,0.0,0.0,20,77.6,0.0,4.4,GOOD
2026-06-01T02:45:00+05:30,PUNE_CENTRAL,0.0,0.0,0.0,20,77.3,0.0,3.6,GOOD
2026-06-01T03:00:00+05:30,PUNE_CENTRAL,0.0,0.0,0.0,20,85.3,0.0,4.3,GOOD
2026-06-01T03:15:00+05:30,PUNE_CENTRAL,0.0,0.0,0.0,20,79.2,0.0,4.3,GOOD
2026-06-01T03:30:00+05:30,PUNE_CENTRAL,0.0,0.0,0.0,20,83.7,0.0,3.7,GOOD
2026-06-01T03:45:00+05:30,PUNE_CENTRAL,0.0,0.0,0.0,20,98.8,2.25,5.0,GOOD
2026-06-01T04:00:00+05:30,PUNE_CENTRAL,0.0,0.0,0.0,20,89.5,0.0,3.9,GOOD
2026-06-01T04:15:00+05:30,PUNE_CENTRAL,0.0,0.0,0.0,20,90.5,0.0,3.9,GOOD
2026-06-01T04:30:00+05:30,PUNE_CENTRAL,0.0,0.0,0.0,20,84.3,0.0,4.0,GOOD
2026-06-01T04:45:00+05:30,PUNE_CENTRAL,0.0,0.0,0.0,20,87.4,0.0,4.1,GOOD
2026-06-01T05:00:00+05:30,PUNE_CENTRAL,0.0,0.0,0.0,20,84.5,0.0,3.4,GOOD
2026-06-01T05:15:00+05:30,PUNE_CENTRAL,0.0,0.0,0.0,20,84.0,0.0,3.0,GOOD
2026-06-01T05:30:00+05:30,PUNE_CENTRAL,0.0,0.0,0.0,20,80.2,0.0,4.1,GOOD
2026-06-01T05:45:00+05:30,PUNE_CENTRAL,0.0,0.0,0.0,21.6,77.1,0.0,4.4,GOOD
2026-06-01T06:00:00+05:30,PUNE_CENTRAL,0.0,0.0,0.0,21.4,84.8,0.0,3.2,GOOD
2026-06-01T06:15:00+05:30,PUNE_CENTRAL,26.6,66.0,18.6,21.4,84.3,0.0,4.0,GOOD
2026-06-01T06:30:00+05:30,PUNE_CENTRAL,15.9,38.9,11.2,22.8,85.0,0.0,3.6,GOOD
2026-06-01T06:45:00+05:30,PUNE_CENTRAL,47.3,78.9,34.0,22.4,87.6,0.0,3.4,GOOD
2026-06-01T07:00:00+05:30,PUNE_CENTRAL,48.7,56.8,35.9,21.4,90.3,0.0,3.8,GOOD
2026-06-01T07:15:00+05:30,PUNE_CENTRAL,56.3,55.2,40.7,22.5,88.2,0.0,3.5,GOOD
2026-06-01T07:30:00+05:30,PUNE_CENTRAL,81.3,68.9,58.0,22.6,86.7,0.0,2.3,GOOD
2026-06-01T07:45:00+05:30,PUNE_CENTRAL,50.6,30.8,38.5,22.9,93.9,0.0,3.8,GOOD
2026-06-01T08:00:00+05:30,PUNE_CENTRAL,79.1,40.4,61.1,23.9,95.6,0.0,4.0,GOOD
2026-06-01T08:15:00+05:30,PUNE_CENTRAL,146.5,80.4,106.3,22.9,88.5,0.0,3.2,GOOD
2026-06-01T08:30:00+05:30,PUNE_CENTRAL,161.0,82.5,115.5,24.6,87.3,0.0,2.6,GOOD
2026-06-01T08:45:00+05:30,PUNE_CENTRAL,150.9,69.8,109.0,24.2,88.0,0.0,4.1,GOOD
2026-06-01T09:00:00+05:30,PUNE_CENTRAL,129.5,49.3,97.6,27.1,92.9,0.0,5.2,GOOD
2026-06-01T09:15:00+05:30,PUNE_CENTRAL,234.8,95.9,168.4,26.0,87.3,0.0,3.5,GOOD
2026-06-01T09:30:00+05:30,PUNE_CENTRAL,209.2,82.9,148.3,26.6,86.0,0.0,2.8,GOOD
2026-06-01T09:45:00+05:30,PUNE_CENTRAL,307.8,124.7,211.3,27.8,82.5,0.0,4.1,GOOD
2026-06-01T10:00:00+05:30,PUNE_CENTRAL,297.1,120.3,199.5,27.5,80.2,0.0,4.9,GOOD
2026-06-01T10:15:00+05:30,PUNE_CENTRAL,260.8,92.5,182.6,28.0,84.6,0.0,4.6,GOOD
2026-06-01T10:30:00+05:30,PUNE_CENTRAL,281.4,96.2,197.2,28.1,84.7,0.0,2.6,GOOD
2026-06-01T10:45:00+05:30,PUNE_CENTRAL,320.2,112.8,218.3,27.2,81.8,0.0,5.3,GOOD
2026-06-01T11:00:00+05:30,PUNE_CENTRAL,334.4,109.1,233.2,27.9,84.2,0.0,3.3,GOOD
2026-06-01T11:15:00+05:30,PUNE_CENTRAL,228.0,61.9,169.3,27.7,91.1,0.0,4.1,GOOD
2026-06-01T11:30:00+05:30,PUNE_CENTRAL,336.9,106.9,233.6,28.2,83.6,0.0,4.3,GOOD
2026-06-01T11:45:00+05:30,PUNE_CENTRAL,331.2,99.4,233.9,28.9,85.6,0.0,4.9,GOOD
2026-06-01T12:00:00+05:30,PUNE_CENTRAL,336.7,105.0,232.9,29.3,83.3,0.0,3.2,GOOD
2026-06-01T12:15:00+05:30,PUNE_CENTRAL,343.3,104.1,239.6,31.1,84.3,0.0,4.6,GOOD
2026-06-01T12:30:00+05:30,PUNE_CENTRAL,381.5,122.4,259.4,30.5,81.5,0.0,4.4,GOOD
2026-06-01T12:45:00+05:30,PUNE_CENTRAL,286.1,76.8,209.6,30.0,89.6,0.0,2.8,GOOD
2026-06-01T13:00:00+05:30,PUNE_CENTRAL,226.8,56.7,170.6,29.4,92.7,0.0,3.8,GOOD
2026-06-01T13:15:00+05:30,PUNE_CENTRAL,220.7,53.0,168.6,28.2,94.5,0.0,4.6,GOOD
2026-06-01T13:30:00+05:30,PUNE_CENTRAL,299.1,88.1,213.6,27.6,86.8,0.0,3.5,GOOD
2026-06-01T13:45:00+05:30,PUNE_CENTRAL,349.1,117.3,237.2,30.9,81.4,0.0,3.6,GOOD
2026-06-01T14:00:00+05:30,PUNE_CENTRAL,318.5,108.5,217.1,29.9,81.8,0.0,3.0,GOOD
2026-06-01T14:15:00+05:30,PUNE_CENTRAL,326.1,111.7,224.3,29.4,82.7,0.0,2.6,GOOD
2026-06-01T14:30:00+05:30,PUNE_CENTRAL,222.3,65.1,164.8,27.6,90.9,0.0,4.2,GOOD
2026-06-01T14:45:00+05:30,PUNE_CENTRAL,216.2,63.8,161.6,27.5,92.0,0.0,4.1,GOOD
2026-06-01T15:00:00+05:30,PUNE_CENTRAL,207.0,66.1,152.7,29.4,90.4,0.0,4.5,GOOD
2026-06-01T15:15:00+05:30,PUNE_CENTRAL,196.6,65.8,144.9,28.2,90.3,0.0,4.1,GOOD
2026-06-01T15:30:00+05:30,PUNE_CENTRAL,60.1,17.8,46.8,25.0,96.7,0.81,4.4,GOOD
2026-06-01T15:45:00+05:30,PUNE_CENTRAL,237.8,107.2,162.2,27.3,81.8,0.0,3.3,GOOD
2026-06-01T16:00:00+05:30,PUNE_CENTRAL,213.0,95.5,149.9,28.1,85.2,0.0,3.7,GOOD
2026-06-01T16:15:00+05:30,PUNE_CENTRAL,167.1,82.7,116.3,27.2,84.0,0.0,3.7,GOOD
2026-06-01T16:30:00+05:30,PUNE_CENTRAL,80.7,36.2,60.2,23.2,91.7,0.16,4.3,GOOD
2026-06-01T16:45:00+05:30,PUNE_CENTRAL,138.0,78.8,97.4,25.6,85.5,0.0,3.6,GOOD
2026-06-01T17:00:00+05:30,PUNE_CENTRAL,115.2,63.9,85.6,25.5,91.3,0.0,4.4,GOOD
2026-06-01T17:15:00+05:30,PUNE_CENTRAL,73.2,43.7,55.3,25.0,93.1,0.0,4.6,GOOD
2026-06-01T17:30:00+05:30,PUNE_CENTRAL,44.0,26.5,34.5,23.9,97.8,0.0,4.6,SUSPECT
2026-06-01T17:45:00+05:30,PUNE_CENTRAL,22.4,16.3,17.5,23.5,97.2,0.0,3.0,GOOD
2026-06-01T18:00:00+05:30,PUNE_CENTRAL,36.6,34.4,28.3,23.8,95.8,0.0,3.1,GOOD
2026-06-01T18:15:00+05:30,PUNE_CENTRAL,48.2,62.5,36.6,22.4,93.8,0.0,3.9,GOOD
2026-06-01T18:30:00+05:30,PUNE_CENTRAL,27.1,47.9,21.0,22.9,96.0,0.0,3.3,GOOD
2026-06-01T18:45:00+05:30,PUNE_CENTRAL,6.9,13.5,5.3,20.4,94.1,0.55,5.7,GOOD
2026-06-01T19:00:00+05:30,PUNE_CENTRAL,3.8,7.5,2.9,20,93.8,0.77,6.2,GOOD
2026-06-01T19:15:00+05:30,PUNE_CENTRAL,0.0,0.0,0.0,22.2,93.8,0.0,4.7,GOOD
2026-06-01T19:30:00+05:30,PUNE_CENTRAL,0.0,0.0,0.0,21.3,94.6,0.0,4.4,GOOD
2026-06-01T19:45:00+05:30,PUNE_CENTRAL,0.0,0.0,0.0,21.0,95.0,0.0,4.9,GOOD
2026-06-01T20:00:00+05:30,PUNE_CENTRAL,0.0,0.0,0.0,20.2,100,0.0,3.2,GOOD
2026-06-01T20:15:00+05:30,PUNE_CENTRAL,0.0,0.0,0.0,20,94.0,0.0,4.1,GOOD
2026-06-01T20:30:00+05:30,PUNE_CENTRAL,0.0,0.0,0.0,20,95.5,0.0,4.4,GOOD
2026-06-01T20:45:00+05:30,PUNE_CENTRAL,0.0,0.0,0.0,20,98.4,0.0,3.4,GOOD
2026-06-01T21:00:00+05:30,PUNE_CENTRAL,0.0,0.0,0.0,20,99.5,0.0,4.0,GOOD
2026-06-01T21:15:00+05:30,PUNE_CENTRAL,0.0,0.0,0.0,20,94.5,0.0,3.5,GOOD
2026-06-01T21:30:00+05:30,PUNE_CENTRAL,0.0,0.0,0.0,20.6,89.5,0.0,3.7,GOOD
2026-06-01T21:45:00+05:30,PUNE_CENTRAL,0.0,0.0,0.0,20,87.2,0.0,3.8,GOOD
2026-06-01T22:00:00+05:30,PUNE_CENTRAL,0.0,0.0,0.0,20,86.0,0.0,3.6,GOOD
2026-06-01T22:15:00+05:30,PUNE_CENTRAL,0.0,0.0,0.0,20,90.0,0.0,5.0,GOOD
2026-06-01T22:30:00+05:30,PUNE_CENTRAL,0.0,0.0,0.0,20,85.4,0.0,4.0,GOOD
2026-06-01T22:45:00+05:30,PUNE_CENTRAL,0.0,0.0,0.0,20,80.4,0.0,3.5,GOOD
2026-06-01T23:00:00+05:30,PUNE_CENTRAL,0.0,0.0,0.0,20,77.0,0.0,4.1,GOOD
2026-06-01T23:15:00+05:30,PUNE_CENTRAL,0.0,0.0,0.0,20,82.4,0.0,3.4,GOOD
2026-06-01T23:30:00+05:30,PUNE_CENTRAL,0.0,0.0,0.0,20,88.2,0.0,3.8,GOOD
2026-06-01T23:45:00+05:30,PUNE_CENTRAL,0.0,0.0,0.0,20,93.2,0.0,6.0,GOOD
2026-06-02T00:00:00+05:30,PUNE_CENTRAL,0.0,0.0,0.0,20.2,43.2,0.0,3.4,GOOD
2026-06-02T00:15:00+05:30,PUNE_CENTRAL,0.0,0.0,0.0,20.9,45.5,0.0,4.2,GOOD
2026-06-02T00:30:00+05:30,PUNE_CENTRAL,0.0,0.0,0.0,20.4,41.0,0.0,2.8,GOOD
2026-06-02T00:45:00+05:30,PUNE_CENTRAL,0.0,0.0,0.0,20,47.0,0.0,3.8,GOOD
2026-06-02T01:00:00+05:30,PUNE_CENTRAL,0.0,0.0,0.0,20.4,44.7,0.0,2.1,GOOD
2026-06-02T01:15:00+05:30,PUNE_CENTRAL,0.0,0.0,0.0,20.7,45.2,0.0,2.9,GOOD
2026-06-02T01:30:00+05:30,PUNE_CENTRAL,0.0,0.0,0.0,20.9,49.3,0.0,3.6,GOOD
2026-06-02T01:45:00+05:30,PUNE_CENTRAL,0.0,0.0,0.0,20.7,50.6,0.0,3.8,GOOD
2026-06-02T02:00:00+05:30,PUNE_CENTRAL,0.0,0.0,0.0,20.1,56.4,0.0,3.2,GOOD
2026-06-02T02:15:00+05:30,PUNE_CENTRAL,0.0,0.0,0.0,20.7,59.3,0.0,3.3,GOOD
2026-06-02T02:30:00+05:30,PUNE_CENTRAL,0.0,0.0,0.0,20.9,64.3,0.0,2.7,GOOD
2026-06-02T02:45:00+05:30,PUNE_CENTRAL,0.0,0.0,0.0,20,59.9,0.0,4.6,GOOD
2026-06-02T03:00:00+05:30,PUNE_CENTRAL,0.0,0.0,0.0,20,53.7,0.0,3.3,GOOD
2026-06-02T03:15:00+05:30,PUNE_CENTRAL,0.0,0.0,0.0,21.0,49.0,0.0,2.9,GOOD
2026-06-02T03:30:00+05:30,PUNE_CENTRAL,0.0,0.0,0.0,20.8,44.0,0.0,1.5,GOOD
2026-06-02T03:45:00+05:30,PUNE_CENTRAL,0.0,0.0,0.0,20,44.2,0.0,2.4,GOOD
2026-06-02T04:00:00+05:30,PUNE_CENTRAL,0.0,0.0,0.0,20.5,46.5,0.0,4.1,GOOD
2026-06-02T04:15:00+05:30,PUNE_CENTRAL,0.0,0.0,0.0,20,52.8,0.0,3.5,GOOD
2026-06-02T04:30:00+05:30,PUNE_CENTRAL,0.0,0.0,0.0,20.4,50.1,0.0,3.5,GOOD
2026-06-02T04:45:00+05:30,PUNE_CENTRAL,0.0,0.0,0.0,21.0,46.1,0.0,2.4,GOOD
2026-06-02T05:00:00+05:30,PUNE_CENTRAL,0.0,0.0,0.0,20.9,44.6,0.0,3.8,GOOD
2026-06-02T05:15:00+05:30,PUNE_CENTRAL,0.0,0.0,0.0,20.1,42.4,0.0,4.3,GOOD
2026-06-02T05:30:00+05:30,PUNE_CENTRAL,0.0,0.0,0.0,22.7,36.0,0.0,2.1,GOOD
2026-06-02T05:45:00+05:30,PUNE_CENTRAL,0.0,0.0,0.0,22.6,43.0,0.0,2.8,GOOD
2026-06-02T06:00:00+05:30,PUNE_CENTRAL,0.0,0.0,0.0,23.0,46.4,0.0,4.5,GOOD
2026-06-02T06:15:00+05:30,PUNE_CENTRAL,33.3,141.4,16.1,23.3,51.2,0.0,2.1,GOOD
2026-06-02T06:30:00+05:30,PUNE_CENTRAL,67.8,282.3,33.4,24.8,52.7,0.0,3.0,GOOD
2026-06-02T06:45:00+05:30,PUNE_CENTRAL,114.2,363.8,53.0,24.2,48.3,0.0,3.6,GOOD
2026-06-02T07:00:00+05:30,PUNE_CENTRAL,171.2,432.4,73.7,24.6,43.1,0.0,2.9,GOOD
2026-06-02T07:15:00+05:30,PUNE_CENTRAL,213.2,421.8,94.1,24.8,44.8,0.0,2.5,GOOD
2026-06-02T07:30:00+05:30,PUNE_CENTRAL,276.0,482.5,112.7,24.0,39.8,0.0,3.0,GOOD
2026-06-02T07:45:00+05:30,PUNE_CENTRAL,343.6,534.3,133.4,27.7,36.6,0.0,2.7,GOOD
2026-06-02T08:00:00+05:30,PUNE_CENTRAL,396.0,540.1,154.3,25.8,36.9,0.0,2.8,GOOD
2026-06-02T08:15:00+05:30,PUNE_CENTRAL,432.0,519.2,172.4,24.9,38.3,0.0,2.2,GOOD
2026-06-02T08:30:00+05:30,PUNE_CENTRAL,458.4,489.1,188.9,26.6,40.3,0.0,3.0,GOOD
2026-06-02T08:45:00+05:30,PUNE_CENTRAL,523.4,507.2,219.0,27.1,41.3,0.0,1.6,GOOD
2026-06-02T09:00:00+05:30,PUNE_CENTRAL,582.5,528.7,240.3,26.9,40.4,0.0,3.0,GOOD
2026-06-02T09:15:00+05:30,PUNE_CENTRAL,621.4,531.8,253.4,29.0,39.7,0.0,3.0,GOOD
2026-06-02T09:30:00+05:30,PUNE_CENTRAL,689.3,563.9,275.2,28.9,38.3,0.0,3.9,GOOD
2026-06-02T09:45:00+05:30,PUNE_CENTRAL,718.4,527.8,309.9,29.1,43.3,0.0,3.6,GOOD
2026-06-02T10:00:00+05:30,PUNE_CENTRAL,741.7,503.7,333.3,28.5,46.0,0.0,3.4,GOOD
2026-06-02T10:15:00+05:30,PUNE_CENTRAL,784.7,521.7,343.9,29.0,44.3,0.0,2.4,GOOD
2026-06-02T10:30:00+05:30,PUNE_CENTRAL,798.2,507.2,354.0,29.5,45.2,0.0,4.0,GOOD
2026-06-02T10:45:00+05:30,PUNE_CENTRAL,822.8,484.1,385.4,30.3,49.0,0.0,2.4,GOOD
2026-06-02T11:00:00+05:30,PUNE_CENTRAL,852.8,518.2,372.2,28.6,44.1,0.0,3.7,GOOD
2026-06-02T11:15:00+05:30,PUNE_CENTRAL,886.6,543.7,371.0,30.8,41.3,0.0,4.0,GOOD
2026-06-02T11:30:00+05:30,PUNE_CENTRAL,926.9,571.5,375.0,31.1,39.2,0.0,2.5,GOOD
2026-06-02T11:45:00+05:30,PUNE_CENTRAL,943.3,572.8,382.4,30.6,39.3,0.0,2.2,GOOD
2026-06-02T12:00:00+05:30,PUNE_CENTRAL,958.0,577.0,387.3,31.5,39.1,0.0,2.5,GOOD
2026-06-02T12:15:00+05:30,PUNE_CENTRAL,941.7,564.7,379.5,31.3,38.9,0.0,2.3,GOOD
2026-06-02T12:30:00+05:30,PUNE_CENTRAL,965.8,578.3,388.7,31.5,38.8,0.0,2.8,GOOD
2026-06-02T12:45:00+05:30,PUNE_CENTRAL,992.6,579.4,415.2,30.7,41.3,0.0,2.2,GOOD
2026-06-02T13:00:00+05:30,PUNE_CENTRAL,956.4,569.9,391.3,31.0,39.9,0.0,3.9,GOOD
2026-06-02T13:15:00+05:30,PUNE_CENTRAL,969.0,625.4,354.3,30.6,33.2,0.0,1.9,GOOD
2026-06-02T13:30:00+05:30,PUNE_CENTRAL,954.8,600.2,372.5,30.5,36.9,0.0,2.6,GOOD
2026-06-02T13:45:00+05:30,PUNE_CENTRAL,914.0,568.5,371.5,30.3,39.5,0.0,2.1,GOOD
2026-06-02T14:00:00+05:30,PUNE_CENTRAL,899.1,590.2,347.6,31.3,36.4,0.0,2.9,GOOD
2026-06-02T14:15:00+05:30,PUNE_CENTRAL,841.7,548.5,341.7,29.7,39.4,0.0,2.1,GOOD
2026-06-02T14:30:00+05:30,PUNE_CENTRAL,846.9,572.4,340.5,30.3,38.8,0.0,3.6,GOOD
2026-06-02T14:45:00+05:30,PUNE_CENTRAL,797.6,526.2,347.7,29.6,44.0,0.0,2.6,GOOD
2026-06-02T15:00:00+05:30,PUNE_CENTRAL,772.3,540.3,328.2,28.2,42.3,0.0,3.7,GOOD
2026-06-02T15:15:00+05:30,PUNE_CENTRAL,695.2,487.5,312.0,29.9,46.0,0.0,4.1,GOOD
2026-06-02T15:30:00+05:30,PUNE_CENTRAL,662.7,470.7,311.0,29.5,49.1,0.0,2.0,GOOD
2026-06-02T15:45:00+05:30,PUNE_CENTRAL,596.8,444.3,283.3,28.6,49.9,0.0,2.9,GOOD
2026-06-02T16:00:00+05:30,PUNE_CENTRAL,569.7,430.5,284.8,28.5,53.8,0.0,2.1,GOOD
2026-06-02T16:15:00+05:30,PUNE_CENTRAL,487.1,388.4,248.2,27.2,55.3,0.0,3.4,GOOD
2026-06-02T16:30:00+05:30,PUNE_CENTRAL,455.1,412.2,221.5,26.7,51.8,0.0,3.6,GOOD
2026-06-02T16:45:00+05:30,PUNE_CENTRAL,386.9,367.9,197.0,28.0,55.2,0.0,3.2,GOOD
2026-06-02T17:00:00+05:30,PUNE_CENTRAL,372.2,384.7,193.6,28.4,57.0,0.0,3.4,GOOD
2026-06-02T17:15:00+05:30,PUNE_CENTRAL,331.8,378.9,176.1,25.3,58.6,0.0,4.3,GOOD
2026-06-02T17:30:00+05:30,PUNE_CENTRAL,249.3,308.8,139.4,26.5,63.0,0.0,3.2,GOOD
2026-06-02T17:45:00+05:30,PUNE_CENTRAL,192.0,273.0,110.1,24.0,65.1,0.0,2.8,GOOD
2026-06-02T18:00:00+05:30,PUNE_CENTRAL,142.1,238.8,84.0,24.7,67.8,0.0,4.6,GOOD
2026-06-02T18:15:00+05:30,PUNE_CENTRAL,109.4,247.8,63.2,25.3,65.8,0.0,4.2,GOOD
2026-06-02T18:30:00+05:30,PUNE_CENTRAL,92.8,326.2,50.8,24.6,61.1,0.0,2.5,GOOD
2026-06-02T18:45:00+05:30,PUNE_CENTRAL,36.3,138.0,19.5,21.6,59.5,0.0,3.0,GOOD
2026-06-02T19:00:00+05:30,PUNE_CENTRAL,0.0,0.0,0.0,24.0,58.0,0.0,4.0,GOOD
2026-06-02T19:15:00+05:30,PUNE_CENTRAL,0.0,0.0,0.0,23.6,58.0,0.0,2.9,GOOD
2026-06-02T19:30:00+05:30,PUNE_CENTRAL,0.0,0.0,0.0,22.7,61.8,0.0,3.0,GOOD
2026-06-02T19:45:00+05:30,PUNE_CENTRAL,0.0,0.0,0.0,21.5,64.7,0.0,4.0,GOOD
2026-06-02T20:00:00+05:30,PUNE_CENTRAL,0.0,0.0,0.0,20.9,66.0,0.0,3.7,GOOD
2026-06-02T20:15:00+05:30,PUNE_CENTRAL,0.0,0.0,0.0,21.1,60.2,0.0,4.5,SUSPECT
2026-06-02T20:30:00+05:30,PUNE_CENTRAL,0.0,0.0,0.0,21.9,53.5,0.0,3.4,GOOD
2026-06-02T20:45:00+05:30,PUNE_CENTRAL,0.0,0.0,0.0,20.1,49.5,0.0,1.7,GOOD
2026-06-02T21:00:00+05:30,PUNE_CENTRAL,0.0,0.0,0.0,20,53.2,0.0,3.5,GOOD
2026-06-02T21:15:00+05:30,PUNE_CENTRAL,0.0,0.0,0.0,20,52.6,0.0,4.3,GOOD
2026-06-02T21:30:00+05:30,PUNE_CENTRAL,0.0,0.0,0.0,20.1,50.5,0.0,4.0,GOOD
2026-06-02T21:45:00+05:30,PUNE_CENTRAL,0.0,0.0,0.0,20.4,49.3,0.0,2.6,GOOD
2026-06-02T22:00:00+05:30,PUNE_CENTRAL,0.0,0.0,0.0,20,48.6,0.0,4.1,GOOD
2026-06-02T22:15:00+05:30,PUNE_CENTRAL,0.0,0.0,0.0,20,49.3,0.0,4.1,GOOD
2026-06-02T22:30:00+05:30,PUNE_CENTRAL,0.0,0.0,0.0,20.5,49.9,0.0,2.8,GOOD
2026-06-02T22:45:00+05:30,PUNE_CENTRAL,0.0,0.0,0.0,21.7,44.7,0.0,3.9,GOOD
2026-06-02T23:00:00+05:30,PUNE_CENTRAL,0.0,0.0,0.0,21.5,45.9,0.0,3.1,GOOD
2026-06-02T23:15:00+05:30,PUNE_CENTRAL,0.0,0.0,0.0,20,46.7,0.0,4.0,GOOD
2026-06-02T23:30:00+05:30,PUNE_CENTRAL,0.0,0.0,0.0,20,48.9,0.0,3.7,GOOD
2026-06-02T23:45:00+05:30,PUNE_CENTRAL,0.0,0.0,0.0,20.8,49.7,0.0,3.6,GOOD
2026-06-03T00:00:00+05:30,PUNE_CENTRAL,0.0,0.0,0.0,20.8,35.6,0.0,3.2,GOOD
2026-06-03T00:15:00+05:30,PUNE_CENTRAL,0.0,0.0,0.0,21.2,36.1,0.0,3.4,GOOD
2026-06-03T00:30:00+05:30,PUNE_CENTRAL,0.0,0.0,0.0,20.6,40.0,0.0,3.5,GOOD
2026-06-03T00:45:00+05:30,PUNE_CENTRAL,0.0,0.0,0.0,20.1,45.1,0.0,3.7,GOOD
2026-06-03T01:00:00+05:30,PUNE_CENTRAL,0.0,0.0,0.0,20.0,42.3,0.0,2.7,GOOD
2026-06-03T01:15:00+05:30,PUNE_CENTRAL,0.0,0.0,0.0,20,44.1,0.0,3.7,GOOD
2026-06-03T01:30:00+05:30,PUNE_CENTRAL,0.0,0.0,0.0,21.3,41.6,0.0,2.9,GOOD
2026-06-03T01:45:00+05:30,PUNE_CENTRAL,0.0,0.0,0.0,20.9,40.2,0.0,2.9,GOOD
2026-06-03T02:00:00+05:30,PUNE_CENTRAL,0.0,0.0,0.0,21.6,46.0,0.0,2.5,GOOD
2026-06-03T02:15:00+05:30,PUNE_CENTRAL,0.0,0.0,0.0,20.1,41.3,0.0,3.3,GOOD
2026-06-03T02:30:00+05:30,PUNE_CENTRAL,0.0,0.0,0.0,20.7,36.0,0.0,3.0,GOOD
2026-06-03T02:45:00+05:30,PUNE_CENTRAL,0.0,0.0,0.0,20,39.2,0.0,2.0,GOOD
2026-06-03T03:00:00+05:30,PUNE_CENTRAL,0.0,0.0,0.0,20,43.7,0.0,3.1,GOOD
2026-06-03T03:15:00+05:30,PUNE_CENTRAL,0.0,0.0,0.0,20.8,44.8,0.0,3.0,GOOD
2026-06-03T03:30:00+05:30,PUNE_CENTRAL,0.0,0.0,0.0,21.7,42.6,0.0,3.3,GOOD
2026-06-03T03:45:00+05:30,PUNE_CENTRAL,0.0,0.0,0.0,20.2,40.8,0.0,3.2,GOOD
2026-06-03T04:00:00+05:30,PUNE_CENTRAL,0.0,0.0,0.0,21.6,37.6,0.0,3.0,GOOD
2026-06-03T04:15:00+05:30,PUNE_CENTRAL,0.0,0.0,0.0,20.5,44.1,0.0,2.4,GOOD
2026-06-03T04:30:00+05:30,PUNE_CENTRAL,0.0,0.0,0.0,20,39.8,0.0,2.3,GOOD
2026-06-03T04:45:00+05:30,PUNE_CENTRAL,0.0,0.0,0.0,21.4,35.1,0.0,2.7,GOOD
2026-06-03T05:00:00+05:30,PUNE_CENTRAL,0.0,0.0,0.0,22.1,30.8,0.0,3.6,GOOD
2026-06-03T05:15:00+05:30,PUNE_CENTRAL,0.0,0.0,0.0,21.6,32.4,0.0,1.4,GOOD
2026-06-03T05:30:00+05:30,PUNE_CENTRAL,0.0,0.0,0.0,23.2,30.7,0.0,2.8,GOOD
2026-06-03T05:45:00+05:30,PUNE_CENTRAL,0.0,0.0,0.0,22.6,31.8,0.0,1.9,GOOD
2026-06-03T06:00:00+05:30,PUNE_CENTRAL,0.0,0.0,0.0,23.3,33.4,0.0,3.4,GOOD
2026-06-03T06:15:00+05:30,PUNE_CENTRAL,0.0,0.0,0.0,23.0,35.4,0.0,3.5,GOOD
2026-06-03T06:30:00+05:30,PUNE_CENTRAL,79.5,403.9,30.3,23.3,35.6,0.0,3.1,GOOD
2026-06-03T06:45:00+05:30,PUNE_CENTRAL,118.9,431.0,46.3,22.3,36.9,0.0,1.6,GOOD
2026-06-03T07:00:00+05:30,PUNE_CENTRAL,189.5,536.8,68.4,24.5,32.5,0.0,3.6,GOOD
2026-06-03T07:15:00+05:30,PUNE_CENTRAL,225.3,525.5,77.0,25.0,29.5,0.0,2.6,GOOD
2026-06-03T07:30:00+05:30,PUNE_CENTRAL,284.7,553.8,97.4,24.9,29.6,0.0,1.6,GOOD
2026-06-03T07:45:00+05:30,PUNE_CENTRAL,338.1,554.7,119.9,24.5,31.5,0.0,3.1,GOOD
2026-06-03T08:00:00+05:30,PUNE_CENTRAL,375.7,535.3,136.3,25.1,32.7,0.0,3.7,GOOD
2026-06-03T08:15:00+05:30,PUNE_CENTRAL,442.1,548.3,168.0,26.7,35.4,0.0,2.6,GOOD
2026-06-03T08:30:00+05:30,PUNE_CENTRAL,515.0,617.6,174.9,26.0,29.2,0.0,2.9,GOOD
2026-06-03T08:45:00+05:30,PUNE_CENTRAL,545.0,593.1,189.2,28.7,30.3,0.0,2.0,GOOD
2026-06-03T09:00:00+05:30,PUNE_CENTRAL,611.5,636.9,199.5,28.3,27.1,0.0,2.9,GOOD
2026-06-03T09:15:00+05:30,PUNE_CENTRAL,671.5,632.4,234.1,29.2,30.6,0.0,3.2,GOOD
2026-06-03T09:30:00+05:30,PUNE_CENTRAL,666.0,560.6,254.6,28.7,35.7,0.0,3.1,GOOD
2026-06-03T09:45:00+05:30,PUNE_CENTRAL,718.4,588.9,262.8,30.3,33.2,0.0,2.7,GOOD
2026-06-03T10:00:00+05:30,PUNE_CENTRAL,755.8,572.4,291.8,29.1,36.3,0.0,2.4,GOOD
2026-06-03T10:15:00+05:30,PUNE_CENTRAL,798.7,589.7,300.6,30.5,34.8,0.0,2.4,GOOD
2026-06-03T10:30:00+05:30,PUNE_CENTRAL,830.8,595.3,309.6,29.6,34.3,0.0,3.1,GOOD
2026-06-03T10:45:00+05:30,PUNE_CENTRAL,846.7,574.5,327.9,29.2,36.5,0.0,2.0,GOOD
2026-06-03T11:00:00+05:30,PUNE_CENTRAL,890.3,565.9,365.6,29.1,40.1,0.0,3.2,GOOD
2026-06-03T11:15:00+05:30,PUNE_CENTRAL,911.7,569.4,371.8,29.1,39.7,0.0,2.7,GOOD
2026-06-03T11:30:00+05:30,PUNE_CENTRAL,919.6,568.1,371.2,31.1,39.0,0.0,2.1,GOOD
2026-06-03T11:45:00+05:30,PUNE_CENTRAL,922.8,555.0,379.4,31.8,40.2,0.0,2.2,GOOD
2026-06-03T12:00:00+05:30,PUNE_CENTRAL,971.4,577.7,400.0,31.6,40.3,0.0,4.4,GOOD
2026-06-03T12:15:00+05:30,PUNE_CENTRAL,962.6,580.7,384.6,29.9,38.4,0.0,4.5,GOOD
2026-06-03T12:30:00+05:30,PUNE_CENTRAL,963.8,557.7,407.3,29.1,41.9,0.0,2.7,GOOD
2026-06-03T12:45:00+05:30,PUNE_CENTRAL,934.4,515.6,420.6,31.0,46.2,0.0,1.7,GOOD
2026-06-03T13:00:00+05:30,PUNE_CENTRAL,955.1,565.3,394.5,31.7,40.5,0.0,3.1,GOOD
2026-06-03T13:15:00+05:30,PUNE_CENTRAL,980.7,637.2,354.5,31.2,32.5,0.0,3.6,GOOD
2026-06-03T13:30:00+05:30,PUNE_CENTRAL,948.1,615.1,351.3,30.2,33.9,0.0,3.2,GOOD
2026-06-03T13:45:00+05:30,PUNE_CENTRAL,924.0,609.8,342.1,31.4,33.9,0.0,3.1,GOOD
2026-06-03T14:00:00+05:30,PUNE_CENTRAL,909.3,621.0,328.8,29.8,32.6,0.0,2.5,GOOD
2026-06-03T14:15:00+05:30,PUNE_CENTRAL,898.6,632.6,322.0,32.4,32.0,0.0,3.2,GOOD
2026-06-03T14:30:00+05:30,PUNE_CENTRAL,863.4,620.7,314.0,30.2,32.9,0.0,3.4,GOOD
2026-06-03T14:45:00+05:30,PUNE_CENTRAL,821.3,602.8,305.8,29.8,34.2,0.0,2.5,GOOD
2026-06-03T15:00:00+05:30,PUNE_CENTRAL,750.4,526.1,317.8,29.8,42.1,0.0,3.0,GOOD
2026-06-03T15:15:00+05:30,PUNE_CENTRAL,743.7,532.6,324.9,30.6,44.1,0.0,3.3,GOOD
2026-06-03T15:30:00+05:30,PUNE_CENTRAL,674.4,501.0,299.9,29.1,45.3,0.0,3.7,GOOD
2026-06-03T15:45:00+05:30,PUNE_CENTRAL,623.5,442.2,311.2,28.5,53.7,0.0,3.3,GOOD
2026-06-03T16:00:00+05:30,PUNE_CENTRAL,541.4,406.6,272.2,27.9,54.3,0.0,3.1,GOOD
2026-06-03T16:15:00+05:30,PUNE_CENTRAL,509.4,395.5,265.8,28.8,57.2,0.0,3.1,GOOD
2026-06-03T16:30:00+05:30,PUNE_CENTRAL,409.3,307.1,235.0,27.9,65.3,0.0,3.7,GOOD
2026-06-03T16:45:00+05:30,PUNE_CENTRAL,356.9,300.1,201.7,26.8,63.9,0.0,3.8,GOOD
2026-06-03T17:00:00+05:30,PUNE_CENTRAL,339.5,313.6,193.6,25.0,64.7,0.0,2.8,GOOD
2026-06-03T17:15:00+05:30,PUNE_CENTRAL,280.3,298.8,157.3,26.5,63.3,0.0,2.7,GOOD
2026-06-03T17:30:00+05:30,PUNE_CENTRAL,227.5,269.8,131.2,26.6,65.7,0.0,5.5,GOOD
2026-06-03T17:45:00+05:30,PUNE_CENTRAL,174.7,246.4,100.4,25.9,65.4,0.0,4.7,GOOD
2026-06-03T18:00:00+05:30,PUNE_CENTRAL,152.5,253.3,90.6,25.0,68.3,0.0,4.7,GOOD
2026-06-03T18:15:00+05:30,PUNE_CENTRAL,119.6,275.4,68.0,24.6,64.3,0.0,4.3,GOOD
2026-06-03T18:30:00+05:30,PUNE_CENTRAL,71.4,239.7,40.2,25.1,63.5,0.0,2.7,GOOD
2026-06-03T18:45:00+05:30,PUNE_CENTRAL,24.7,82.1,14.6,24.1,68.3,0.0,4.2,GOOD
2026-06-03T19:00:00+05:30,PUNE_CENTRAL,1.0,3.8,0.6,24.3,63.3,0.0,3.2,GOOD
2026-06-03T19:15:00+05:30,PUNE_CENTRAL,0.0,0.0,0.0,22.4,54.7,0.0,4.2,GOOD
2026-06-03T19:30:00+05:30,PUNE_CENTRAL,0.0,0.0,0.0,23.3,60.9,0.0,3.8,GOOD
2026-06-03T19:45:00+05:30,PUNE_CENTRAL,0.0,0.0,0.0,21.7,63.3,0.0,3.5,GOOD
2026-06-03T20:00:00+05:30,PUNE_CENTRAL,0.0,0.0,0.0,22.2,64.2,0.0,3.2,GOOD
2026-06-03T20:15:00+05:30,PUNE_CENTRAL,0.0,0.0,0.0,21.5,65.3,0.0,2.5,GOOD
2026-06-03T20:30:00+05:30,PUNE_CENTRAL,0.0,0.0,0.0,20,61.5,0.0,3.7,GOOD
2026-06-03T20:45:00+05:30,PUNE_CENTRAL,0.0,0.0,0.0,20,54.7,0.0,3.7,GOOD
2026-06-03T21:00:00+05:30,PUNE_CENTRAL,0.0,0.0,0.0,20.1,54.4,0.0,3.8,GOOD
2026-06-03T21:15:00+05:30,PUNE_CENTRAL,0.0,0.0,0.0,20,50.8,0.0,2.7,GOOD
2026-06-03T21:30:00+05:30,PUNE_CENTRAL,0.0,0.0,0.0,21.5,49.5,0.0,3.7,GOOD
2026-06-03T21:45:00+05:30,PUNE_CENTRAL,0.0,0.0,0.0,20.1,51.9,0.0,4.4,GOOD
2026-06-03T22:00:00+05:30,PUNE_CENTRAL,0.0,0.0,0.0,22.2,50.9,0.0,2.2,GOOD
2026-06-03T22:15:00+05:30,PUNE_CENTRAL,0.0,0.0,0.0,20.3,50.0,0.0,3.2,GOOD
2026-06-03T22:30:00+05:30,PUNE_CENTRAL,0.0,0.0,0.0,20,55.3,0.0,2.8,GOOD
2026-06-03T22:45:00+05:30,PUNE_CENTRAL,0.0,0.0,0.0,20.4,54.2,0.0,3.5,GOOD
2026-06-03T23:00:00+05:30,PUNE_CENTRAL,0.0,0.0,0.0,20,56.4,0.0,4.1,GOOD
2026-06-03T23:15:00+05:30,PUNE_CENTRAL,0.0,0.0,0.0,21.4,56.1,0.0,2.9,GOOD
2026-06-03T23:30:00+05:30,PUNE_CENTRAL,0.0,0.0,0.0,20.3,53.8,0.0,3.0,GOOD
2026-06-03T23:45:00+05:30,PUNE_CENTRAL,0.0,0.0,0.0,20,57.4,0.0,4.2,GOOD
2026-06-04T00:00:00+05:30,PUNE_CENTRAL,0.0,0.0,0.0,20,75.4,0.0,3.8,GOOD
2026-06-04T00:15:00+05:30,PUNE_CENTRAL,0.0,0.0,0.0,20,76.8,0.0,3.7,GOOD
2026-06-04T00:30:00+05:30,PUNE_CENTRAL,0.0,0.0,0.0,20,81.1,0.0,4.7,GOOD
2026-06-04T00:45:00+05:30,PUNE_CENTRAL,0.0,0.0,0.0,20,84.5,0.0,3.5,GOOD
2026-06-04T01:00:00+05:30,PUNE_CENTRAL,0.0,0.0,0.0,20,79.4,0.0,3.6,GOOD
2026-06-04T01:15:00+05:30,PUNE_CENTRAL,0.0,0.0,0.0,20.7,74.2,0.0,2.8,GOOD
2026-06-04T01:30:00+05:30,PUNE_CENTRAL,0.0,0.0,0.0,20,73.7,0.0,3.1,GOOD
2026-06-04T01:45:00+05:30,PUNE_CENTRAL,0.0,0.0,0.0,20.6,71.1,0.0,2.8,GOOD
2026-06-04T02:00:00+05:30,PUNE_CENTRAL,0.0,0.0,0.0,20,77.1,0.0,3.9,GOOD
2026-06-04T02:15:00+05:30,PUNE_CENTRAL,0.0,0.0,0.0,20,80.0,0.0,3.7,GOOD
2026-06-04T02:30:00+05:30,PUNE_CENTRAL,0.0,0.0,0.0,20,85.7,0.0,4.3,GOOD
2026-06-04T02:45:00+05:30,PUNE_CENTRAL,0.0,0.0,0.0,20,84.6,0.0,3.6,GOOD
2026-06-04T03:00:00+05:30,PUNE_CENTRAL,0.0,0.0,0.0,20.5,86.8,0.0,4.2,GOOD
2026-06-04T03:15:00+05:30,PUNE_CENTRAL,0.0,0.0,0.0,20,76.4,0.0,3.7,GOOD
2026-06-04T03:30:00+05:30,PUNE_CENTRAL,0.0,0.0,0.0,20,74.7,0.0,3.3,GOOD
2026-06-04T03:45:00+05:30,PUNE_CENTRAL,0.0,0.0,0.0,20,73.9,0.0,3.8,GOOD
2026-06-04T04:00:00+05:30,PUNE_CENTRAL,0.0,0.0,0.0,20.4,67.5,0.0,3.0,GOOD
2026-06-04T04:15:00+05:30,PUNE_CENTRAL,0.0,0.0,0.0,20.6,61.3,0.0,4.0,GOOD
2026-06-04T04:30:00+05:30,PUNE_CENTRAL,0.0,0.0,0.0,20,64.4,0.0,4.8,GOOD
2026-06-04T04:45:00+05:30,PUNE_CENTRAL,0.0,0.0,0.0,20,65.0,0.0,3.9,GOOD
2026-06-04T05:00:00+05:30,PUNE_CENTRAL,0.0,0.0,0.0,20,67.9,0.0,2.9,GOOD
2026-06-04T05:15:00+05:30,PUNE_CENTRAL,0.0,0.0,0.0,20.8,61.3,0.0,3.5,GOOD
2026-06-04T05:30:00+05:30,PUNE_CENTRAL,0.0,0.0,0.0,22.1,61.3,0.0,2.5,GOOD
2026-06-04T05:45:00+05:30,PUNE_CENTRAL,0.0,0.0,0.0,20.6,66.4,0.0,4.1,GOOD
2026-06-04T06:00:00+05:30,PUNE_CENTRAL,0.0,0.0,0.0,22.3,68.2,0.0,4.4,GOOD
2026-06-04T06:15:00+05:30,PUNE_CENTRAL,13.4,44.3,8.0,20.3,68.9,0.0,3.6,GOOD
2026-06-04T06:30:00+05:30,PUNE_CENTRAL,57.8,189.7,34.6,21.7,69.2,0.0,4.1,GOOD
2026-06-04T06:45:00+05:30,PUNE_CENTRAL,92.3,197.7,59.1,22.3,75.4,0.0,4.0,GOOD
2026-06-04T07:00:00+05:30,PUNE_CENTRAL,108.5,172.5,69.7,22.9,75.7,0.0,3.7,GOOD
2026-06-04T07:15:00+05:30,PUNE_CENTRAL,124.2,160.9,78.8,23.2,74.5,0.0,3.9,GOOD
2026-06-04T07:30:00+05:30,PUNE_CENTRAL,167.0,177.7,106.9,23.8,75.4,0.0,3.4,GOOD
2026-06-04T07:45:00+05:30,PUNE_CENTRAL,210.6,201.7,131.3,23.5,72.8,0.0,4.1,GOOD
2026-06-04T08:00:00+05:30,PUNE_CENTRAL,225.6,199.8,136.3,25.4,69.9,0.0,3.2,GOOD
2026-06-04T08:15:00+05:30,PUNE_CENTRAL,299.6,255.5,172.0,25.8,65.2,0.0,3.7,GOOD
2026-06-04T08:30:00+05:30,PUNE_CENTRAL,331.7,262.7,187.1,27.4,63.7,0.0,3.9,GOOD
2026-06-04T08:45:00+05:30,PUNE_CENTRAL,384.6,289.7,210.9,26.2,61.3,0.0,1.9,GOOD
2026-06-04T09:00:00+05:30,PUNE_CENTRAL,420.0,281.2,238.1,27.1,64.2,0.0,3.4,GOOD
2026-06-04T09:15:00+05:30,PUNE_CENTRAL,440.6,284.9,243.7,27.4,62.0,0.0,3.5,GOOD
2026-06-04T09:30:00+05:30,PUNE_CENTRAL,485.9,290.9,272.5,27.5,63.2,0.0,4.1,GOOD
2026-06-04T09:45:00+05:30,PUNE_CENTRAL,476.9,266.6,270.6,28.7,64.2,0.0,4.0,GOOD
2026-06-04T10:00:00+05:30,PUNE_CENTRAL,552.2,305.2,304.9,25.9,61.9,0.0,3.5,GOOD
2026-06-04T10:15:00+05:30,PUNE_CENTRAL,550.8,287.0,308.6,28.8,63.1,0.0,3.6,GOOD
2026-06-04T10:30:00+05:30,PUNE_CENTRAL,581.8,300.3,319.1,29.2,61.3,0.0,3.8,GOOD
2026-06-04T10:45:00+05:30,PUNE_CENTRAL,599.3,299.9,328.6,27.6,61.3,0.0,2.8,GOOD
2026-06-04T11:00:00+05:30,PUNE_CENTRAL,620.4,302.3,340.2,30.0,61.3,0.0,3.9,GOOD
2026-06-04T11:15:00+05:30,PUNE_CENTRAL,562.9,235.7,339.6,30.5,69.7,0.0,4.2,GOOD
2026-06-04T11:30:00+05:30,PUNE_CENTRAL,587.1,241.3,354.2,31.0,69.7,0.0,3.4,GOOD
2026-06-04T11:45:00+05:30,PUNE_CENTRAL,561.2,217.0,348.8,30.5,72.5,0.0,4.4,GOOD
2026-06-04T12:00:00+05:30,PUNE_CENTRAL,570.5,208.5,364.3,29.5,75.2,0.0,4.4,GOOD
2026-06-04T12:15:00+05:30,PUNE_CENTRAL,566.2,206.8,360.4,29.6,74.9,0.0,3.9,GOOD
2026-06-04T12:30:00+05:30,PUNE_CENTRAL,623.4,259.7,364.3,29.0,66.8,0.0,3.7,GOOD
2026-06-04T12:45:00+05:30,PUNE_CENTRAL,637.9,273.8,365.1,30.6,65.0,0.0,4.5,GOOD
2026-06-04T13:00:00+05:30,PUNE_CENTRAL,641.2,274.8,368.8,30.7,65.4,0.0,2.8,GOOD
2026-06-04T13:15:00+05:30,PUNE_CENTRAL,664.2,299.7,369.7,29.8,62.5,0.0,3.7,GOOD
2026-06-04T13:30:00+05:30,PUNE_CENTRAL,609.0,268.6,348.3,28.8,64.9,0.0,3.4,GOOD
2026-06-04T13:45:00+05:30,PUNE_CENTRAL,597.1,242.3,365.9,29.9,71.2,0.0,3.1,GOOD
2026-06-04T14:00:00+05:30,PUNE_CENTRAL,517.1,198.6,331.4,28.7,75.5,0.0,3.4,GOOD
2026-06-04T14:15:00+05:30,PUNE_CENTRAL,481.3,182.6,314.8,28.6,77.5,0.0,3.3,GOOD
2026-06-04T14:30:00+05:30,PUNE_CENTRAL,466.7,178.4,308.8,29.4,78.7,0.0,4.3,GOOD
2026-06-04T14:45:00+05:30,PUNE_CENTRAL,429.1,170.1,283.5,27.3,78.6,0.0,3.0,GOOD
2026-06-04T15:00:00+05:30,PUNE_CENTRAL,394.9,159.0,264.1,30.3,79.8,0.0,4.6,GOOD
2026-06-04T15:15:00+05:30,PUNE_CENTRAL,383.4,162.1,255.8,27.9,79.6,0.0,4.4,GOOD
2026-06-04T15:30:00+05:30,PUNE_CENTRAL,349.6,157.9,231.4,28.4,78.8,0.0,4.3,GOOD
2026-06-04T15:45:00+05:30,PUNE_CENTRAL,397.2,213.0,246.7,28.2,72.5,0.0,3.6,GOOD
2026-06-04T16:00:00+05:30,PUNE_CENTRAL,344.1,182.7,223.0,27.8,76.6,0.0,3.3,GOOD
2026-06-04T16:15:00+05:30,PUNE_CENTRAL,336.4,208.0,208.1,27.3,72.1,0.0,4.0,GOOD
2026-06-04T16:30:00+05:30,PUNE_CENTRAL,324.0,210.1,204.6,27.1,74.1,0.0,2.8,GOOD
2026-06-04T16:45:00+05:30,PUNE_CENTRAL,234.6,152.6,155.5,28.6,78.9,0.0,3.0,GOOD
2026-06-04T17:00:00+05:30,PUNE_CENTRAL,221.2,172.8,140.7,26.3,74.8,0.0,3.3,GOOD
2026-06-04T17:15:00+05:30,PUNE_CENTRAL,189.8,164.1,122.1,26.4,75.9,0.0,3.8,GOOD
2026-06-04T17:30:00+05:30,PUNE_CENTRAL,162.1,154.8,106.6,26.0,78.2,0.0,4.0,GOOD
2026-06-04T17:45:00+05:30,PUNE_CENTRAL,120.4,117.7,84.9,25.3,85.3,0.0,4.5,GOOD
2026-06-04T18:00:00+05:30,PUNE_CENTRAL,73.9,88.8,52.0,25.4,85.3,0.0,3.5,GOOD
2026-06-04T18:15:00+05:30,PUNE_CENTRAL,59.9,95.7,41.9,22.8,84.4,0.0,3.3,GOOD
2026-06-04T18:30:00+05:30,PUNE_CENTRAL,28.2,64.7,19.7,24.7,84.4,0.0,2.7,GOOD
2026-06-04T18:45:00+05:30,PUNE_CENTRAL,53.0,122.1,38.2,22.8,87.6,0.0,4.0,GOOD
2026-06-04T19:00:00+05:30,PUNE_CENTRAL,27.1,60.3,19.7,23.4,89.0,0.0,5.8,GOOD
2026-06-04T19:15:00+05:30,PUNE_CENTRAL,0.0,0.0,0.0,21.5,84.3,0.0,4.0,GOOD
2026-06-04T19:30:00+05:30,PUNE_CENTRAL,0.0,0.0,0.0,22.4,77.3,0.0,3.6,GOOD
2026-06-04T19:45:00+05:30,PUNE_CENTRAL,0.0,0.0,0.0,21.8,73.9,0.0,4.1,GOOD
2026-06-04T20:00:00+05:30,PUNE_CENTRAL,0.0,0.0,0.0,21.2,76.5,0.0,3.7,GOOD
2026-06-04T20:15:00+05:30,PUNE_CENTRAL,0.0,0.0,0.0,21.3,73.8,0.0,3.8,GOOD
2026-06-04T20:30:00+05:30,PUNE_CENTRAL,0.0,0.0,0.0,20.5,78.4,0.0,3.2,GOOD
2026-06-04T20:45:00+05:30,PUNE_CENTRAL,0.0,0.0,0.0,20,77.9,0.0,4.9,GOOD
2026-06-04T21:00:00+05:30,PUNE_CENTRAL,0.0,0.0,0.0,20,71.0,0.0,3.1,GOOD
2026-06-04T21:15:00+05:30,PUNE_CENTRAL,0.0,0.0,0.0,20,69.6,0.0,4.1,GOOD
2026-06-04T21:30:00+05:30,PUNE_CENTRAL,0.0,0.0,0.0,20.2,69.0,0.0,3.9,GOOD
2026-06-04T21:45:00+05:30,PUNE_CENTRAL,0.0,0.0,0.0,20,74.2,0.0,3.8,GOOD
2026-06-04T22:00:00+05:30,PUNE_CENTRAL,0.0,0.0,0.0,20.3,84.7,0.0,4.0,GOOD
2026-06-04T22:15:00+05:30,PUNE_CENTRAL,0.0,0.0,0.0,20,82.8,0.0,3.6,GOOD
2026-06-04T22:30:00+05:30,PUNE_CENTRAL,0.0,0.0,0.0,20,79.9,0.0,3.2,GOOD
2026-06-04T22:45:00+05:30,PUNE_CENTRAL,0.0,0.0,0.0,20,83.1,0.0,4.6,GOOD
2026-06-04T23:00:00+05:30,PUNE_CENTRAL,0.0,0.0,0.0,20,86.6,0.0,3.6,GOOD
2026-06-04T23:15:00+05:30,PUNE_CENTRAL,0.0,0.0,0.0,20,86.9,0.0,3.8,GOOD
2026-06-04T23:30:00+05:30,PUNE_CENTRAL,0.0,0.0,0.0,20,83.6,0.0,3.2,GOOD
2026-06-04T23:45:00+05:30,PUNE_CENTRAL,0.0,0.0,0.0,20,82.3,0.0,3.3,GOOD
2026-06-05T00:00:00+05:30,PUNE_CENTRAL,0.0,0.0,0.0,20.9,43.8,0.0,3.3,GOOD
2026-06-05T00:15:00+05:30,PUNE_CENTRAL,0.0,0.0,0.0,20.7,44.4,0.0,3.0,GOOD
2026-06-05T00:30:00+05:30,PUNE_CENTRAL,0.0,0.0,0.0,21.6,45.2,0.0,2.5,GOOD
2026-06-05T00:45:00+05:30,PUNE_CENTRAL,0.0,0.0,0.0,20.5,45.8,0.0,3.5,GOOD
2026-06-05T01:00:00+05:30,PUNE_CENTRAL,0.0,0.0,0.0,20.0,40.8,0.0,2.9,GOOD
2026-06-05T01:15:00+05:30,PUNE_CENTRAL,0.0,0.0,0.0,21.9,44.2,0.0,4.1,GOOD
2026-06-05T01:30:00+05:30,PUNE_CENTRAL,0.0,0.0,0.0,20,50.7,0.0,3.3,GOOD
2026-06-05T01:45:00+05:30,PUNE_CENTRAL,0.0,0.0,0.0,22.1,44.3,0.0,2.5,GOOD
2026-06-05T02:00:00+05:30,PUNE_CENTRAL,0.0,0.0,0.0,20,43.1,0.0,2.7,GOOD
2026-06-05T02:15:00+05:30,PUNE_CENTRAL,0.0,0.0,0.0,20.3,37.1,0.0,3.2,GOOD
2026-06-05T02:30:00+05:30,PUNE_CENTRAL,0.0,0.0,0.0,20,35.3,0.0,3.0,GOOD
2026-06-05T02:45:00+05:30,PUNE_CENTRAL,0.0,0.0,0.0,20,37.4,0.0,1.8,GOOD
2026-06-05T03:00:00+05:30,PUNE_CENTRAL,0.0,0.0,0.0,20.4,34.8,0.0,3.3,GOOD
2026-06-05T03:15:00+05:30,PUNE_CENTRAL,0.0,0.0,0.0,21.1,36.1,0.0,1.3,GOOD
2026-06-05T03:30:00+05:30,PUNE_CENTRAL,0.0,0.0,0.0,21.6,36.8,0.0,2.7,GOOD
2026-06-05T03:45:00+05:30,PUNE_CENTRAL,0.0,0.0,0.0,21.3,33.8,0.0,3.2,GOOD
2026-06-05T04:00:00+05:30,PUNE_CENTRAL,0.0,0.0,0.0,20.6,32.3,0.0,2.9,GOOD
2026-06-05T04:15:00+05:30,PUNE_CENTRAL,0.0,0.0,0.0,20,32.7,0.0,3.2,GOOD
2026-06-05T04:30:00+05:30,PUNE_CENTRAL,0.0,0.0,0.0,20,31.9,0.0,2.4,GOOD
2026-06-05T04:45:00+05:30,PUNE_CENTRAL,0.0,0.0,0.0,20.1,35.0,0.0,3.2,GOOD
2026-06-05T05:00:00+05:30,PUNE_CENTRAL,0.0,0.0,0.0,21.6,32.8,0.0,2.8,GOOD
2026-06-05T05:15:00+05:30,PUNE_CENTRAL,0.0,0.0,0.0,21.3,25.4,0.0,2.3,GOOD
2026-06-05T05:30:00+05:30,PUNE_CENTRAL,0.0,0.0,0.0,21.0,27.5,0.0,3.8,GOOD
2026-06-05T05:45:00+05:30,PUNE_CENTRAL,0.0,0.0,0.0,22.5,25.5,0.0,3.4,GOOD
2026-06-05T06:00:00+05:30,PUNE_CENTRAL,0.0,0.0,0.0,23.0,26.9,0.0,3.3,GOOD
2026-06-05T06:15:00+05:30,PUNE_CENTRAL,36.8,210.8,11.1,23.8,23.3,0.0,3.2,GOOD
2026-06-05T06:30:00+05:30,PUNE_CENTRAL,73.6,421.8,22.2,24.2,23.3,0.0,2.7,GOOD
2026-06-05T06:45:00+05:30,PUNE_CENTRAL,138.9,525.6,50.6,24.5,32.9,0.0,2.7,GOOD
2026-06-05T07:00:00+05:30,PUNE_CENTRAL,139.6,418.7,45.3,23.9,26.8,0.0,4.7,GOOD
2026-06-05T07:15:00+05:30,PUNE_CENTRAL,227.9,540.5,75.6,23.3,27.9,0.0,2.2,GOOD
2026-06-05T07:30:00+05:30,PUNE_CENTRAL,279.8,568.4,87.8,25.1,25.2,0.0,2.4,GOOD
2026-06-05T07:45:00+05:30,PUNE_CENTRAL,349.3,589.4,117.7,25.7,28.8,0.0,2.8,GOOD
2026-06-05T08:00:00+05:30,PUNE_CENTRAL,381.5,558.7,131.9,26.4,30.1,0.0,3.8,GOOD
2026-06-05T08:15:00+05:30,PUNE_CENTRAL,441.2,588.0,147.7,26.3,28.4,0.0,3.6,GOOD
2026-06-05T08:30:00+05:30,PUNE_CENTRAL,501.2,599.4,171.4,26.6,29.5,0.0,1.8,GOOD
2026-06-05T08:45:00+05:30,PUNE_CENTRAL,542.2,563.5,204.6,26.9,35.0,0.0,2.5,GOOD
2026-06-05T09:00:00+05:30,PUNE_CENTRAL,583.6,559.7,222.0,26.8,35.4,0.0,2.2,GOOD
2026-06-05T09:15:00+05:30,PUNE_CENTRAL,644.5,613.5,220.6,28.6,29.6,0.0,3.3,GOOD
2026-06-05T09:30:00+05:30,PUNE_CENTRAL,707.1,638.2,239.2,29.0,29.0,0.0,2.8,GOOD
2026-06-05T09:45:00+05:30,PUNE_CENTRAL,768.5,641.7,272.5,29.6,31.5,0.0,3.0,GOOD
2026-06-05T10:00:00+05:30,PUNE_CENTRAL,730.1,542.1,291.0,29.6,38.2,0.0,3.3,GOOD
2026-06-05T10:15:00+05:30,PUNE_CENTRAL,807.1,609.3,293.0,29.6,32.8,0.0,2.6,GOOD
2026-06-05T10:30:00+05:30,PUNE_CENTRAL,832.4,626.5,284.4,28.1,29.5,0.0,2.7,GOOD
2026-06-05T10:45:00+05:30,PUNE_CENTRAL,891.6,662.8,293.5,29.8,27.6,0.0,1.6,GOOD
2026-06-05T11:00:00+05:30,PUNE_CENTRAL,915.0,649.1,313.6,29.7,29.6,0.0,2.7,GOOD
2026-06-05T11:15:00+05:30,PUNE_CENTRAL,927.1,637.7,322.9,29.2,30.5,0.0,2.4,GOOD
2026-06-05T11:30:00+05:30,PUNE_CENTRAL,964.4,654.6,332.9,29.6,30.0,0.0,2.0,GOOD
2026-06-05T11:45:00+05:30,PUNE_CENTRAL,950.2,615.9,347.5,30.7,33.2,0.0,3.0,GOOD
2026-06-05T12:00:00+05:30,PUNE_CENTRAL,948.2,567.2,387.5,31.3,39.8,0.0,3.6,GOOD
2026-06-05T12:15:00+05:30,PUNE_CENTRAL,959.8,564.5,398.2,31.1,40.8,0.0,2.7,GOOD
2026-06-05T12:30:00+05:30,PUNE_CENTRAL,969.8,577.2,394.1,32.2,39.4,0.0,3.5,GOOD
2026-06-05T12:45:00+05:30,PUNE_CENTRAL,971.1,608.8,364.5,30.5,34.7,0.0,3.3,GOOD
2026-06-05T13:00:00+05:30,PUNE_CENTRAL,968.0,588.9,384.2,32.0,38.0,0.0,3.7,GOOD
2026-06-05T13:15:00+05:30,PUNE_CENTRAL,964.1,604.1,370.4,31.9,36.0,0.0,3.0,GOOD
2026-06-05T13:30:00+05:30,PUNE_CENTRAL,937.4,565.8,388.3,31.0,40.6,0.0,2.7,GOOD
2026-06-05T13:45:00+05:30,PUNE_CENTRAL,913.7,591.1,349.4,31.4,35.8,0.0,3.3,GOOD
2026-06-05T14:00:00+05:30,PUNE_CENTRAL,873.4,530.2,377.7,31.0,43.4,0.0,3.5,GOOD
2026-06-05T14:15:00+05:30,PUNE_CENTRAL,857.7,553.0,353.4,30.6,40.3,0.0,3.2,GOOD
2026-06-05T14:30:00+05:30,PUNE_CENTRAL,841.8,547.4,357.1,30.4,42.2,0.0,3.3,GOOD
2026-06-05T14:45:00+05:30,PUNE_CENTRAL,711.8,400.3,369.2,29.3,56.7,0.0,3.2,GOOD
2026-06-05T15:00:00+05:30,PUNE_CENTRAL,639.0,332.5,365.3,28.9,64.9,0.0,3.1,GOOD
2026-06-05T15:15:00+05:30,PUNE_CENTRAL,591.9,299.3,356.2,28.4,69.5,0.0,3.1,GOOD
2026-06-05T15:30:00+05:30,PUNE_CENTRAL,577.2,331.3,329.2,28.1,64.7,0.0,3.3,GOOD
2026-06-05T15:45:00+05:30,PUNE_CENTRAL,521.6,303.4,307.0,29.2,67.5,0.0,4.1,GOOD
2026-06-05T16:00:00+05:30,PUNE_CENTRAL,497.5,319.0,285.9,28.2,65.3,0.0,4.0,GOOD
2026-06-05T16:15:00+05:30,PUNE_CENTRAL,446.6,309.1,255.8,27.5,65.0,0.0,3.8,GOOD
2026-06-05T16:30:00+05:30,PUNE_CENTRAL,450.7,366.8,242.0,26.9,59.5,0.0,3.5,GOOD
2026-06-05T16:45:00+05:30,PUNE_CENTRAL,397.2,354.6,213.2,27.7,59.5,0.0,5.4,GOOD
2026-06-05T17:00:00+05:30,PUNE_CENTRAL,374.5,371.6,201.0,25.2,59.5,0.0,2.3,GOOD
2026-06-05T17:15:00+05:30,PUNE_CENTRAL,307.6,353.2,161.5,25.5,57.7,0.0,2.7,GOOD
2026-06-05T17:30:00+05:30,PUNE_CENTRAL,249.4,306.6,139.4,27.1,62.9,0.0,4.1,GOOD
2026-06-05T17:45:00+05:30,PUNE_CENTRAL,210.4,307.4,117.2,25.1,62.6,0.0,3.8,GOOD
2026-06-05T18:00:00+05:30,PUNE_CENTRAL,151.0,266.6,85.1,26.2,63.7,0.0,3.1,GOOD
2026-06-05T18:15:00+05:30,PUNE_CENTRAL,152.9,376.4,81.5,24.5,58.9,0.0,3.5,GOOD
2026-06-05T18:30:00+05:30,PUNE_CENTRAL,96.9,291.1,58.3,23.0,69.5,0.0,3.0,GOOD
2026-06-05T18:45:00+05:30,PUNE_CENTRAL,30.6,100.9,18.3,23.6,69.0,0.0,3.8,GOOD
2026-06-05T19:00:00+05:30,PUNE_CENTRAL,9.0,29.4,5.5,22.8,69.8,0.0,4.4,GOOD
2026-06-05T19:15:00+05:30,PUNE_CENTRAL,0.0,0.0,0.0,22.9,66.2,0.0,2.6,GOOD
2026-06-05T19:30:00+05:30,PUNE_CENTRAL,0.0,0.0,0.0,21.6,60.9,0.0,3.3,GOOD
2026-06-05T19:45:00+05:30,PUNE_CENTRAL,0.0,0.0,0.0,22.3,60.0,0.0,3.4,GOOD
2026-06-05T20:00:00+05:30,PUNE_CENTRAL,0.0,0.0,0.0,22.5,59.0,0.0,3.7,GOOD
2026-06-05T20:15:00+05:30,PUNE_CENTRAL,0.0,0.0,0.0,20.5,61.3,0.0,4.7,GOOD
2026-06-05T20:30:00+05:30,PUNE_CENTRAL,0.0,0.0,0.0,21.5,62.4,0.0,3.2,GOOD
2026-06-05T20:45:00+05:30,PUNE_CENTRAL,0.0,0.0,0.0,21.3,62.3,0.0,4.1,GOOD
2026-06-05T21:00:00+05:30,PUNE_CENTRAL,0.0,0.0,0.0,20,61.7,0.0,3.2,GOOD
2026-06-05T21:15:00+05:30,PUNE_CENTRAL,0.0,0.0,0.0,20.6,60.0,0.0,3.3,GOOD
2026-06-05T21:30:00+05:30,PUNE_CENTRAL,0.0,0.0,0.0,20.2,56.3,0.0,4.3,GOOD
2026-06-05T21:45:00+05:30,PUNE_CENTRAL,0.0,0.0,0.0,22.0,52.6,0.0,3.1,GOOD
2026-06-05T22:00:00+05:30,PUNE_CENTRAL,0.0,0.0,0.0,21.2,54.5,0.0,4.0,GOOD
2026-06-05T22:15:00+05:30,PUNE_CENTRAL,0.0,0.0,0.0,20.1,54.4,0.0,3.3,GOOD
2026-06-05T22:30:00+05:30,PUNE_CENTRAL,0.0,0.0,0.0,20.3,58.3,0.0,2.5,GOOD
2026-06-05T22:45:00+05:30,PUNE_CENTRAL,0.0,0.0,0.0,20,54.4,0.0,2.3,GOOD
2026-06-05T23:00:00+05:30,PUNE_CENTRAL,0.0,0.0,0.0,20,49.7,0.0,3.3,GOOD
2026-06-05T23:15:00+05:30,PUNE_CENTRAL,0.0,0.0,0.0,20.1,56.2,0.0,2.3,GOOD
2026-06-05T23:30:00+05:30,PUNE_CENTRAL,0.0,0.0,0.0,21.3,49.5,0.0,4.4,GOOD
2026-06-05T23:45:00+05:30,PUNE_CENTRAL,0.0,0.0,0.0,20.6,51.7,0.0,2.7,GOOD
2026-06-06T00:00:00+05:30,PUNE_CENTRAL,0.0,0.0,0.0,20,87.3,0.0,3.6,GOOD
2026-06-06T00:15:00+05:30,PUNE_CENTRAL,0.0,0.0,0.0,20,93.3,0.0,3.5,GOOD
2026-06-06T00:30:00+05:30,PUNE_CENTRAL,0.0,0.0,0.0,20,86.7,0.0,3.9,GOOD
2026-06-06T00:45:00+05:30,PUNE_CENTRAL,0.0,0.0,0.0,20,83.1,0.0,4.7,GOOD
2026-06-06T01:00:00+05:30,PUNE_CENTRAL,0.0,0.0,0.0,20,81.6,0.0,4.6,GOOD
2026-06-06T01:15:00+05:30,PUNE_CENTRAL,0.0,0.0,0.0,20,83.7,0.0,4.3,GOOD
2026-06-06T01:30:00+05:30,PUNE_CENTRAL,0.0,0.0,0.0,20.4,78.2,0.0,3.4,GOOD
2026-06-06T01:45:00+05:30,PUNE_CENTRAL,0.0,0.0,0.0,20,76.1,0.0,4.7,GOOD
2026-06-06T02:00:00+05:30,PUNE_CENTRAL,0.0,0.0,0.0,20,79.5,0.0,1.9,GOOD
2026-06-06T02:15:00+05:30,PUNE_CENTRAL,0.0,0.0,0.0,20.3,78.8,0.0,4.7,GOOD
2026-06-06T02:30:00+05:30,PUNE_CENTRAL,0.0,0.0,0.0,20,75.9,0.0,3.7,GOOD
2026-06-06T02:45:00+05:30,PUNE_CENTRAL,0.0,0.0,0.0,20,77.1,0.0,3.5,GOOD
2026-06-06T03:00:00+05:30,PUNE_CENTRAL,0.0,0.0,0.0,20,73.4,0.0,3.9,GOOD
2026-06-06T03:15:00+05:30,PUNE_CENTRAL,0.0,0.0,0.0,20.9,79.0,0.0,4.6,GOOD
2026-06-06T03:30:00+05:30,PUNE_CENTRAL,0.0,0.0,0.0,20,83.5,0.0,4.7,GOOD
2026-06-06T03:45:00+05:30,PUNE_CENTRAL,0.0,0.0,0.0,20,79.2,0.0,3.0,GOOD
2026-06-06T04:00:00+05:30,PUNE_CENTRAL,0.0,0.0,0.0,20,82.6,0.0,4.0,GOOD
2026-06-06T04:15:00+05:30,PUNE_CENTRAL,0.0,0.0,0.0,20,81.6,0.0,3.7,GOOD
2026-06-06T04:30:00+05:30,PUNE_CENTRAL,0.0,0.0,0.0,20.5,88.9,0.0,3.9,GOOD
2026-06-06T04:45:00+05:30,PUNE_CENTRAL,0.0,0.0,0.0,20.3,92.4,0.0,5.5,GOOD
2026-06-06T05:00:00+05:30,PUNE_CENTRAL,0.0,0.0,0.0,20,88.0,0.0,4.5,GOOD
2026-06-06T05:15:00+05:30,PUNE_CENTRAL,0.0,0.0,0.0,20,92.5,0.0,4.7,GOOD
2026-06-06T05:30:00+05:30,PUNE_CENTRAL,0.0,0.0,0.0,20,88.6,0.0,4.5,GOOD
2026-06-06T05:45:00+05:30,PUNE_CENTRAL,0.0,0.0,0.0,20,84.2,0.0,4.7,GOOD
2026-06-06T06:00:00+05:30,PUNE_CENTRAL,0.0,0.0,0.0,21.2,79.3,0.0,3.5,GOOD
2026-06-06T06:15:00+05:30,PUNE_CENTRAL,0.1,0.2,0.0,20.3,75.6,0.0,2.2,GOOD
2026-06-06T06:30:00+05:30,PUNE_CENTRAL,38.6,111.5,25.0,22.4,76.7,0.0,2.6,GOOD
2026-06-06T06:45:00+05:30,PUNE_CENTRAL,91.9,182.9,61.2,21.3,79.3,0.0,3.3,GOOD
2026-06-06T07:00:00+05:30,PUNE_CENTRAL,125.5,200.5,80.3,22.2,75.4,0.0,5.0,GOOD
2026-06-06T07:15:00+05:30,PUNE_CENTRAL,143.3,184.9,91.2,23.4,74.9,0.0,3.2,GOOD
2026-06-06T07:30:00+05:30,PUNE_CENTRAL,157.6,183.3,95.8,23.6,70.4,0.0,3.7,GOOD
2026-06-06T07:45:00+05:30,PUNE_CENTRAL,208.1,199.8,129.7,24.4,72.8,0.0,4.3,GOOD
2026-06-06T08:00:00+05:30,PUNE_CENTRAL,229.9,194.8,142.9,23.2,72.6,0.0,3.8,GOOD
2026-06-06T08:15:00+05:30,PUNE_CENTRAL,295.0,235.4,177.6,26.3,69.5,0.0,3.9,GOOD
2026-06-06T08:30:00+05:30,PUNE_CENTRAL,269.6,179.2,171.1,25.7,74.6,0.0,3.6,GOOD
2026-06-06T08:45:00+05:30,PUNE_CENTRAL,332.5,220.8,200.3,25.8,69.6,0.0,2.0,GOOD
2026-06-06T09:00:00+05:30,PUNE_CENTRAL,381.6,239.6,226.9,26.4,68.4,0.0,2.9,GOOD
2026-06-06T09:15:00+05:30,PUNE_CENTRAL,412.8,238.0,248.4,28.1,69.5,0.0,4.1,GOOD
2026-06-06T09:30:00+05:30,PUNE_CENTRAL,461.5,257.5,272.8,28.1,67.9,0.0,3.3,GOOD
2026-06-06T09:45:00+05:30,PUNE_CENTRAL,518.4,303.1,284.3,27.2,61.3,0.0,3.1,GOOD
2026-06-06T10:00:00+05:30,PUNE_CENTRAL,526.6,293.8,288.7,29.6,61.3,0.0,3.1,GOOD
2026-06-06T10:15:00+05:30,PUNE_CENTRAL,570.3,305.4,312.7,27.9,61.3,0.0,3.5,GOOD
2026-06-06T10:30:00+05:30,PUNE_CENTRAL,572.9,286.6,322.2,26.9,63.5,0.0,4.2,GOOD
2026-06-06T10:45:00+05:30,PUNE_CENTRAL,586.3,293.6,321.5,30.0,61.3,0.0,4.8,GOOD
2026-06-06T11:00:00+05:30,PUNE_CENTRAL,597.4,277.4,340.5,29.4,64.6,0.0,3.5,GOOD
2026-06-06T11:15:00+05:30,PUNE_CENTRAL,631.9,280.2,366.5,30.5,66.2,0.0,4.9,GOOD
2026-06-06T11:30:00+05:30,PUNE_CENTRAL,569.7,225.8,352.0,29.6,72.0,0.0,5.0,GOOD
2026-06-06T11:45:00+05:30,PUNE_CENTRAL,566.6,217.8,353.5,29.2,72.9,0.0,2.9,GOOD
2026-06-06T12:00:00+05:30,PUNE_CENTRAL,578.4,223.5,357.5,28.5,72.0,0.0,4.8,GOOD
2026-06-06T12:15:00+05:30,PUNE_CENTRAL,580.8,219.1,362.9,30.4,73.0,0.0,3.9,GOOD
2026-06-06T12:30:00+05:30,PUNE_CENTRAL,603.5,228.9,375.2,29.3,72.6,0.0,3.0,GOOD
2026-06-06T12:45:00+05:30,PUNE_CENTRAL,630.9,258.5,373.4,30.1,68.0,0.0,4.2,GOOD
2026-06-06T13:00:00+05:30,PUNE_CENTRAL,630.6,269.6,363.3,31.1,65.6,0.0,4.1,GOOD
2026-06-06T13:15:00+05:30,PUNE_CENTRAL,636.7,270.7,370.7,29.1,66.5,0.0,2.9,GOOD
2026-06-06T13:30:00+05:30,PUNE_CENTRAL,605.2,255.2,357.5,29.9,67.8,0.0,3.8,GOOD
2026-06-06T13:45:00+05:30,PUNE_CENTRAL,552.2,216.3,345.8,29.4,73.3,0.0,4.0,GOOD
2026-06-06T14:00:00+05:30,PUNE_CENTRAL,541.8,209.7,345.7,29.4,75.1,0.0,4.1,GOOD
2026-06-06T14:15:00+05:30,PUNE_CENTRAL,559.2,225.1,353.8,29.5,74.3,0.0,4.0,GOOD
2026-06-06T14:30:00+05:30,PUNE_CENTRAL,528.1,238.5,316.9,29.6,69.2,0.0,3.3,GOOD
2026-06-06T14:45:00+05:30,PUNE_CENTRAL,522.0,242.9,314.0,29.4,69.5,0.0,2.7,GOOD
2026-06-06T15:00:00+05:30,PUNE_CENTRAL,522.3,266.5,302.9,27.3,66.1,0.24,4.8,GOOD
2026-06-06T15:15:00+05:30,PUNE_CENTRAL,474.8,242.0,284.1,27.9,69.0,0.0,4.1,GOOD
2026-06-06T15:30:00+05:30,PUNE_CENTRAL,431.4,228.4,260.3,28.4,69.7,0.0,3.7,GOOD
2026-06-06T15:45:00+05:30,PUNE_CENTRAL,403.6,227.8,242.3,27.5,69.3,0.0,3.3,GOOD
2026-06-06T16:00:00+05:30,PUNE_CENTRAL,400.3,251.1,233.5,28.0,66.7,0.0,3.6,GOOD
2026-06-06T16:15:00+05:30,PUNE_CENTRAL,353.5,248.7,199.8,26.6,63.9,0.0,3.0,GOOD
2026-06-06T16:30:00+05:30,PUNE_CENTRAL,330.7,244.0,191.6,27.7,66.1,0.0,4.0,GOOD
2026-06-06T16:45:00+05:30,PUNE_CENTRAL,303.8,236.5,180.9,28.7,68.5,0.0,3.4,GOOD
2026-06-06T17:00:00+05:30,PUNE_CENTRAL,240.5,196.6,148.5,25.7,71.9,0.0,3.8,GOOD
2026-06-06T17:15:00+05:30,PUNE_CENTRAL,214.7,192.6,134.9,25.7,73.6,0.0,2.9,GOOD
2026-06-06T17:30:00+05:30,PUNE_CENTRAL,144.9,131.4,97.6,25.1,80.5,0.0,3.7,GOOD
2026-06-06T17:45:00+05:30,PUNE_CENTRAL,124.6,125.4,86.4,24.3,83.6,0.0,4.6,GOOD
2026-06-06T18:00:00+05:30,PUNE_CENTRAL,99.9,118.2,70.6,23.5,85.7,0.0,3.8,GOOD
2026-06-06T18:15:00+05:30,PUNE_CENTRAL,55.9,80.1,40.6,23.9,88.6,0.0,3.9,GOOD
2026-06-06T18:30:00+05:30,PUNE_CENTRAL,68.5,156.5,47.6,22.2,83.7,0.0,3.8,GOOD
2026-06-06T18:45:00+05:30,PUNE_CENTRAL,32.8,75.9,23.5,24.1,87.4,0.0,3.1,GOOD
2026-06-06T19:00:00+05:30,PUNE_CENTRAL,17.9,38.4,13.2,21.5,90.6,0.0,4.8,GOOD
2026-06-06T19:15:00+05:30,PUNE_CENTRAL,0.0,0.0,0.0,22.1,90.8,0.0,3.9,GOOD
2026-06-06T19:30:00+05:30,PUNE_CENTRAL,0.0,0.0,0.0,20.4,88.2,0.0,4.0,GOOD
2026-06-06T19:45:00+05:30,PUNE_CENTRAL,0.0,0.0,0.0,20.2,89.8,0.0,3.5,GOOD
2026-06-06T20:00:00+05:30,PUNE_CENTRAL,0.0,0.0,0.0,21.7,88.4,0.0,5.0,GOOD
2026-06-06T20:15:00+05:30,PUNE_CENTRAL,0.0,0.0,0.0,21.2,89.3,0.0,4.0,GOOD
2026-06-06T20:30:00+05:30,PUNE_CENTRAL,0.0,0.0,0.0,21.2,86.3,0.0,3.6,GOOD
2026-06-06T20:45:00+05:30,PUNE_CENTRAL,0.0,0.0,0.0,20.0,81.6,0.0,4.1,GOOD
2026-06-06T21:00:00+05:30,PUNE_CENTRAL,0.0,0.0,0.0,20,76.1,0.0,3.5,GOOD
2026-06-06T21:15:00+05:30,PUNE_CENTRAL,0.0,0.0,0.0,20,76.7,0.0,2.7,GOOD
2026-06-06T21:30:00+05:30,PUNE_CENTRAL,0.0,0.0,0.0,20,77.6,0.0,3.8,GOOD
2026-06-06T21:45:00+05:30,PUNE_CENTRAL,0.0,0.0,0.0,20,80.5,0.0,3.2,GOOD
2026-06-06T22:00:00+05:30,PUNE_CENTRAL,0.0,0.0,0.0,20,84.0,0.0,2.8,GOOD
2026-06-06T22:15:00+05:30,PUNE_CENTRAL,0.0,0.0,0.0,20,91.1,0.0,4.8,GOOD
2026-06-06T22:30:00+05:30,PUNE_CENTRAL,0.0,0.0,0.0,20,86.1,0.0,3.2,GOOD
2026-06-06T22:45:00+05:30,PUNE_CENTRAL,0.0,0.0,0.0,20,90.3,0.0,4.6,GOOD
2026-06-06T23:00:00+05:30,PUNE_CENTRAL,0.0,0.0,0.0,20,90.0,0.0,4.2,GOOD
2026-06-06T23:15:00+05:30,PUNE_CENTRAL,0.0,0.0,0.0,20,92.9,0.0,4.2,GOOD
2026-06-06T23:30:00+05:30,PUNE_CENTRAL,0.0,0.0,0.0,20,87.4,0.0,2.7,GOOD
2026-06-06T23:45:00+05:30,PUNE_CENTRAL,0.0,0.0,0.0,20,84.8,0.0,5.1,GOOD
2026-06-07T00:00:00+05:30,PUNE_CENTRAL,0.0,0.0,0.0,20,78.5,0.0,4.1,GOOD
2026-06-07T00:15:00+05:30,PUNE_CENTRAL,0.0,0.0,0.0,20,77.1,0.0,3.9,GOOD
2026-06-07T00:30:00+05:30,PUNE_CENTRAL,0.0,0.0,0.0,20,78.3,0.0,4.4,GOOD
2026-06-07T00:45:00+05:30,PUNE_CENTRAL,0.0,0.0,0.0,20.5,75.3,0.0,3.4,GOOD
2026-06-07T01:00:00+05:30,PUNE_CENTRAL,0.0,0.0,0.0,20,76.6,0.0,2.1,GOOD
2026-06-07T01:15:00+05:30,PUNE_CENTRAL,0.0,0.0,0.0,20.0,80.4,0.0,3.4,GOOD
2026-06-07T01:30:00+05:30,PUNE_CENTRAL,0.0,0.0,0.0,20,85.7,0.0,3.6,GOOD
2026-06-07T01:45:00+05:30,PUNE_CENTRAL,0.0,0.0,0.0,20,85.7,0.0,3.7,GOOD
2026-06-07T02:00:00+05:30,PUNE_CENTRAL,0.0,0.0,0.0,20,82.7,0.0,4.0,GOOD
2026-06-07T02:15:00+05:30,PUNE_CENTRAL,0.0,0.0,0.0,20.3,80.5,0.0,4.0,GOOD
2026-06-07T02:30:00+05:30,PUNE_CENTRAL,0.0,0.0,0.0,20,94.0,0.39,5.8,GOOD
2026-06-07T02:45:00+05:30,PUNE_CENTRAL,0.0,0.0,0.0,20,77.4,0.0,3.6,GOOD
2026-06-07T03:00:00+05:30,PUNE_CENTRAL,0.0,0.0,0.0,20,91.8,2.91,6.3,GOOD
2026-06-07T03:15:00+05:30,PUNE_CENTRAL,0.0,0.0,0.0,20,90.7,0.0,5.0,GOOD
2026-06-07T03:30:00+05:30,PUNE_CENTRAL,0.0,0.0,0.0,20,92.6,0.0,4.4,GOOD
2026-06-07T03:45:00+05:30,PUNE_CENTRAL,0.0,0.0,0.0,20,95.2,0.0,4.7,GOOD
2026-06-07T04:00:00+05:30,PUNE_CENTRAL,0.0,0.0,0.0,20,100,0.0,4.4,GOOD
2026-06-07T04:15:00+05:30,PUNE_CENTRAL,0.0,0.0,0.0,20,99.2,0.0,4.1,GOOD
2026-06-07T04:30:00+05:30,PUNE_CENTRAL,0.0,0.0,0.0,20,95.6,0.0,4.2,GOOD
2026-06-07T04:45:00+05:30,PUNE_CENTRAL,0.0,0.0,0.0,20,97.7,0.0,3.8,GOOD
2026-06-07T05:00:00+05:30,PUNE_CENTRAL,0.0,0.0,0.0,20,99.1,0.0,4.1,GOOD
2026-06-07T05:15:00+05:30,PUNE_CENTRAL,0.0,0.0,0.0,20,100,0.0,4.4,GOOD
2026-06-07T05:30:00+05:30,PUNE_CENTRAL,0.0,0.0,0.0,20,100,0.0,5.2,GOOD
2026-06-07T05:45:00+05:30,PUNE_CENTRAL,0.0,0.0,0.0,20,97.0,0.0,3.9,GOOD
2026-06-07T06:00:00+05:30,PUNE_CENTRAL,0.0,0.0,0.0,20,98.5,0.0,5.5,GOOD
2026-06-07T06:15:00+05:30,PUNE_CENTRAL,16.4,26.9,13.1,20.8,100,0.0,4.8,GOOD
2026-06-07T06:30:00+05:30,PUNE_CENTRAL,18.8,37.8,14.2,20.4,93.1,0.0,3.5,GOOD
2026-06-07T06:45:00+05:30,PUNE_CENTRAL,50.0,73.1,37.7,20.2,93.0,0.0,4.2,GOOD
2026-06-07T07:00:00+05:30,PUNE_CENTRAL,40.5,45.7,30.2,21.9,91.7,0.0,3.4,GOOD
2026-06-07T07:15:00+05:30,PUNE_CENTRAL,74.8,64.8,56.6,22.7,93.3,0.0,4.9,GOOD
2026-06-07T07:30:00+05:30,PUNE_CENTRAL,42.1,26.0,33.3,23.7,98.7,0.0,4.0,GOOD
2026-06-07T07:45:00+05:30,PUNE_CENTRAL,50.6,25.8,40.5,23.4,100,0.0,4.4,GOOD
2026-06-07T08:00:00+05:30,PUNE_CENTRAL,47.7,21.4,38.2,23.0,100,0.0,4.6,GOOD
2026-06-07T08:15:00+05:30,PUNE_CENTRAL,126.8,64.5,94.7,22.7,91.8,0.0,4.4,GOOD
2026-06-07T08:30:00+05:30,PUNE_CENTRAL,143.0,69.0,105.1,25.5,90.0,0.0,4.1,GOOD
2026-06-07T08:45:00+05:30,PUNE_CENTRAL,175.8,79.2,128.3,24.3,89.3,0.0,4.2,GOOD
2026-06-07T09:00:00+05:30,PUNE_CENTRAL,144.9,56.9,108.1,25.5,91.8,0.0,3.2,GOOD
2026-06-07T09:15:00+05:30,PUNE_CENTRAL,187.9,69.6,139.9,26.2,91.5,0.0,5.1,GOOD
2026-06-07T09:30:00+05:30,PUNE_CENTRAL,154.3,49.0,118.5,25.6,95.0,0.0,3.8,GOOD
2026-06-07T09:45:00+05:30,PUNE_CENTRAL,165.5,51.1,126.0,26.6,94.1,0.0,4.2,GOOD
2026-06-07T10:00:00+05:30,PUNE_CENTRAL,177.3,51.0,136.1,28.1,95.0,0.0,3.1,GOOD
2026-06-07T10:15:00+05:30,PUNE_CENTRAL,173.1,46.9,133.5,26.0,95.6,0.0,4.4,GOOD
2026-06-07T10:30:00+05:30,PUNE_CENTRAL,164.9,43.6,126.8,27.0,95.2,0.0,3.7,GOOD
2026-06-07T10:45:00+05:30,PUNE_CENTRAL,233.3,67.6,172.3,28.5,90.6,0.0,4.7,GOOD
2026-06-07T11:00:00+05:30,PUNE_CENTRAL,268.2,79.0,195.0,27.9,88.8,0.0,3.2,GOOD
2026-06-07T11:15:00+05:30,PUNE_CENTRAL,238.8,69.4,173.1,29.0,88.4,0.0,3.9,GOOD
2026-06-07T11:30:00+05:30,PUNE_CENTRAL,342.4,113.9,232.6,28.9,81.4,0.0,4.8,GOOD
2026-06-07T11:45:00+05:30,PUNE_CENTRAL,361.3,120.2,243.7,29.8,80.7,0.0,3.3,GOOD
2026-06-07T12:00:00+05:30,PUNE_CENTRAL,399.9,143.9,257.8,29.9,76.1,0.0,2.9,GOOD
2026-06-07T12:15:00+05:30,PUNE_CENTRAL,359.8,115.8,244.6,29.1,81.5,0.0,3.4,GOOD
2026-06-07T12:30:00+05:30,PUNE_CENTRAL,382.9,124.6,258.6,29.6,80.9,0.0,4.6,GOOD
2026-06-07T12:45:00+05:30,PUNE_CENTRAL,403.2,139.4,264.3,29.4,77.8,0.0,3.7,GOOD
2026-06-07T13:00:00+05:30,PUNE_CENTRAL,376.9,130.2,247.8,28.8,78.1,0.0,4.1,GOOD
2026-06-07T13:15:00+05:30,PUNE_CENTRAL,264.6,75.8,190.1,30.7,87.4,0.0,4.7,GOOD
2026-06-07T13:30:00+05:30,PUNE_CENTRAL,334.3,110.7,226.9,29.8,81.3,0.0,4.3,GOOD
2026-06-07T13:45:00+05:30,PUNE_CENTRAL,298.1,88.5,213.6,26.7,87.2,0.0,3.8,GOOD
2026-06-07T14:00:00+05:30,PUNE_CENTRAL,266.7,78.7,193.1,28.7,88.3,0.0,4.2,GOOD
2026-06-07T14:15:00+05:30,PUNE_CENTRAL,156.9,43.3,117.4,25.4,92.0,1.09,5.8,GOOD
2026-06-07T14:30:00+05:30,PUNE_CENTRAL,207.4,56.1,157.6,26.3,93.9,0.0,5.8,GOOD
2026-06-07T14:45:00+05:30,PUNE_CENTRAL,113.9,27.6,90.2,25.8,98.8,0.95,3.3,GOOD
2026-06-07T15:00:00+05:30,PUNE_CENTRAL,190.5,58.4,142.4,28.0,91.9,0.0,3.8,GOOD
2026-06-07T15:15:00+05:30,PUNE_CENTRAL,57.9,15.8,45.4,26.5,97.6,1.43,5.5,GOOD
2026-06-07T15:30:00+05:30,PUNE_CENTRAL,119.0,36.0,92.0,25.8,95.9,0.0,4.2,GOOD
2026-06-07T15:45:00+05:30,PUNE_CENTRAL,57.0,16.1,45.6,23.5,100,0.56,5.0,GOOD
2026-06-07T16:00:00+05:30,PUNE_CENTRAL,102.1,32.2,80.7,25.8,98.5,0.0,4.7,GOOD
2026-06-07T16:15:00+05:30,PUNE_CENTRAL,83.3,27.2,66.5,26.7,99.7,0.0,4.1,GOOD
2026-06-07T16:30:00+05:30,PUNE_CENTRAL,57.1,20.0,45.7,26.6,100,0.0,4.3,GOOD
2026-06-07T16:45:00+05:30,PUNE_CENTRAL,81.6,31.3,65.3,26.5,100,0.0,5.1,GOOD
2026-06-07T17:00:00+05:30,PUNE_CENTRAL,22.2,9.5,17.8,22.2,99.9,0.05,6.2,GOOD
2026-06-07T17:15:00+05:30,PUNE_CENTRAL,67.8,33.1,54.1,24.1,99.6,0.0,2.9,GOOD
2026-06-07T17:30:00+05:30,PUNE_CENTRAL,31.8,17.6,25.5,24.6,100,0.0,3.5,GOOD
2026-06-07T17:45:00+05:30,PUNE_CENTRAL,9.5,6.2,7.6,21.5,100,1.64,5.3,GOOD
2026-06-07T18:00:00+05:30,PUNE_CENTRAL,40.5,32.5,32.4,23.5,100,0.0,4.3,GOOD
2026-06-07T18:15:00+05:30,PUNE_CENTRAL,10.2,10.9,8.1,23.9,99.3,0.0,4.2,GOOD
2026-06-07T18:30:00+05:30,PUNE_CENTRAL,11.3,16.7,9.0,23.2,100,0.0,3.1,GOOD
2026-06-07T18:45:00+05:30,PUNE_CENTRAL,0.0,0.0,0.0,22.3,95.8,0.0,4.3,GOOD
2026-06-07T19:00:00+05:30,PUNE_CENTRAL,25.0,53.4,18.4,21.9,90.6,0.0,4.7,GOOD
2026-06-07T19:15:00+05:30,PUNE_CENTRAL,0.0,0.0,0.0,22.1,92.5,0.0,3.3,GOOD
2026-06-07T19:30:00+05:30,PUNE_CENTRAL,0.0,0.0,0.0,21.3,90.1,0.0,3.9,GOOD
2026-06-07T19:45:00+05:30,PUNE_CENTRAL,0.0,0.0,0.0,21.4,97.2,0.0,5.1,GOOD
2026-06-07T20:00:00+05:30,PUNE_CENTRAL,0.0,0.0,0.0,20,94.7,1.44,4.8,GOOD
2026-06-07T20:15:00+05:30,PUNE_CENTRAL,0.0,0.0,0.0,21.7,95.1,0.0,5.0,GOOD
2026-06-07T20:30:00+05:30,PUNE_CENTRAL,0.0,0.0,0.0,20.4,89.2,0.0,3.9,GOOD
2026-06-07T20:45:00+05:30,PUNE_CENTRAL,0.0,0.0,0.0,20,94.2,0.0,3.2,GOOD
2026-06-07T21:00:00+05:30,PUNE_CENTRAL,0.0,0.0,0.0,20,97.5,0.0,4.8,GOOD
2026-06-07T21:15:00+05:30,PUNE_CENTRAL,0.0,0.0,0.0,20,94.5,0.0,5.6,GOOD
2026-06-07T21:30:00+05:30,PUNE_CENTRAL,0.0,0.0,0.0,20,95.6,1.61,5.1,GOOD
2026-06-07T21:45:00+05:30,PUNE_CENTRAL,0.0,0.0,0.0,20,94.2,0.0,4.8,GOOD
2026-06-07T22:00:00+05:30,PUNE_CENTRAL,0.0,0.0,0.0,20,100,0.0,4.1,GOOD
2026-06-07T22:15:00+05:30,PUNE_CENTRAL,0.0,0.0,0.0,20,100,0.0,3.5,GOOD
2026-06-07T22:30:00+05:30,PUNE_CENTRAL,0.0,0.0,0.0,20,97.3,0.0,4.4,GOOD
2026-06-07T22:45:00+05:30,PUNE_CENTRAL,0.0,0.0,0.0,20,90.1,0.0,3.8,GOOD
2026-06-07T23:00:00+05:30,PUNE_CENTRAL,0.0,0.0,0.0,20,90.5,0.0,3.6,GOOD
2026-06-07T23:15:00+05:30,PUNE_CENTRAL,0.0,0.0,0.0,20,92.9,0.0,4.2,GOOD
2026-06-07T23:30:00+05:30,PUNE_CENTRAL,0.0,0.0,0.0,20,94.6,0.0,3.7,GOOD
2026-06-07T23:45:00+05:30,PUNE_CENTRAL,0.0,0.0,0.0,20,97.2,0.0,4.1,GOOD
2026-06-08T00:00:00+05:30,PUNE_CENTRAL,0.0,0.0,0.0,20,94.4,0.0,4.0,GOOD
2026-06-08T00:15:00+05:30,PUNE_CENTRAL,0.0,0.0,0.0,20,99.9,0.3,6.2,GOOD
2026-06-08T00:30:00+05:30,PUNE_CENTRAL,0.0,0.0,0.0,20,93.4,0.0,4.3,GOOD
2026-06-08T00:45:00+05:30,PUNE_CENTRAL,0.0,0.0,0.0,20,92.3,0.0,4.9,GOOD
2026-06-08T01:00:00+05:30,PUNE_CENTRAL,0.0,0.0,0.0,20,95.4,0.0,3.4,GOOD
2026-06-08T01:15:00+05:30,PUNE_CENTRAL,0.0,0.0,0.0,20,93.5,0.0,4.0,GOOD
2026-06-08T01:30:00+05:30,PUNE_CENTRAL,0.0,0.0,0.0,20,89.5,0.0,3.5,GOOD
2026-06-08T01:45:00+05:30,PUNE_CENTRAL,0.0,0.0,0.0,20,95.6,0.83,5.4,GOOD
2026-06-08T02:00:00+05:30,PUNE_CENTRAL,0.0,0.0,0.0,20,93.5,0.0,4.3,GOOD
2026-06-08T02:15:00+05:30,PUNE_CENTRAL,0.0,0.0,0.0,20,94.8,0.0,3.2,GOOD
2026-06-08T02:30:00+05:30,PUNE_CENTRAL,0.0,0.0,0.0,20,92.2,0.58,5.8,GOOD
2026-06-08T02:45:00+05:30,PUNE_CENTRAL,0.0,0.0,0.0,20,98.8,1.17,4.1,GOOD
2026-06-08T03:00:00+05:30,PUNE_CENTRAL,0.0,0.0,0.0,20,88.6,0.0,3.5,GOOD
2026-06-08T03:15:00+05:30,PUNE_CENTRAL,0.0,0.0,0.0,20,88.6,0.0,4.7,GOOD
2026-06-08T03:30:00+05:30,PUNE_CENTRAL,0.0,0.0,0.0,20,85.1,0.0,4.1,GOOD
2026-06-08T03:45:00+05:30,PUNE_CENTRAL,0.0,0.0,0.0,20,82.3,0.0,3.1,GOOD
2026-06-08T04:00:00+05:30,PUNE_CENTRAL,0.0,0.0,0.0,20,85.1,0.0,3.4,GOOD
2026-06-08T04:15:00+05:30,PUNE_CENTRAL,0.0,0.0,0.0,21.0,83.4,0.0,2.6,GOOD
2026-06-08T04:30:00+05:30,PUNE_CENTRAL,0.0,0.0,0.0,20,87.3,0.0,4.0,GOOD
2026-06-08T04:45:00+05:30,PUNE_CENTRAL,0.0,0.0,0.0,20,83.7,0.0,4.7,GOOD
2026-06-08T05:00:00+05:30,PUNE_CENTRAL,0.0,0.0,0.0,20,84.9,0.0,2.6,GOOD
2026-06-08T05:15:00+05:30,PUNE_CENTRAL,0.0,0.0,0.0,20.8,85.1,0.0,2.7,GOOD
2026-06-08T05:30:00+05:30,PUNE_CENTRAL,0.0,0.0,0.0,20,86.7,0.0,4.4,GOOD
2026-06-08T05:45:00+05:30,PUNE_CENTRAL,0.0,0.0,0.0,20,83.4,0.0,3.6,GOOD
2026-06-08T06:00:00+05:30,PUNE_CENTRAL,0.0,0.0,0.0,20.8,79.2,0.0,2.0,GOOD
2026-06-08T06:15:00+05:30,PUNE_CENTRAL,25.8,66.8,17.6,22.0,82.1,0.0,3.5,GOOD
2026-06-08T06:30:00+05:30,PUNE_CENTRAL,66.1,174.8,44.8,21.9,81.2,0.0,3.8,GOOD
2026-06-08T06:45:00+05:30,PUNE_CENTRAL,48.2,103.8,30.8,22.3,75.3,0.0,4.6,GOOD
2026-06-08T07:00:00+05:30,PUNE_CENTRAL,35.2,55.2,22.8,22.3,76.6,0.0,3.3,GOOD
2026-06-08T07:15:00+05:30,PUNE_CENTRAL,85.0,101.6,56.5,23.6,79.1,0.0,3.7,GOOD
2026-06-08T07:30:00+05:30,PUNE_CENTRAL,90.0,85.0,61.4,23.5,81.8,0.0,3.7,GOOD
2026-06-08T07:45:00+05:30,PUNE_CENTRAL,136.3,107.9,94.0,23.7,83.0,0.0,3.2,GOOD
2026-06-08T08:00:00+05:30,PUNE_CENTRAL,137.4,89.8,97.4,24.2,86.0,0.0,3.0,GOOD
2026-06-08T08:15:00+05:30,PUNE_CENTRAL,164.2,109.5,109.7,25.6,79.7,0.0,2.4,GOOD
2026-06-08T08:30:00+05:30,PUNE_CENTRAL,173.4,106.9,114.7,26.6,78.7,0.0,4.0,GOOD
2026-06-08T08:45:00+05:30,PUNE_CENTRAL,231.7,133.4,152.0,24.9,77.8,0.0,4.2,GOOD
2026-06-08T09:00:00+05:30,PUNE_CENTRAL,219.3,122.6,140.2,26.7,75.3,0.0,2.4,GOOD
2026-06-08T09:15:00+05:30,PUNE_CENTRAL,266.5,139.4,170.4,27.4,75.3,0.0,4.2,GOOD
2026-06-08T09:30:00+05:30,PUNE_CENTRAL,278.8,132.3,182.0,27.1,77.4,0.0,3.1,GOOD
2026-06-08T09:45:00+05:30,PUNE_CENTRAL,331.9,150.8,215.5,26.3,76.8,0.0,3.9,GOOD
2026-06-08T10:00:00+05:30,PUNE_CENTRAL,287.7,114.4,195.2,26.9,81.3,0.0,3.5,GOOD
2026-06-08T10:15:00+05:30,PUNE_CENTRAL,344.4,147.4,220.2,27.9,75.3,0.0,4.7,GOOD
2026-06-08T10:30:00+05:30,PUNE_CENTRAL,358.1,143.1,233.1,28.9,77.1,0.0,4.9,GOOD
2026-06-08T10:45:00+05:30,PUNE_CENTRAL,348.2,126.0,234.6,27.9,80.6,0.0,4.5,GOOD
2026-06-08T11:00:00+05:30,PUNE_CENTRAL,339.3,118.2,229.8,29.5,81.2,0.0,2.7,GOOD
2026-06-08T11:15:00+05:30,PUNE_CENTRAL,370.2,139.5,238.2,28.0,75.9,0.0,3.3,GOOD
2026-06-08T11:30:00+05:30,PUNE_CENTRAL,351.8,118.0,238.2,29.8,81.1,0.0,4.0,GOOD
2026-06-08T11:45:00+05:30,PUNE_CENTRAL,365.3,123.1,244.9,30.8,80.1,0.0,4.6,GOOD
2026-06-08T12:00:00+05:30,PUNE_CENTRAL,337.7,105.9,233.0,27.9,83.1,0.0,3.8,GOOD
2026-06-08T12:15:00+05:30,PUNE_CENTRAL,290.3,81.3,209.5,29.6,87.9,0.0,3.5,GOOD
2026-06-08T12:30:00+05:30,PUNE_CENTRAL,306.2,84.6,221.9,28.6,88.4,0.0,3.6,GOOD
2026-06-08T12:45:00+05:30,PUNE_CENTRAL,279.1,76.1,203.3,29.0,89.0,0.0,3.9,GOOD
2026-06-08T13:00:00+05:30,PUNE_CENTRAL,256.3,67.7,189.2,28.9,90.5,0.0,5.2,GOOD
2026-06-08T13:15:00+05:30,PUNE_CENTRAL,281.4,77.7,205.0,28.7,89.0,0.0,3.4,GOOD
2026-06-08T13:30:00+05:30,PUNE_CENTRAL,401.7,143.1,262.8,30.2,77.6,0.0,3.5,GOOD
2026-06-08T13:45:00+05:30,PUNE_CENTRAL,379.5,139.8,245.9,30.5,76.6,0.0,3.2,GOOD
2026-06-08T14:00:00+05:30,PUNE_CENTRAL,325.4,108.7,223.7,27.2,82.7,0.0,3.1,GOOD
2026-06-08T14:15:00+05:30,PUNE_CENTRAL,360.9,128.4,243.7,28.8,80.8,0.0,3.6,GOOD
2026-06-08T14:30:00+05:30,PUNE_CENTRAL,293.3,98.9,205.6,30.2,84.8,0.0,2.7,GOOD
2026-06-08T14:45:00+05:30,PUNE_CENTRAL,243.6,77.2,177.5,28.9,89.0,0.0,4.5,GOOD
2026-06-08T15:00:00+05:30,PUNE_CENTRAL,219.8,72.9,159.7,29.1,88.7,0.0,4.2,GOOD
2026-06-08T15:15:00+05:30,PUNE_CENTRAL,154.0,49.5,115.0,24.5,91.8,2.26,4.7,GOOD
2026-06-08T15:30:00+05:30,PUNE_CENTRAL,226.3,89.8,158.9,27.8,84.9,0.0,4.3,GOOD
2026-06-08T15:45:00+05:30,PUNE_CENTRAL,67.9,20.0,53.7,25.9,98.6,1.49,5.6,GOOD
2026-06-08T16:00:00+05:30,PUNE_CENTRAL,146.8,53.2,111.4,26.0,93.7,0.0,5.1,GOOD
2026-06-08T16:15:00+05:30,PUNE_CENTRAL,69.9,22.6,55.9,26.0,100,0.0,6.2,GOOD
2026-06-08T16:30:00+05:30,PUNE_CENTRAL,62.4,22.6,49.5,25.6,99.0,0.0,4.4,GOOD
2026-06-08T16:45:00+05:30,PUNE_CENTRAL,22.7,8.7,18.2,22.6,100,1.2,6.2,GOOD
2026-06-08T17:00:00+05:30,PUNE_CENTRAL,58.9,25.1,47.1,23.6,100,0.0,4.4,GOOD
2026-06-08T17:15:00+05:30,PUNE_CENTRAL,30.8,14.8,24.6,24.6,100,0.0,4.8,GOOD
2026-06-08T17:30:00+05:30,PUNE_CENTRAL,39.2,21.7,31.4,25.7,100,0.0,5.0,GOOD
2026-06-08T17:45:00+05:30,PUNE_CENTRAL,25.2,16.4,20.1,24.0,100,0.0,3.5,GOOD
2026-06-08T18:00:00+05:30,PUNE_CENTRAL,25.1,22.2,19.5,24.3,96.7,0.0,4.8,GOOD
2026-06-08T18:15:00+05:30,PUNE_CENTRAL,29.3,30.3,23.4,24.3,100,0.0,5.0,GOOD
2026-06-08T18:30:00+05:30,PUNE_CENTRAL,0.0,0.0,0.0,22.6,100,0.0,3.5,GOOD
2026-06-08T18:45:00+05:30,PUNE_CENTRAL,10.3,16.9,8.2,22.0,100,0.0,4.1,GOOD
2026-06-08T19:00:00+05:30,PUNE_CENTRAL,0.0,0.0,0.0,21.8,97.5,0.0,3.3,GOOD
2026-06-08T19:15:00+05:30,PUNE_CENTRAL,0.0,0.0,0.0,21.8,96.6,0.0,3.9,GOOD
2026-06-08T19:30:00+05:30,PUNE_CENTRAL,0.0,0.0,0.0,20,99.6,0.44,5.2,GOOD
2026-06-08T19:45:00+05:30,PUNE_CENTRAL,0.0,0.0,0.0,20.7,94.4,0.0,4.2,GOOD
2026-06-08T20:00:00+05:30,PUNE_CENTRAL,0.0,0.0,0.0,20.5,100,0.0,4.1,GOOD
2026-06-08T20:15:00+05:30,PUNE_CENTRAL,0.0,0.0,0.0,20,100,0.0,3.3,GOOD
2026-06-08T20:30:00+05:30,PUNE_CENTRAL,0.0,0.0,0.0,20,100,0.0,4.3,GOOD
2026-06-08T20:45:00+05:30,PUNE_CENTRAL,0.0,0.0,0.0,20,100,0.0,5.4,GOOD
2026-06-08T21:00:00+05:30,PUNE_CENTRAL,0.0,0.0,0.0,20,96.6,0.77,5.1,GOOD
2026-06-08T21:15:00+05:30,PUNE_CENTRAL,0.0,0.0,0.0,20,92.3,0.74,6.1,GOOD
2026-06-08T21:30:00+05:30,PUNE_CENTRAL,0.0,0.0,0.0,20,92.7,0.0,2.5,GOOD
2026-06-08T21:45:00+05:30,PUNE_CENTRAL,0.0,0.0,0.0,20,94.0,0.0,3.9,GOOD
2026-06-08T22:00:00+05:30,PUNE_CENTRAL,0.0,0.0,0.0,20,97.2,0.0,3.8,GOOD
2026-06-08T22:15:00+05:30,PUNE_CENTRAL,0.0,0.0,0.0,20,97.6,0.0,4.9,GOOD
2026-06-08T22:30:00+05:30,PUNE_CENTRAL,0.0,0.0,0.0,20,91.9,0.0,4.6,GOOD
2026-06-08T22:45:00+05:30,PUNE_CENTRAL,0.0,0.0,0.0,20,90.2,0.0,5.0,GOOD
2026-06-08T23:00:00+05:30,PUNE_CENTRAL,0.0,0.0,0.0,20,85.0,0.0,5.0,GOOD
2026-06-08T23:15:00+05:30,PUNE_CENTRAL,0.0,0.0,0.0,20.3,79.9,0.0,4.2,GOOD
2026-06-08T23:30:00+05:30,PUNE_CENTRAL,0.0,0.0,0.0,20,82.4,0.0,5.0,GOOD
2026-06-08T23:45:00+05:30,PUNE_CENTRAL,0.0,0.0,0.0,20,77.7,0.0,3.2,GOOD
2026-06-09T00:00:00+05:30,PUNE_CENTRAL,0.0,0.0,0.0,20,82.1,0.0,4.0,GOOD
2026-06-09T00:15:00+05:30,PUNE_CENTRAL,0.0,0.0,0.0,20.6,79.7,0.0,2.9,GOOD
2026-06-09T00:30:00+05:30,PUNE_CENTRAL,0.0,0.0,0.0,20,81.6,0.0,3.2,GOOD
2026-06-09T00:45:00+05:30,PUNE_CENTRAL,0.0,0.0,0.0,20,84.9,0.0,3.6,GOOD
2026-06-09T01:00:00+05:30,PUNE_CENTRAL,0.0,0.0,0.0,20,84.5,0.0,3.4,GOOD
2026-06-09T01:15:00+05:30,PUNE_CENTRAL,0.0,0.0,0.0,20,81.3,0.0,5.1,GOOD
2026-06-09T01:30:00+05:30,PUNE_CENTRAL,0.0,0.0,0.0,20.3,83.8,0.0,4.1,GOOD
2026-06-09T01:45:00+05:30,PUNE_CENTRAL,0.0,0.0,0.0,20,78.9,0.0,3.5,GOOD
2026-06-09T02:00:00+05:30,PUNE_CENTRAL,0.0,0.0,0.0,20,72.9,0.0,4.8,GOOD
2026-06-09T02:15:00+05:30,PUNE_CENTRAL,0.0,0.0,0.0,20.3,71.8,0.0,3.1,GOOD
2026-06-09T02:30:00+05:30,PUNE_CENTRAL,0.0,0.0,0.0,20,74.7,0.0,3.7,GOOD
2026-06-09T02:45:00+05:30,PUNE_CENTRAL,0.0,0.0,0.0,20,74.0,0.0,4.0,GOOD
2026-06-09T03:00:00+05:30,PUNE_CENTRAL,0.0,0.0,0.0,20,74.6,0.0,4.0,GOOD
2026-06-09T03:15:00+05:30,PUNE_CENTRAL,0.0,0.0,0.0,20,73.8,0.0,3.9,GOOD
2026-06-09T03:30:00+05:30,PUNE_CENTRAL,0.0,0.0,0.0,20,69.0,0.0,4.4,GOOD
2026-06-09T03:45:00+05:30,PUNE_CENTRAL,0.0,0.0,0.0,20,77.0,0.0,4.8,GOOD
2026-06-09T04:00:00+05:30,PUNE_CENTRAL,0.0,0.0,0.0,21.8,76.6,0.0,3.4,GOOD
2026-06-09T04:15:00+05:30,PUNE_CENTRAL,0.0,0.0,0.0,20,78.4,0.0,4.9,GOOD
2026-06-09T04:30:00+05:30,PUNE_CENTRAL,0.0,0.0,0.0,20,76.5,0.0,3.3,GOOD
2026-06-09T04:45:00+05:30,PUNE_CENTRAL,0.0,0.0,0.0,20.2,78.4,0.0,4.2,GOOD
2026-06-09T05:00:00+05:30,PUNE_CENTRAL,0.0,0.0,0.0,21.3,79.6,0.0,3.3,GOOD
2026-06-09T05:15:00+05:30,PUNE_CENTRAL,0.0,0.0,0.0,20,72.1,0.0,2.8,GOOD
2026-06-09T05:30:00+05:30,PUNE_CENTRAL,0.0,0.0,0.0,20,72.6,0.0,4.2,GOOD
2026-06-09T05:45:00+05:30,PUNE_CENTRAL,0.0,0.0,0.0,20.4,68.6,0.0,4.4,GOOD
2026-06-09T06:00:00+05:30,PUNE_CENTRAL,0.0,0.0,0.0,21.4,73.5,0.0,2.8,GOOD
2026-06-09T06:15:00+05:30,PUNE_CENTRAL,0.0,0.0,0.0,22.1,70.1,0.0,3.9,GOOD
2026-06-09T06:30:00+05:30,PUNE_CENTRAL,20.3,63.6,12.5,22.7,72.0,0.0,3.5,GOOD
2026-06-09T06:45:00+05:30,PUNE_CENTRAL,66.9,161.0,39.9,22.6,68.8,0.0,2.8,GOOD
2026-06-09T07:00:00+05:30,PUNE_CENTRAL,106.4,178.8,66.3,23.6,72.8,0.0,3.4,GOOD
2026-06-09T07:15:00+05:30,PUNE_CENTRAL,161.6,227.9,97.6,24.3,69.8,0.0,5.1,GOOD
2026-06-09T07:30:00+05:30,PUNE_CENTRAL,172.9,211.5,101.8,23.6,67.4,0.0,4.7,GOOD
2026-06-09T07:45:00+05:30,PUNE_CENTRAL,199.0,207.4,117.8,26.0,68.0,0.0,3.3,GOOD
2026-06-09T08:00:00+05:30,PUNE_CENTRAL,268.8,253.1,156.1,26.5,66.3,0.0,4.6,GOOD
2026-06-09T08:15:00+05:30,PUNE_CENTRAL,250.8,182.3,160.0,24.5,75.1,0.0,3.1,GOOD
2026-06-09T08:30:00+05:30,PUNE_CENTRAL,313.4,226.4,189.2,25.7,69.8,0.0,2.7,GOOD
2026-06-09T08:45:00+05:30,PUNE_CENTRAL,330.5,228.6,193.9,24.7,67.2,0.0,3.2,GOOD
2026-06-09T09:00:00+05:30,PUNE_CENTRAL,352.1,210.4,216.5,28.1,71.5,0.0,4.5,GOOD
2026-06-09T09:15:00+05:30,PUNE_CENTRAL,368.8,192.6,236.0,27.0,75.4,0.0,3.6,GOOD
2026-06-09T09:30:00+05:30,PUNE_CENTRAL,403.2,211.8,248.2,26.9,71.6,0.0,3.8,GOOD
2026-06-09T09:45:00+05:30,PUNE_CENTRAL,423.3,200.5,268.7,28.3,74.6,0.0,3.4,GOOD
2026-06-09T10:00:00+05:30,PUNE_CENTRAL,397.8,158.1,270.0,26.3,81.4,0.0,2.9,GOOD
2026-06-09T10:15:00+05:30,PUNE_CENTRAL,385.4,146.3,262.2,29.3,81.6,0.0,5.6,GOOD
2026-06-09T10:30:00+05:30,PUNE_CENTRAL,466.3,190.0,300.3,27.6,76.0,0.0,2.7,GOOD
2026-06-09T10:45:00+05:30,PUNE_CENTRAL,439.7,163.6,292.3,27.3,79.2,0.0,3.5,GOOD
2026-06-09T11:00:00+05:30,PUNE_CENTRAL,438.9,145.2,304.6,27.2,83.7,0.0,2.7,GOOD
2026-06-09T11:15:00+05:30,PUNE_CENTRAL,406.6,129.5,284.1,29.6,84.4,0.0,3.2,GOOD
2026-06-09T11:30:00+05:30,PUNE_CENTRAL,550.0,213.3,344.5,30.9,73.3,0.0,4.0,GOOD
2026-06-09T11:45:00+05:30,PUNE_CENTRAL,606.9,235.7,376.5,28.4,72.4,0.0,3.7,GOOD
2026-06-09T12:00:00+05:30,PUNE_CENTRAL,588.3,227.5,363.5,29.5,72.0,0.0,4.3,GOOD
2026-06-09T12:15:00+05:30,PUNE_CENTRAL,408.9,119.6,289.9,29.2,86.0,0.0,5.0,GOOD
2026-06-09T12:30:00+05:30,PUNE_CENTRAL,414.8,121.4,293.8,29.9,85.9,0.0,3.4,GOOD
2026-06-09T12:45:00+05:30,PUNE_CENTRAL,385.2,109.8,275.9,30.1,87.1,0.0,3.1,GOOD
2026-06-09T13:00:00+05:30,PUNE_CENTRAL,403.3,113.0,291.3,28.6,88.0,0.0,4.0,GOOD
2026-06-09T13:15:00+05:30,PUNE_CENTRAL,331.4,86.6,246.3,28.1,91.3,0.0,4.2,GOOD
2026-06-09T13:30:00+05:30,PUNE_CENTRAL,332.0,87.0,247.5,29.3,91.6,0.0,4.2,GOOD
2026-06-09T13:45:00+05:30,PUNE_CENTRAL,297.6,80.1,221.2,29.2,91.2,0.0,4.4,GOOD
2026-06-09T14:00:00+05:30,PUNE_CENTRAL,311.6,85.0,232.1,27.8,91.5,0.0,4.6,GOOD
2026-06-09T14:15:00+05:30,PUNE_CENTRAL,425.3,143.1,294.7,28.5,83.5,0.0,3.7,GOOD
2026-06-09T14:30:00+05:30,PUNE_CENTRAL,350.5,111.5,251.6,27.5,87.4,0.0,4.6,GOOD
2026-06-09T14:45:00+05:30,PUNE_CENTRAL,261.0,75.2,196.5,29.6,92.8,0.0,4.1,GOOD
2026-06-09T15:00:00+05:30,PUNE_CENTRAL,183.6,47.9,144.1,28.8,97.7,0.0,4.1,GOOD
2026-06-09T15:15:00+05:30,PUNE_CENTRAL,276.4,92.6,203.3,26.7,90.1,0.0,3.9,GOOD
2026-06-09T15:30:00+05:30,PUNE_CENTRAL,263.8,96.8,191.2,27.4,88.4,0.0,3.8,GOOD
2026-06-09T15:45:00+05:30,PUNE_CENTRAL,211.9,77.0,157.3,29.1,91.1,0.0,3.7,GOOD
2026-06-09T16:00:00+05:30,PUNE_CENTRAL,266.2,116.8,188.4,27.0,85.8,0.0,3.2,GOOD
2026-06-09T16:15:00+05:30,PUNE_CENTRAL,277.6,140.5,190.5,26.5,82.5,0.0,3.5,GOOD
2026-06-09T16:30:00+05:30,PUNE_CENTRAL,213.9,112.5,149.5,26.3,84.5,0.0,4.4,GOOD
2026-06-09T16:45:00+05:30,PUNE_CENTRAL,232.6,142.9,157.9,26.6,81.4,0.0,3.1,GOOD
2026-06-09T17:00:00+05:30,PUNE_CENTRAL,229.7,168.5,150.4,26.1,77.7,0.0,3.7,GOOD
2026-06-09T17:15:00+05:30,PUNE_CENTRAL,179.6,137.3,122.3,25.7,81.7,0.0,3.6,GOOD
2026-06-09T17:30:00+05:30,PUNE_CENTRAL,156.4,130.0,109.2,25.5,84.4,0.0,4.0,GOOD
2026-06-09T17:45:00+05:30,PUNE_CENTRAL,101.5,107.3,68.5,25.6,80.7,0.0,3.6,GOOD
2026-06-09T18:00:00+05:30,PUNE_CENTRAL,117.5,148.9,80.1,26.9,81.8,0.0,4.3,GOOD
2026-06-09T18:15:00+05:30,PUNE_CENTRAL,44.6,68.1,31.3,23.3,85.0,0.0,4.3,GOOD
2026-06-09T18:30:00+05:30,PUNE_CENTRAL,65.0,148.4,44.6,22.8,82.5,0.0,4.3,GOOD
2026-06-09T18:45:00+05:30,PUNE_CENTRAL,42.2,112.9,28.5,22.4,80.6,0.0,3.2,GOOD
2026-06-09T19:00:00+05:30,PUNE_CENTRAL,0.0,0.0,0.0,23.0,80.8,0.0,4.8,GOOD
2026-06-09T19:15:00+05:30,PUNE_CENTRAL,0.0,0.0,0.0,21.8,79.6,0.0,4.0,GOOD
2026-06-09T19:30:00+05:30,PUNE_CENTRAL,0.0,0.0,0.0,22.7,85.5,0.0,5.2,GOOD
2026-06-09T19:45:00+05:30,PUNE_CENTRAL,0.0,0.0,0.0,21.8,78.4,0.0,3.1,GOOD
2026-06-09T20:00:00+05:30,PUNE_CENTRAL,0.0,0.0,0.0,21.1,77.0,0.0,4.2,GOOD
2026-06-09T20:15:00+05:30,PUNE_CENTRAL,0.0,0.0,0.0,21.8,78.7,0.0,3.8,GOOD
2026-06-09T20:30:00+05:30,PUNE_CENTRAL,0.0,0.0,0.0,20.4,78.2,0.0,4.4,GOOD
2026-06-09T20:45:00+05:30,PUNE_CENTRAL,0.0,0.0,0.0,20.4,81.8,0.0,4.5,GOOD
2026-06-09T21:00:00+05:30,PUNE_CENTRAL,0.0,0.0,0.0,20,78.0,0.0,2.5,GOOD
2026-06-09T21:15:00+05:30,PUNE_CENTRAL,0.0,0.0,0.0,20.3,74.4,0.0,3.7,GOOD
2026-06-09T21:30:00+05:30,PUNE_CENTRAL,0.0,0.0,0.0,20,70.5,0.0,4.7,GOOD
2026-06-09T21:45:00+05:30,PUNE_CENTRAL,0.0,0.0,0.0,20,68.6,0.0,3.2,GOOD
2026-06-09T22:00:00+05:30,PUNE_CENTRAL,0.0,0.0,0.0,20,68.0,0.0,4.5,GOOD
2026-06-09T22:15:00+05:30,PUNE_CENTRAL,0.0,0.0,0.0,20,73.2,0.0,3.0,GOOD
2026-06-09T22:30:00+05:30,PUNE_CENTRAL,0.0,0.0,0.0,20.3,73.7,0.0,4.6,GOOD
2026-06-09T22:45:00+05:30,PUNE_CENTRAL,0.0,0.0,0.0,20,84.0,0.0,3.7,GOOD
2026-06-09T23:00:00+05:30,PUNE_CENTRAL,0.0,0.0,0.0,20,88.0,0.0,3.3,GOOD
2026-06-09T23:15:00+05:30,PUNE_CENTRAL,0.0,0.0,0.0,20.2,79.9,0.0,3.3,GOOD
2026-06-09T23:30:00+05:30,PUNE_CENTRAL,0.0,0.0,0.0,20,79.5,0.0,4.1,GOOD
2026-06-09T23:45:00+05:30,PUNE_CENTRAL,0.0,0.0,0.0,20,80.2,0.0,4.3,GOOD
2026-06-10T00:00:00+05:30,PUNE_CENTRAL,0.0,0.0,0.0,20.6,69.2,0.0,3.1,GOOD
2026-06-10T00:15:00+05:30,PUNE_CENTRAL,0.0,0.0,0.0,20,69.8,0.0,4.1,GOOD
2026-06-10T00:30:00+05:30,PUNE_CENTRAL,0.0,0.0,0.0,20,73.2,0.0,3.0,GOOD
2026-06-10T00:45:00+05:30,PUNE_CENTRAL,0.0,0.0,0.0,20,69.0,0.0,3.1,GOOD
2026-06-10T01:00:00+05:30,PUNE_CENTRAL,0.0,0.0,0.0,20.1,67.3,0.0,4.0,GOOD
2026-06-10T01:15:00+05:30,PUNE_CENTRAL,0.0,0.0,0.0,20.2,62.2,0.0,4.4,GOOD
2026-06-10T01:30:00+05:30,PUNE_CENTRAL,0.0,0.0,0.0,20,61.6,0.0,3.4,GOOD
2026-06-10T01:45:00+05:30,PUNE_CENTRAL,0.0,0.0,0.0,20,61.3,0.0,4.3,GOOD
2026-06-10T02:00:00+05:30,PUNE_CENTRAL,0.0,0.0,0.0,20,64.1,0.0,3.7,GOOD
2026-06-10T02:15:00+05:30,PUNE_CENTRAL,0.0,0.0,0.0,21.3,69.7,0.0,3.1,GOOD
2026-06-10T02:30:00+05:30,PUNE_CENTRAL,0.0,0.0,0.0,20,66.5,0.0,4.1,GOOD
2026-06-10T02:45:00+05:30,PUNE_CENTRAL,0.0,0.0,0.0,20.1,69.0,0.0,3.4,GOOD
2026-06-10T03:00:00+05:30,PUNE_CENTRAL,0.0,0.0,0.0,20.8,65.2,0.0,3.9,GOOD
2026-06-10T03:15:00+05:30,PUNE_CENTRAL,0.0,0.0,0.0,20,67.6,0.0,4.3,GOOD
2026-06-10T03:30:00+05:30,PUNE_CENTRAL,0.0,0.0,0.0,20.9,69.0,0.0,3.4,GOOD
2026-06-10T03:45:00+05:30,PUNE_CENTRAL,0.0,0.0,0.0,20,67.5,0.0,3.3,GOOD
2026-06-10T04:00:00+05:30,PUNE_CENTRAL,0.0,0.0,0.0,20,65.9,0.0,3.1,GOOD
2026-06-10T04:15:00+05:30,PUNE_CENTRAL,0.0,0.0,0.0,20,65.5,0.0,2.7,GOOD
2026-06-10T04:30:00+05:30,PUNE_CENTRAL,0.0,0.0,0.0,20,68.9,0.0,2.7,GOOD
2026-06-10T04:45:00+05:30,PUNE_CENTRAL,0.0,0.0,0.0,20,68.7,0.0,3.6,GOOD
2026-06-10T05:00:00+05:30,PUNE_CENTRAL,0.0,0.0,0.0,21.0,64.8,0.0,2.9,GOOD
2026-06-10T05:15:00+05:30,PUNE_CENTRAL,0.0,0.0,0.0,21.0,69.9,0.0,2.9,GOOD
2026-06-10T05:30:00+05:30,PUNE_CENTRAL,0.0,0.0,0.0,20,73.0,0.0,3.2,GOOD
2026-06-10T05:45:00+05:30,PUNE_CENTRAL,0.0,0.0,0.0,20,67.0,0.0,4.0,GOOD
2026-06-10T06:00:00+05:30,PUNE_CENTRAL,0.0,0.0,0.0,21.4,66.1,0.0,2.8,GOOD
2026-06-10T06:15:00+05:30,PUNE_CENTRAL,47.6,164.9,27.5,21.2,65.7,0.0,3.1,GOOD
2026-06-10T06:30:00+05:30,PUNE_CENTRAL,54.7,187.0,31.9,22.1,66.6,0.0,3.9,GOOD
2026-06-10T06:45:00+05:30,PUNE_CENTRAL,62.3,146.3,37.8,22.0,70.4,0.0,4.0,GOOD
2026-06-10T07:00:00+05:30,PUNE_CENTRAL,103.2,185.6,61.6,23.2,68.8,0.0,3.1,GOOD
2026-06-10T07:15:00+05:30,PUNE_CENTRAL,156.2,232.5,91.0,23.8,66.6,0.0,3.8,GOOD
2026-06-10T07:30:00+05:30,PUNE_CENTRAL,177.9,210.1,107.3,25.0,69.7,0.0,3.6,GOOD
2026-06-10T07:45:00+05:30,PUNE_CENTRAL,189.6,183.9,117.6,22.7,72.4,0.0,4.3,GOOD
2026-06-10T08:00:00+05:30,PUNE_CENTRAL,222.3,177.5,143.4,24.5,76.1,0.0,4.4,GOOD
2026-06-10T08:15:00+05:30,PUNE_CENTRAL,242.5,161.5,162.2,25.3,79.8,0.0,4.0,GOOD
2026-06-10T08:30:00+05:30,PUNE_CENTRAL,228.1,124.9,159.7,25.5,84.6,0.0,3.3,GOOD
2026-06-10T08:45:00+05:30,PUNE_CENTRAL,301.7,168.4,201.2,25.4,79.5,0.0,2.8,GOOD
2026-06-10T09:00:00+05:30,PUNE_CENTRAL,303.7,156.6,202.8,25.9,79.7,0.0,4.3,GOOD
2026-06-10T09:15:00+05:30,PUNE_CENTRAL,343.6,165.5,229.6,25.4,79.7,0.0,4.3,GOOD
2026-06-10T09:30:00+05:30,PUNE_CENTRAL,348.2,154.0,235.6,26.8,81.0,0.0,2.7,GOOD
2026-06-10T09:45:00+05:30,PUNE_CENTRAL,405.0,190.8,257.9,27.4,74.9,0.0,3.6,GOOD
2026-06-10T10:00:00+05:30,PUNE_CENTRAL,428.2,188.9,275.6,28.2,75.9,0.0,2.5,GOOD
2026-06-10T10:15:00+05:30,PUNE_CENTRAL,506.7,243.8,301.4,26.9,68.5,0.0,4.5,GOOD
2026-06-10T10:30:00+05:30,PUNE_CENTRAL,548.1,266.9,315.1,29.9,65.4,0.0,4.5,GOOD
2026-06-10T10:45:00+05:30,PUNE_CENTRAL,568.1,263.8,330.5,29.1,66.4,0.0,3.7,GOOD
2026-06-10T11:00:00+05:30,PUNE_CENTRAL,562.6,245.6,335.5,28.3,68.7,0.0,3.9,GOOD
2026-06-10T11:15:00+05:30,PUNE_CENTRAL,552.0,227.4,337.0,28.0,70.8,0.0,3.4,GOOD
2026-06-10T11:30:00+05:30,PUNE_CENTRAL,553.0,205.5,355.1,29.1,75.7,0.0,2.1,GOOD
2026-06-10T11:45:00+05:30,PUNE_CENTRAL,431.4,136.6,297.9,29.2,83.2,0.0,3.9,GOOD
2026-06-10T12:00:00+05:30,PUNE_CENTRAL,462.3,150.6,313.6,29.8,81.3,0.0,3.7,GOOD
2026-06-10T12:15:00+05:30,PUNE_CENTRAL,464.3,144.7,320.5,29.5,83.1,0.0,4.2,GOOD
2026-06-10T12:30:00+05:30,PUNE_CENTRAL,378.8,105.0,274.1,28.2,88.3,0.0,2.6,GOOD
2026-06-10T12:45:00+05:30,PUNE_CENTRAL,479.0,152.5,327.1,28.7,82.0,0.0,4.0,GOOD
2026-06-10T13:00:00+05:30,PUNE_CENTRAL,540.8,188.1,354.3,30.4,77.7,0.0,3.8,GOOD
2026-06-10T13:15:00+05:30,PUNE_CENTRAL,404.2,120.9,285.3,27.4,85.5,0.0,4.8,GOOD
2026-06-10T13:30:00+05:30,PUNE_CENTRAL,389.1,112.7,279.6,27.1,87.5,0.0,5.4,GOOD
2026-06-10T13:45:00+05:30,PUNE_CENTRAL,356.0,100.0,260.5,29.2,89.5,0.0,4.3,GOOD
2026-06-10T14:00:00+05:30,PUNE_CENTRAL,340.2,97.9,248.6,29.9,89.3,0.0,4.7,GOOD
2026-06-10T14:15:00+05:30,PUNE_CENTRAL,342.4,106.4,245.2,28.1,87.1,0.0,3.4,GOOD
2026-06-10T14:30:00+05:30,PUNE_CENTRAL,326.2,98.6,238.7,28.6,89.5,0.0,2.9,GOOD
2026-06-10T14:45:00+05:30,PUNE_CENTRAL,303.1,94.1,222.4,28.7,89.8,0.0,5.1,GOOD
2026-06-10T15:00:00+05:30,PUNE_CENTRAL,337.3,115.8,241.7,27.2,87.2,0.0,3.9,GOOD
2026-06-10T15:15:00+05:30,PUNE_CENTRAL,307.5,109.6,220.9,27.8,87.5,0.0,4.2,GOOD
2026-06-10T15:30:00+05:30,PUNE_CENTRAL,281.2,104.5,202.7,28.3,87.8,0.0,4.0,GOOD
2026-06-10T15:45:00+05:30,PUNE_CENTRAL,241.7,95.4,174.0,28.0,87.7,0.0,4.0,GOOD
2026-06-10T16:00:00+05:30,PUNE_CENTRAL,205.7,84.1,149.6,27.3,88.8,0.0,3.5,GOOD
2026-06-10T16:15:00+05:30,PUNE_CENTRAL,176.1,73.6,130.4,26.4,90.8,0.0,3.1,GOOD
2026-06-10T16:30:00+05:30,PUNE_CENTRAL,184.0,82.9,136.5,26.8,91.0,0.0,3.6,GOOD
2026-06-10T16:45:00+05:30,PUNE_CENTRAL,189.2,95.8,139.1,26.2,90.0,0.0,3.9,GOOD
2026-06-10T17:00:00+05:30,PUNE_CENTRAL,131.6,71.3,98.0,24.9,91.5,0.0,4.0,GOOD
2026-06-10T17:15:00+05:30,PUNE_CENTRAL,107.4,62.2,81.4,24.8,93.5,0.0,3.8,GOOD
2026-06-10T17:30:00+05:30,PUNE_CENTRAL,122.8,97.4,87.4,25.7,86.4,0.0,4.1,GOOD
2026-06-10T17:45:00+05:30,PUNE_CENTRAL,121.1,114.3,85.9,24.3,86.0,0.0,3.5,GOOD
2026-06-10T18:00:00+05:30,PUNE_CENTRAL,29.5,25.7,23.0,23.2,96.9,0.0,4.4,GOOD
2026-06-10T18:15:00+05:30,PUNE_CENTRAL,22.3,25.7,17.2,23.5,96.0,0.0,3.2,GOOD
2026-06-10T18:30:00+05:30,PUNE_CENTRAL,18.4,30.2,14.2,25.0,95.8,0.0,3.5,GOOD
2026-06-10T18:45:00+05:30,PUNE_CENTRAL,17.3,37.7,12.7,24.0,89.9,0.0,3.9,GOOD
2026-06-10T19:00:00+05:30,PUNE_CENTRAL,4.0,9.7,2.8,24.5,85.0,0.0,3.5,GOOD
2026-06-10T19:15:00+05:30,PUNE_CENTRAL,0.0,0.0,0.0,22.8,82.3,0.0,4.3,GOOD
2026-06-10T19:30:00+05:30,PUNE_CENTRAL,0.0,0.0,0.0,20,82.2,0.23,4.9,GOOD
2026-06-10T19:45:00+05:30,PUNE_CENTRAL,0.0,0.0,0.0,22.6,79.2,0.0,3.8,GOOD
2026-06-10T20:00:00+05:30,PUNE_CENTRAL,0.0,0.0,0.0,21.5,83.5,0.0,3.0,GOOD
2026-06-10T20:15:00+05:30,PUNE_CENTRAL,0.0,0.0,0.0,20.8,83.3,0.0,3.2,GOOD
2026-06-10T20:30:00+05:30,PUNE_CENTRAL,0.0,0.0,0.0,20,90.7,0.0,5.7,GOOD
2026-06-10T20:45:00+05:30,PUNE_CENTRAL,0.0,0.0,0.0,20.1,87.1,0.0,3.9,GOOD
2026-06-10T21:00:00+05:30,PUNE_CENTRAL,0.0,0.0,0.0,20,88.5,0.0,4.1,GOOD
2026-06-10T21:15:00+05:30,PUNE_CENTRAL,0.0,0.0,0.0,20,90.0,0.0,3.0,GOOD
2026-06-10T21:30:00+05:30,PUNE_CENTRAL,0.0,0.0,0.0,20,86.5,0.0,4.3,GOOD
2026-06-10T21:45:00+05:30,PUNE_CENTRAL,0.0,0.0,0.0,20,91.2,0.0,5.0,GOOD
2026-06-10T22:00:00+05:30,PUNE_CENTRAL,0.0,0.0,0.0,20,94.2,0.0,3.3,GOOD
2026-06-10T22:15:00+05:30,PUNE_CENTRAL,0.0,0.0,0.0,20,86.2,0.0,4.2,GOOD
2026-06-10T22:30:00+05:30,PUNE_CENTRAL,0.0,0.0,0.0,20,90.1,0.0,3.1,GOOD
2026-06-10T22:45:00+05:30,PUNE_CENTRAL,0.0,0.0,0.0,20.2,90.4,0.0,3.3,GOOD
2026-06-10T23:00:00+05:30,PUNE_CENTRAL,0.0,0.0,0.0,20,84.7,0.0,3.5,GOOD
2026-06-10T23:15:00+05:30,PUNE_CENTRAL,0.0,0.0,0.0,20,86.4,0.0,4.3,GOOD
2026-06-10T23:30:00+05:30,PUNE_CENTRAL,0.0,0.0,0.0,20,86.9,0.0,3.0,GOOD
2026-06-10T23:45:00+05:30,PUNE_CENTRAL,0.0,0.0,0.0,20,86.8,0.0,3.4,GOOD
2026-06-11T00:00:00+05:30,PUNE_CENTRAL,0.0,0.0,0.0,20,45.9,0.0,2.3,GOOD
2026-06-11T00:15:00+05:30,PUNE_CENTRAL,0.0,0.0,0.0,20,44.1,0.0,3.4,GOOD
2026-06-11T00:30:00+05:30,PUNE_CENTRAL,0.0,0.0,0.0,20,48.7,0.0,3.7,GOOD
2026-06-11T00:45:00+05:30,PUNE_CENTRAL,0.0,0.0,0.0,20.9,43.7,0.0,4.1,GOOD
2026-06-11T01:00:00+05:30,PUNE_CENTRAL,0.0,0.0,0.0,20.4,41.2,0.0,3.4,GOOD
2026-06-11T01:15:00+05:30,PUNE_CENTRAL,0.0,0.0,0.0,22.2,41.7,0.0,2.0,GOOD
2026-06-11T01:30:00+05:30,PUNE_CENTRAL,0.0,0.0,0.0,20,41.8,0.0,4.7,GOOD
2026-06-11T01:45:00+05:30,PUNE_CENTRAL,0.0,0.0,0.0,20,38.7,0.0,2.8,GOOD
2026-06-11T02:00:00+05:30,PUNE_CENTRAL,0.0,0.0,0.0,20,41.5,0.0,3.4,GOOD
2026-06-11T02:15:00+05:30,PUNE_CENTRAL,0.0,0.0,0.0,20,40.1,0.0,2.6,GOOD
2026-06-11T02:30:00+05:30,PUNE_CENTRAL,0.0,0.0,0.0,20,38.2,0.0,3.3,GOOD
2026-06-11T02:45:00+05:30,PUNE_CENTRAL,0.0,0.0,0.0,22.1,36.1,0.0,3.5,GOOD
2026-06-11T03:00:00+05:30,PUNE_CENTRAL,0.0,0.0,0.0,20.3,40.1,0.0,2.8,GOOD
2026-06-11T03:15:00+05:30,PUNE_CENTRAL,0.0,0.0,0.0,21.6,38.9,0.0,3.5,GOOD
2026-06-11T03:30:00+05:30,PUNE_CENTRAL,0.0,0.0,0.0,21.9,36.6,0.0,3.5,GOOD
2026-06-11T03:45:00+05:30,PUNE_CENTRAL,0.0,0.0,0.0,21.3,43.2,0.0,3.1,GOOD
2026-06-11T04:00:00+05:30,PUNE_CENTRAL,0.0,0.0,0.0,20.8,42.0,0.0,2.2,GOOD
2026-06-11T04:15:00+05:30,PUNE_CENTRAL,0.0,0.0,0.0,20.6,39.0,0.0,3.4,GOOD
2026-06-11T04:30:00+05:30,PUNE_CENTRAL,0.0,0.0,0.0,20.9,40.6,0.0,3.2,GOOD
2026-06-11T04:45:00+05:30,PUNE_CENTRAL,0.0,0.0,0.0,21.6,41.1,0.0,2.3,GOOD
2026-06-11T05:00:00+05:30,PUNE_CENTRAL,0.0,0.0,0.0,20.5,42.3,0.0,2.9,GOOD
2026-06-11T05:15:00+05:30,PUNE_CENTRAL,0.0,0.0,0.0,20.6,43.9,0.0,2.7,GOOD
2026-06-11T05:30:00+05:30,PUNE_CENTRAL,0.0,0.0,0.0,21.2,40.2,0.0,2.0,GOOD
2026-06-11T05:45:00+05:30,PUNE_CENTRAL,0.0,0.0,0.0,21.9,38.7,0.0,2.2,GOOD
2026-06-11T06:00:00+05:30,PUNE_CENTRAL,0.0,0.0,0.0,23.5,42.1,0.0,3.4,GOOD
2026-06-11T06:15:00+05:30,PUNE_CENTRAL,27.4,128.9,11.7,22.3,42.7,0.0,2.9,GOOD
2026-06-11T06:30:00+05:30,PUNE_CENTRAL,89.5,420.7,38.2,24.0,42.6,0.0,2.7,GOOD
2026-06-11T06:45:00+05:30,PUNE_CENTRAL,149.7,529.7,61.5,24.2,40.1,0.0,2.9,GOOD
2026-06-11T07:00:00+05:30,PUNE_CENTRAL,179.8,470.2,74.8,23.6,40.9,0.0,2.7,GOOD
2026-06-11T07:15:00+05:30,PUNE_CENTRAL,220.2,460.3,91.4,23.4,40.8,0.0,3.3,GOOD
2026-06-11T07:30:00+05:30,PUNE_CENTRAL,246.2,435.6,100.0,25.7,39.4,0.0,2.4,GOOD
2026-06-11T07:45:00+05:30,PUNE_CENTRAL,326.4,513.7,125.7,24.0,36.2,0.0,3.2,GOOD
2026-06-11T08:00:00+05:30,PUNE_CENTRAL,388.3,550.2,143.8,24.9,33.9,0.0,3.7,GOOD
2026-06-11T08:15:00+05:30,PUNE_CENTRAL,440.2,557.8,163.1,26.1,33.9,0.0,2.3,GOOD
2026-06-11T08:30:00+05:30,PUNE_CENTRAL,504.5,551.3,202.6,26.3,38.7,0.0,2.9,GOOD
2026-06-11T08:45:00+05:30,PUNE_CENTRAL,548.9,538.3,227.7,26.7,40.8,0.0,2.9,GOOD
2026-06-11T09:00:00+05:30,PUNE_CENTRAL,601.5,538.9,254.7,25.7,42.1,0.0,3.9,GOOD
2026-06-11T09:15:00+05:30,PUNE_CENTRAL,624.3,540.7,252.2,27.1,39.1,0.0,3.2,GOOD
2026-06-11T09:30:00+05:30,PUNE_CENTRAL,681.0,553.0,276.9,29.3,39.5,0.0,1.8,GOOD
2026-06-11T09:45:00+05:30,PUNE_CENTRAL,735.5,585.8,284.3,29.3,36.4,0.0,2.2,GOOD
2026-06-11T10:00:00+05:30,PUNE_CENTRAL,754.5,549.8,310.7,28.5,40.3,0.0,2.5,GOOD
2026-06-11T10:15:00+05:30,PUNE_CENTRAL,799.4,621.4,276.5,30.0,30.1,0.0,3.0,GOOD
2026-06-11T10:30:00+05:30,PUNE_CENTRAL,895.2,671.0,309.8,28.6,30.2,0.0,2.7,GOOD
2026-06-11T10:45:00+05:30,PUNE_CENTRAL,870.7,615.6,316.7,31.1,32.9,0.0,2.7,GOOD
2026-06-11T11:00:00+05:30,PUNE_CENTRAL,880.9,593.6,332.1,30.5,34.9,0.0,3.3,GOOD
2026-06-11T11:15:00+05:30,PUNE_CENTRAL,885.9,553.9,362.1,29.0,39.8,0.0,3.2,GOOD
2026-06-11T11:30:00+05:30,PUNE_CENTRAL,912.1,563.3,369.6,29.9,39.3,0.0,1.5,GOOD
2026-06-11T11:45:00+05:30,PUNE_CENTRAL,972.6,591.0,395.2,31.6,39.4,0.0,3.5,GOOD
2026-06-11T12:00:00+05:30,PUNE_CENTRAL,953.0,613.8,347.0,30.8,32.9,0.0,1.7,GOOD
2026-06-11T12:15:00+05:30,PUNE_CENTRAL,957.6,611.7,349.7,31.0,33.1,0.0,3.1,GOOD
2026-06-11T12:30:00+05:30,PUNE_CENTRAL,976.2,626.8,351.5,32.2,32.3,0.0,3.5,GOOD
2026-06-11T12:45:00+05:30,PUNE_CENTRAL,960.6,590.2,372.9,30.6,36.6,0.0,2.7,GOOD
2026-06-11T13:00:00+05:30,PUNE_CENTRAL,977.1,619.6,363.0,30.1,34.1,0.0,2.9,GOOD
2026-06-11T13:15:00+05:30,PUNE_CENTRAL,958.3,611.9,356.9,31.4,34.2,0.0,2.4,GOOD
2026-06-11T13:30:00+05:30,PUNE_CENTRAL,939.3,589.9,366.6,30.2,37.0,0.0,3.9,GOOD
2026-06-11T13:45:00+05:30,PUNE_CENTRAL,906.6,545.3,385.7,30.0,42.4,0.0,2.9,GOOD
2026-06-11T14:00:00+05:30,PUNE_CENTRAL,883.6,542.4,375.9,30.9,42.4,0.0,3.9,GOOD
2026-06-11T14:15:00+05:30,PUNE_CENTRAL,865.6,555.2,358.4,30.4,40.6,0.0,3.1,GOOD
2026-06-11T14:30:00+05:30,PUNE_CENTRAL,822.6,505.7,373.9,29.6,46.8,0.0,3.8,SUSPECT
2026-06-11T14:45:00+05:30,PUNE_CENTRAL,804.7,511.0,366.2,29.4,46.9,0.0,3.4,GOOD
2026-06-11T15:00:00+05:30,PUNE_CENTRAL,730.5,472.8,340.1,29.6,48.6,0.0,3.1,SUSPECT
2026-06-11T15:15:00+05:30,PUNE_CENTRAL,670.9,453.7,312.4,31.0,48.6,0.0,4.0,GOOD
2026-06-11T15:30:00+05:30,PUNE_CENTRAL,645.4,439.2,315.2,28.0,52.1,0.0,3.5,GOOD
2026-06-11T15:45:00+05:30,PUNE_CENTRAL,605.9,455.3,282.2,27.3,48.6,0.0,2.2,GOOD
2026-06-11T16:00:00+05:30,PUNE_CENTRAL,562.1,430.8,274.6,28.4,52.1,0.0,3.1,GOOD
2026-06-11T16:15:00+05:30,PUNE_CENTRAL,501.7,390.8,258.7,27.6,56.3,0.0,2.8,GOOD
2026-06-11T16:30:00+05:30,PUNE_CENTRAL,442.9,345.7,244.6,28.5,61.9,0.0,4.2,GOOD
2026-06-11T16:45:00+05:30,PUNE_CENTRAL,413.4,372.7,218.2,27.3,58.1,0.0,3.8,GOOD
2026-06-11T17:00:00+05:30,PUNE_CENTRAL,340.3,332.1,183.5,26.4,59.9,0.0,3.5,GOOD
2026-06-11T17:15:00+05:30,PUNE_CENTRAL,359.8,431.2,179.0,27.9,53.5,0.0,4.0,GOOD
2026-06-11T17:30:00+05:30,PUNE_CENTRAL,301.7,428.7,145.3,26.0,51.0,0.0,3.0,GOOD
2026-06-11T17:45:00+05:30,PUNE_CENTRAL,238.4,401.8,114.1,25.6,50.5,0.0,2.7,GOOD
2026-06-11T18:00:00+05:30,PUNE_CENTRAL,170.4,336.4,85.2,24.3,53.8,0.0,3.3,GOOD
2026-06-11T18:15:00+05:30,PUNE_CENTRAL,122.1,299.0,63.3,25.3,56.7,0.0,2.5,GOOD
2026-06-11T18:30:00+05:30,PUNE_CENTRAL,102.8,369.2,51.2,23.4,53.6,0.0,3.1,GOOD
2026-06-11T18:45:00+05:30,PUNE_CENTRAL,46.7,189.5,23.6,24.1,54.6,0.0,2.7,GOOD
2026-06-11T19:00:00+05:30,PUNE_CENTRAL,25.4,102.2,12.9,22.0,55.2,0.0,4.5,GOOD
2026-06-11T19:15:00+05:30,PUNE_CENTRAL,0.0,0.0,0.0,22.9,57.5,0.0,3.8,GOOD
2026-06-11T19:30:00+05:30,PUNE_CENTRAL,0.0,0.0,0.0,22.3,59.2,0.0,4.7,GOOD
2026-06-11T19:45:00+05:30,PUNE_CENTRAL,0.0,0.0,0.0,21.4,56.8,0.0,3.8,GOOD
2026-06-11T20:00:00+05:30,PUNE_CENTRAL,0.0,0.0,0.0,20.5,58.4,0.0,2.7,GOOD
2026-06-11T20:15:00+05:30,PUNE_CENTRAL,0.0,0.0,0.0,20.9,57.1,0.0,2.8,GOOD
2026-06-11T20:30:00+05:30,PUNE_CENTRAL,0.0,0.0,0.0,22.2,58.5,0.0,3.2,GOOD
2026-06-11T20:45:00+05:30,PUNE_CENTRAL,0.0,0.0,0.0,20.5,61.1,0.0,4.7,GOOD
2026-06-11T21:00:00+05:30,PUNE_CENTRAL,0.0,0.0,0.0,20,63.1,0.0,3.1,GOOD
2026-06-11T21:15:00+05:30,PUNE_CENTRAL,0.0,0.0,0.0,20.5,59.0,0.0,4.2,GOOD
2026-06-11T21:30:00+05:30,PUNE_CENTRAL,0.0,0.0,0.0,20,57.0,0.0,3.2,GOOD
2026-06-11T21:45:00+05:30,PUNE_CENTRAL,0.0,0.0,0.0,20.5,54.4,0.0,3.0,GOOD
2026-06-11T22:00:00+05:30,PUNE_CENTRAL,0.0,0.0,0.0,21.5,51.1,0.0,2.8,GOOD
2026-06-11T22:15:00+05:30,PUNE_CENTRAL,0.0,0.0,0.0,20.4,53.3,0.0,4.3,GOOD
2026-06-11T22:30:00+05:30,PUNE_CENTRAL,0.0,0.0,0.0,20.1,50.9,0.0,2.9,GOOD
2026-06-11T22:45:00+05:30,PUNE_CENTRAL,0.0,0.0,0.0,20,43.7,0.0,2.9,GOOD
2026-06-11T23:00:00+05:30,PUNE_CENTRAL,0.0,0.0,0.0,20.2,44.8,0.0,3.2,GOOD
2026-06-11T23:15:00+05:30,PUNE_CENTRAL,0.0,0.0,0.0,20.3,44.6,0.0,2.5,GOOD
2026-06-11T23:30:00+05:30,PUNE_CENTRAL,0.0,0.0,0.0,20.7,47.5,0.0,3.2,GOOD
2026-06-11T23:45:00+05:30,PUNE_CENTRAL,0.0,0.0,0.0,20,50.0,0.0,3.1,GOOD
2026-06-12T00:00:00+05:30,PUNE_CENTRAL,0.0,0.0,0.0,20,80.1,0.0,3.4,GOOD
2026-06-12T00:15:00+05:30,PUNE_CENTRAL,0.0,0.0,0.0,20,81.7,0.0,3.3,GOOD
2026-06-12T00:30:00+05:30,PUNE_CENTRAL,0.0,0.0,0.0,20,88.5,0.0,3.1,GOOD
2026-06-12T00:45:00+05:30,PUNE_CENTRAL,0.0,0.0,0.0,20,86.3,0.0,3.7,GOOD
2026-06-12T01:00:00+05:30,PUNE_CENTRAL,0.0,0.0,0.0,20,91.5,0.0,3.5,GOOD
2026-06-12T01:15:00+05:30,PUNE_CENTRAL,0.0,0.0,0.0,20,84.5,0.0,4.3,GOOD
2026-06-12T01:30:00+05:30,PUNE_CENTRAL,0.0,0.0,0.0,20,80.3,0.0,4.0,GOOD
2026-06-12T01:45:00+05:30,PUNE_CENTRAL,0.0,0.0,0.0,20,80.3,0.0,5.2,GOOD
2026-06-12T02:00:00+05:30,PUNE_CENTRAL,0.0,0.0,0.0,20,78.0,0.0,3.7,GOOD
2026-06-12T02:15:00+05:30,PUNE_CENTRAL,0.0,0.0,0.0,20,84.8,0.0,2.9,GOOD
2026-06-12T02:30:00+05:30,PUNE_CENTRAL,0.0,0.0,0.0,20,85.2,0.0,3.3,GOOD
2026-06-12T02:45:00+05:30,PUNE_CENTRAL,0.0,0.0,0.0,20.1,79.9,0.0,3.4,GOOD
2026-06-12T03:00:00+05:30,PUNE_CENTRAL,0.0,0.0,0.0,20,83.5,0.0,2.4,GOOD
2026-06-12T03:15:00+05:30,PUNE_CENTRAL,0.0,0.0,0.0,20,80.6,0.0,4.7,GOOD
2026-06-12T03:30:00+05:30,PUNE_CENTRAL,0.0,0.0,0.0,20,88.4,0.0,3.5,GOOD
2026-06-12T03:45:00+05:30,PUNE_CENTRAL,0.0,0.0,0.0,20,78.4,0.0,4.6,GOOD
2026-06-12T04:00:00+05:30,PUNE_CENTRAL,0.0,0.0,0.0,20,82.2,0.0,3.1,GOOD
2026-06-12T04:15:00+05:30,PUNE_CENTRAL,0.0,0.0,0.0,20,76.2,0.0,4.5,GOOD
2026-06-12T04:30:00+05:30,PUNE_CENTRAL,0.0,0.0,0.0,20,69.9,0.0,4.4,GOOD
2026-06-12T04:45:00+05:30,PUNE_CENTRAL,0.0,0.0,0.0,20,76.3,0.0,3.6,GOOD
2026-06-12T05:00:00+05:30,PUNE_CENTRAL,0.0,0.0,0.0,20,69.3,0.0,3.5,GOOD
2026-06-12T05:15:00+05:30,PUNE_CENTRAL,0.0,0.0,0.0,20.2,69.4,0.0,3.6,GOOD
2026-06-12T05:30:00+05:30,PUNE_CENTRAL,0.0,0.0,0.0,21.1,62.9,0.0,2.4,GOOD
2026-06-12T05:45:00+05:30,PUNE_CENTRAL,0.0,0.0,0.0,20.1,63.7,0.0,3.5,GOOD
2026-06-12T06:00:00+05:30,PUNE_CENTRAL,0.0,0.0,0.0,21.5,61.9,0.0,3.6,GOOD
2026-06-12T06:15:00+05:30,PUNE_CENTRAL,17.5,65.0,9.6,22.1,61.3,0.0,3.8,GOOD
2026-06-12T06:30:00+05:30,PUNE_CENTRAL,42.5,157.6,23.3,21.0,61.3,0.0,3.9,GOOD
2026-06-12T06:45:00+05:30,PUNE_CENTRAL,99.2,254.3,56.9,23.3,65.2,0.0,3.9,GOOD
2026-06-12T07:00:00+05:30,PUNE_CENTRAL,112.2,209.0,65.6,24.3,66.8,0.0,3.2,GOOD
2026-06-12T07:15:00+05:30,PUNE_CENTRAL,149.1,218.9,88.0,24.9,67.7,0.0,2.7,GOOD
2026-06-12T07:30:00+05:30,PUNE_CENTRAL,167.9,193.5,103.0,24.1,71.3,0.0,3.6,GOOD
2026-06-12T07:45:00+05:30,PUNE_CENTRAL,205.4,221.3,119.1,24.6,66.1,0.0,3.3,GOOD
2026-06-12T08:00:00+05:30,PUNE_CENTRAL,276.5,281.4,151.6,26.4,61.3,0.0,4.8,GOOD
2026-06-12T08:15:00+05:30,PUNE_CENTRAL,315.7,277.7,177.9,26.1,63.6,0.0,3.5,GOOD
2026-06-12T08:30:00+05:30,PUNE_CENTRAL,323.2,262.2,179.7,26.0,62.5,0.0,2.5,GOOD
2026-06-12T08:45:00+05:30,PUNE_CENTRAL,375.0,284.2,205.7,26.0,61.3,0.0,3.4,GOOD
2026-06-12T09:00:00+05:30,PUNE_CENTRAL,399.7,280.8,219.2,27.4,61.3,0.0,3.3,GOOD
2026-06-12T09:15:00+05:30,PUNE_CENTRAL,455.3,299.0,249.7,27.2,61.3,0.0,2.7,GOOD
2026-06-12T09:30:00+05:30,PUNE_CENTRAL,484.2,285.3,275.9,28.3,64.6,0.0,4.5,GOOD
2026-06-12T09:45:00+05:30,PUNE_CENTRAL,479.2,267.7,273.1,27.5,64.6,0.0,3.7,GOOD
2026-06-12T10:00:00+05:30,PUNE_CENTRAL,501.9,249.2,300.8,28.5,69.1,0.0,3.1,GOOD
2026-06-12T10:15:00+05:30,PUNE_CENTRAL,495.0,224.4,306.2,27.6,72.1,0.0,3.6,GOOD
2026-06-12T10:30:00+05:30,PUNE_CENTRAL,512.3,234.8,307.6,28.7,69.3,0.0,2.7,GOOD
2026-06-12T10:45:00+05:30,PUNE_CENTRAL,497.6,204.4,313.7,28.9,73.9,0.0,3.5,GOOD
2026-06-12T11:00:00+05:30,PUNE_CENTRAL,503.3,203.2,315.5,28.4,73.4,0.0,4.7,GOOD
2026-06-12T11:15:00+05:30,PUNE_CENTRAL,500.7,178.9,331.7,28.7,78.8,0.0,3.3,GOOD
2026-06-12T11:30:00+05:30,PUNE_CENTRAL,511.4,185.1,333.1,29.0,77.2,0.0,3.9,GOOD
2026-06-12T11:45:00+05:30,PUNE_CENTRAL,531.8,195.4,340.9,31.0,75.5,0.0,4.1,GOOD
2026-06-12T12:00:00+05:30,PUNE_CENTRAL,498.9,169.1,331.9,28.9,79.3,0.0,4.3,GOOD
2026-06-12T12:15:00+05:30,PUNE_CENTRAL,494.8,165.5,330.4,29.1,79.6,0.0,3.8,GOOD
2026-06-12T12:30:00+05:30,PUNE_CENTRAL,498.1,166.0,332.7,28.8,79.7,0.0,4.0,GOOD
2026-06-12T12:45:00+05:30,PUNE_CENTRAL,456.5,144.8,312.3,29.3,82.2,0.0,4.7,GOOD
2026-06-12T13:00:00+05:30,PUNE_CENTRAL,508.6,166.3,343.8,29.0,80.9,0.0,3.8,GOOD
2026-06-12T13:15:00+05:30,PUNE_CENTRAL,532.6,194.7,341.2,29.4,75.5,0.0,3.7,GOOD
2026-06-12T13:30:00+05:30,PUNE_CENTRAL,521.7,196.7,330.6,29.1,74.4,0.0,3.4,GOOD
2026-06-12T13:45:00+05:30,PUNE_CENTRAL,571.4,236.0,345.9,29.6,70.1,0.0,4.6,GOOD
2026-06-12T14:00:00+05:30,PUNE_CENTRAL,571.9,241.6,345.7,29.2,69.9,0.0,4.2,GOOD
2026-06-12T14:15:00+05:30,PUNE_CENTRAL,526.6,213.4,331.6,29.2,73.8,0.0,3.8,GOOD
2026-06-12T14:30:00+05:30,PUNE_CENTRAL,528.2,230.0,324.0,29.5,71.3,0.0,3.0,GOOD
2026-06-12T14:45:00+05:30,PUNE_CENTRAL,481.1,199.0,310.2,29.5,76.1,0.0,4.3,GOOD
2026-06-12T15:00:00+05:30,PUNE_CENTRAL,372.8,148.9,249.8,29.8,80.0,0.0,3.5,GOOD
2026-06-12T15:15:00+05:30,PUNE_CENTRAL,333.7,121.0,238.0,28.8,86.6,0.0,4.1,GOOD
2026-06-12T15:30:00+05:30,PUNE_CENTRAL,323.1,127.5,227.1,26.6,85.1,0.0,5.2,GOOD
2026-06-12T15:45:00+05:30,PUNE_CENTRAL,329.2,144.9,226.1,29.5,82.6,0.0,5.3,GOOD
2026-06-12T16:00:00+05:30,PUNE_CENTRAL,294.3,140.3,200.6,28.3,81.8,0.0,3.5,GOOD
2026-06-12T16:15:00+05:30,PUNE_CENTRAL,257.8,129.7,177.1,27.6,82.6,0.0,3.0,GOOD
2026-06-12T16:30:00+05:30,PUNE_CENTRAL,283.3,159.5,191.7,27.6,81.0,0.0,3.9,GOOD
2026-06-12T16:45:00+05:30,PUNE_CENTRAL,237.9,146.0,161.3,27.5,81.2,0.0,3.3,GOOD
2026-06-12T17:00:00+05:30,PUNE_CENTRAL,195.6,130.9,133.6,25.5,82.1,0.0,4.0,GOOD
2026-06-12T17:15:00+05:30,PUNE_CENTRAL,179.9,136.2,122.7,25.4,81.8,0.0,3.4,GOOD
2026-06-12T17:30:00+05:30,PUNE_CENTRAL,146.7,127.1,100.3,26.2,82.0,0.0,3.7,GOOD
2026-06-12T17:45:00+05:30,PUNE_CENTRAL,149.8,160.8,99.9,25.7,79.5,0.0,3.9,GOOD
2026-06-12T18:00:00+05:30,PUNE_CENTRAL,107.3,136.7,72.5,24.7,80.9,0.0,3.5,GOOD
2026-06-12T18:15:00+05:30,PUNE_CENTRAL,78.7,127.6,53.5,23.5,81.5,0.0,2.9,GOOD
2026-06-12T18:30:00+05:30,PUNE_CENTRAL,39.4,82.1,27.8,25.1,85.6,0.0,4.3,GOOD
2026-06-12T18:45:00+05:30,PUNE_CENTRAL,10.4,23.0,7.6,20.9,89.2,0.0,3.8,GOOD
2026-06-12T19:00:00+05:30,PUNE_CENTRAL,11.5,23.2,8.7,21.7,92.9,0.0,5.6,GOOD
2026-06-12T19:15:00+05:30,PUNE_CENTRAL,0.0,0.0,0.0,21.1,97.0,0.0,4.3,GOOD
2026-06-12T19:30:00+05:30,PUNE_CENTRAL,0.0,0.0,0.0,20.5,100,0.0,4.1,GOOD
2026-06-12T19:45:00+05:30,PUNE_CENTRAL,0.0,0.0,0.0,20,99.7,0.0,4.5,GOOD
2026-06-12T20:00:00+05:30,PUNE_CENTRAL,0.0,0.0,0.0,20.2,99.4,0.0,5.1,GOOD
2026-06-12T20:15:00+05:30,PUNE_CENTRAL,0.0,0.0,0.0,20.3,97.0,0.0,3.5,GOOD
2026-06-12T20:30:00+05:30,PUNE_CENTRAL,0.0,0.0,0.0,20,96.4,0.0,3.4,GOOD
2026-06-12T20:45:00+05:30,PUNE_CENTRAL,0.0,0.0,0.0,20,93.7,0.0,4.5,GOOD
2026-06-12T21:00:00+05:30,PUNE_CENTRAL,0.0,0.0,0.0,20,95.2,0.0,5.2,GOOD
2026-06-12T21:15:00+05:30,PUNE_CENTRAL,0.0,0.0,0.0,20,93.2,0.0,3.4,GOOD
2026-06-12T21:30:00+05:30,PUNE_CENTRAL,0.0,0.0,0.0,20,93.2,0.0,3.2,GOOD
2026-06-12T21:45:00+05:30,PUNE_CENTRAL,0.0,0.0,0.0,20,96.8,0.0,4.9,GOOD
2026-06-12T22:00:00+05:30,PUNE_CENTRAL,0.0,0.0,0.0,20.4,91.2,0.0,4.6,GOOD
2026-06-12T22:15:00+05:30,PUNE_CENTRAL,0.0,0.0,0.0,20,83.9,0.0,3.4,GOOD
2026-06-12T22:30:00+05:30,PUNE_CENTRAL,0.0,0.0,0.0,20,78.9,0.0,4.3,GOOD
2026-06-12T22:45:00+05:30,PUNE_CENTRAL,0.0,0.0,0.0,20,83.3,0.0,2.8,GOOD
2026-06-12T23:00:00+05:30,PUNE_CENTRAL,0.0,0.0,0.0,20,79.0,0.0,4.5,GOOD
2026-06-12T23:15:00+05:30,PUNE_CENTRAL,0.0,0.0,0.0,20,88.4,0.0,5.5,GOOD
2026-06-12T23:30:00+05:30,PUNE_CENTRAL,0.0,0.0,0.0,20,86.0,0.0,3.3,GOOD
2026-06-12T23:45:00+05:30,PUNE_CENTRAL,0.0,0.0,0.0,20.7,80.4,0.0,3.7,GOOD
2026-06-13T00:00:00+05:30,PUNE_CENTRAL,0.0,0.0,0.0,21.4,50.6,0.0,3.6,GOOD
2026-06-13T00:15:00+05:30,PUNE_CENTRAL,0.0,0.0,0.0,20,47.1,0.0,3.6,GOOD
2026-06-13T00:30:00+05:30,PUNE_CENTRAL,0.0,0.0,0.0,20.8,45.7,0.0,2.9,GOOD
2026-06-13T00:45:00+05:30,PUNE_CENTRAL,0.0,0.0,0.0,20.0,43.1,0.0,3.2,GOOD
2026-06-13T01:00:00+05:30,PUNE_CENTRAL,0.0,0.0,0.0,20.4,42.8,0.0,3.3,GOOD
2026-06-13T01:15:00+05:30,PUNE_CENTRAL,0.0,0.0,0.0,20.2,40.1,0.0,1.7,GOOD
2026-06-13T01:30:00+05:30,PUNE_CENTRAL,0.0,0.0,0.0,20,40.2,0.0,2.6,GOOD
2026-06-13T01:45:00+05:30,PUNE_CENTRAL,0.0,0.0,0.0,21.0,37.8,0.0,2.3,GOOD
2026-06-13T02:00:00+05:30,PUNE_CENTRAL,0.0,0.0,0.0,21.1,38.2,0.0,2.5,GOOD
2026-06-13T02:15:00+05:30,PUNE_CENTRAL,0.0,0.0,0.0,22.2,30.9,0.0,2.2,GOOD
2026-06-13T02:30:00+05:30,PUNE_CENTRAL,0.0,0.0,0.0,21.8,23.9,0.0,2.3,GOOD
2026-06-13T02:45:00+05:30,PUNE_CENTRAL,0.0,0.0,0.0,20,27.3,0.0,2.2,GOOD
2026-06-13T03:00:00+05:30,PUNE_CENTRAL,0.0,0.0,0.0,21.6,30.1,0.0,3.2,GOOD
2026-06-13T03:15:00+05:30,PUNE_CENTRAL,0.0,0.0,0.0,22.2,30.9,0.0,2.6,GOOD
2026-06-13T03:30:00+05:30,PUNE_CENTRAL,0.0,0.0,0.0,20.0,33.6,0.0,2.4,GOOD
2026-06-13T03:45:00+05:30,PUNE_CENTRAL,0.0,0.0,0.0,21.0,38.2,0.0,2.5,GOOD
2026-06-13T04:00:00+05:30,PUNE_CENTRAL,0.0,0.0,0.0,22.3,34.0,0.0,3.0,GOOD
2026-06-13T04:15:00+05:30,PUNE_CENTRAL,0.0,0.0,0.0,20.6,33.3,0.0,2.7,GOOD
2026-06-13T04:30:00+05:30,PUNE_CENTRAL,0.0,0.0,0.0,22.3,33.0,0.0,2.7,GOOD
2026-06-13T04:45:00+05:30,PUNE_CENTRAL,0.0,0.0,0.0,20,33.8,0.0,3.0,GOOD
2026-06-13T05:00:00+05:30,PUNE_CENTRAL,0.0,0.0,0.0,20.9,32.4,0.0,2.9,GOOD
2026-06-13T05:15:00+05:30,PUNE_CENTRAL,0.0,0.0,0.0,21.9,40.5,0.0,3.5,GOOD
2026-06-13T05:30:00+05:30,PUNE_CENTRAL,0.0,0.0,0.0,21.8,35.6,0.0,2.6,GOOD
2026-06-13T05:45:00+05:30,PUNE_CENTRAL,0.0,0.0,0.0,22.6,36.1,0.0,3.1,GOOD
2026-06-13T06:00:00+05:30,PUNE_CENTRAL,0.0,0.0,0.0,23.3,33.6,0.0,3.2,GOOD
2026-06-13T06:15:00+05:30,PUNE_CENTRAL,35.0,182.7,12.8,23.2,33.0,0.0,3.5,GOOD
2026-06-13T06:30:00+05:30,PUNE_CENTRAL,73.2,368.2,28.3,24.7,36.5,0.0,3.1,GOOD
2026-06-13T06:45:00+05:30,PUNE_CENTRAL,134.9,507.4,50.9,22.2,34.9,0.0,3.6,GOOD
2026-06-13T07:00:00+05:30,PUNE_CENTRAL,161.5,459.2,59.4,25.4,33.5,0.0,2.2,GOOD
2026-06-13T07:15:00+05:30,PUNE_CENTRAL,219.2,496.8,80.6,26.8,33.5,0.0,2.9,GOOD
2026-06-13T07:30:00+05:30,PUNE_CENTRAL,249.0,447.4,99.2,25.9,38.2,0.0,2.6,GOOD
2026-06-13T07:45:00+05:30,PUNE_CENTRAL,324.3,516.6,123.1,26.9,35.3,0.0,2.6,GOOD
2026-06-13T08:00:00+05:30,PUNE_CENTRAL,386.9,519.5,156.6,26.4,39.2,0.0,2.4,GOOD
2026-06-13T08:15:00+05:30,PUNE_CENTRAL,438.1,523.8,178.4,26.4,39.6,0.0,4.2,GOOD
2026-06-13T08:30:00+05:30,PUNE_CENTRAL,455.3,484.9,190.3,26.8,41.2,0.0,3.0,GOOD
2026-06-13T08:45:00+05:30,PUNE_CENTRAL,540.4,533.5,222.7,26.5,40.3,0.0,2.7,GOOD
2026-06-13T09:00:00+05:30,PUNE_CENTRAL,563.9,505.0,239.4,28.1,42.2,0.0,1.8,GOOD
2026-06-13T09:15:00+05:30,PUNE_CENTRAL,639.0,522.0,280.3,27.6,44.4,0.0,2.6,GOOD
2026-06-13T09:30:00+05:30,PUNE_CENTRAL,670.7,506.3,301.3,27.2,46.0,0.0,3.5,GOOD
2026-06-13T09:45:00+05:30,PUNE_CENTRAL,680.2,476.0,314.0,28.4,47.9,0.0,3.3,GOOD
2026-06-13T10:00:00+05:30,PUNE_CENTRAL,762.1,529.0,335.5,28.6,44.7,0.0,2.9,GOOD
2026-06-13T10:15:00+05:30,PUNE_CENTRAL,776.1,525.5,334.5,29.0,43.2,0.0,3.3,GOOD
2026-06-13T10:30:00+05:30,PUNE_CENTRAL,839.6,558.8,352.6,29.3,41.5,0.0,2.6,GOOD
2026-06-13T10:45:00+05:30,PUNE_CENTRAL,844.9,545.9,354.0,28.3,41.4,0.0,3.2,GOOD
2026-06-13T11:00:00+05:30,PUNE_CENTRAL,886.4,545.4,382.6,30.9,43.3,0.0,3.3,GOOD
2026-06-13T11:15:00+05:30,PUNE_CENTRAL,906.2,550.7,385.9,30.7,42.4,0.0,3.0,GOOD
2026-06-13T11:30:00+05:30,PUNE_CENTRAL,894.4,504.2,409.1,30.9,47.3,0.0,3.6,GOOD
2026-06-13T11:45:00+05:30,PUNE_CENTRAL,893.7,500.9,404.5,30.7,46.6,0.0,3.4,GOOD
2026-06-13T12:00:00+05:30,PUNE_CENTRAL,908.0,496.6,417.9,31.6,47.7,0.0,2.4,GOOD
2026-06-13T12:15:00+05:30,PUNE_CENTRAL,944.1,504.6,442.7,31.0,49.1,0.0,2.2,GOOD
2026-06-13T12:30:00+05:30,PUNE_CENTRAL,920.1,519.7,402.2,30.0,44.2,0.0,3.7,GOOD
2026-06-13T12:45:00+05:30,PUNE_CENTRAL,943.1,549.9,395.6,30.6,41.4,0.0,3.3,GOOD
2026-06-13T13:00:00+05:30,PUNE_CENTRAL,964.1,558.6,410.4,30.6,42.4,0.0,3.0,GOOD
2026-06-13T13:15:00+05:30,PUNE_CENTRAL,905.5,495.0,418.9,30.3,48.1,0.0,1.8,GOOD
2026-06-13T13:30:00+05:30,PUNE_CENTRAL,874.2,481.1,407.0,30.0,48.6,0.0,3.0,GOOD
2026-06-13T13:45:00+05:30,PUNE_CENTRAL,890.5,514.6,398.7,31.1,45.8,0.0,2.8,GOOD
2026-06-13T14:00:00+05:30,PUNE_CENTRAL,883.0,545.7,372.0,30.6,41.7,0.0,3.6,GOOD
2026-06-13T14:15:00+05:30,PUNE_CENTRAL,836.6,529.1,353.1,29.8,41.9,0.0,5.0,GOOD
2026-06-13T14:30:00+05:30,PUNE_CENTRAL,830.7,508.5,379.2,28.5,47.1,0.0,2.5,GOOD
2026-06-13T14:45:00+05:30,PUNE_CENTRAL,758.6,449.5,372.5,30.5,52.5,0.0,3.0,GOOD
2026-06-13T15:00:00+05:30,PUNE_CENTRAL,728.3,461.5,346.8,30.2,50.2,0.0,2.7,GOOD
2026-06-13T15:15:00+05:30,PUNE_CENTRAL,704.8,465.2,336.7,29.9,50.4,0.0,3.1,GOOD
2026-06-13T15:30:00+05:30,PUNE_CENTRAL,652.2,452.5,311.5,29.5,50.4,0.0,3.3,GOOD
2026-06-13T15:45:00+05:30,PUNE_CENTRAL,612.9,456.7,287.7,28.8,49.1,0.0,1.5,GOOD
2026-06-13T16:00:00+05:30,PUNE_CENTRAL,606.0,510.5,264.6,29.2,44.1,0.0,3.1,GOOD
2026-06-13T16:15:00+05:30,PUNE_CENTRAL,512.9,428.3,246.0,28.1,50.7,0.0,3.2,GOOD
2026-06-13T16:30:00+05:30,PUNE_CENTRAL,481.0,459.7,216.5,29.0,46.2,0.0,3.1,GOOD
2026-06-13T16:45:00+05:30,PUNE_CENTRAL,431.5,406.2,218.1,28.3,54.7,0.0,3.3,GOOD
2026-06-13T17:00:00+05:30,PUNE_CENTRAL,374.8,385.1,192.3,28.2,55.9,0.0,2.8,GOOD
2026-06-13T17:15:00+05:30,PUNE_CENTRAL,330.3,398.5,162.6,25.7,52.7,0.0,3.3,GOOD
2026-06-13T17:30:00+05:30,PUNE_CENTRAL,301.8,416.5,149.0,26.8,52.9,0.0,3.7,GOOD
2026-06-13T17:45:00+05:30,PUNE_CENTRAL,228.6,359.0,116.8,25.1,55.5,0.0,4.1,GOOD
2026-06-13T18:00:00+05:30,PUNE_CENTRAL,177.9,350.4,88.4,23.5,53.4,0.0,3.9,GOOD
2026-06-13T18:15:00+05:30,PUNE_CENTRAL,117.1,315.2,54.5,24.3,48.5,0.0,3.9,GOOD
2026-06-13T18:30:00+05:30,PUNE_CENTRAL,106.6,376.8,53.2,24.6,53.7,0.0,3.4,GOOD
2026-06-13T18:45:00+05:30,PUNE_CENTRAL,47.2,188.0,24.3,24.2,56.1,0.0,4.0,GOOD
2026-06-13T19:00:00+05:30,PUNE_CENTRAL,0.0,0.0,0.0,23.5,55.0,0.0,2.6,GOOD
2026-06-13T19:15:00+05:30,PUNE_CENTRAL,0.0,0.0,0.0,23.4,49.5,0.0,3.4,GOOD
2026-06-13T19:30:00+05:30,PUNE_CENTRAL,0.0,0.0,0.0,22.6,52.8,0.0,4.4,GOOD
2026-06-13T19:45:00+05:30,PUNE_CENTRAL,0.0,0.0,0.0,21.4,51.2,0.0,3.0,GOOD
2026-06-13T20:00:00+05:30,PUNE_CENTRAL,0.0,0.0,0.0,20.2,47.1,0.0,3.0,GOOD
2026-06-13T20:15:00+05:30,PUNE_CENTRAL,0.0,0.0,0.0,22.5,45.1,0.0,2.4,GOOD
2026-06-13T20:30:00+05:30,PUNE_CENTRAL,0.0,0.0,0.0,20.8,44.5,0.0,2.9,GOOD
2026-06-13T20:45:00+05:30,PUNE_CENTRAL,0.0,0.0,0.0,20.6,41.8,0.0,3.1,GOOD
2026-06-13T21:00:00+05:30,PUNE_CENTRAL,0.0,0.0,0.0,20.4,43.7,0.0,2.9,GOOD
2026-06-13T21:15:00+05:30,PUNE_CENTRAL,0.0,0.0,0.0,21.0,44.3,0.0,3.5,GOOD
2026-06-13T21:30:00+05:30,PUNE_CENTRAL,0.0,0.0,0.0,21.6,41.0,0.0,2.8,GOOD
2026-06-13T21:45:00+05:30,PUNE_CENTRAL,0.0,0.0,0.0,20.1,42.2,0.0,2.7,GOOD
2026-06-13T22:00:00+05:30,PUNE_CENTRAL,0.0,0.0,0.0,20,42.0,0.0,2.4,GOOD
2026-06-13T22:15:00+05:30,PUNE_CENTRAL,0.0,0.0,0.0,20.1,42.3,0.0,3.4,GOOD
2026-06-13T22:30:00+05:30,PUNE_CENTRAL,0.0,0.0,0.0,21.4,45.4,0.0,3.4,GOOD
2026-06-13T22:45:00+05:30,PUNE_CENTRAL,0.0,0.0,0.0,20.1,41.9,0.0,3.1,GOOD
2026-06-13T23:00:00+05:30,PUNE_CENTRAL,0.0,0.0,0.0,20.2,45.1,0.0,2.7,GOOD
2026-06-13T23:15:00+05:30,PUNE_CENTRAL,0.0,0.0,0.0,21.8,47.1,0.0,2.9,GOOD
2026-06-13T23:30:00+05:30,PUNE_CENTRAL,0.0,0.0,0.0,20,47.8,0.0,3.3,GOOD
2026-06-13T23:45:00+05:30,PUNE_CENTRAL,0.0,0.0,0.0,20,50.3,0.0,2.4,GOOD
2026-05-15T00:00:00+05:30,PUNE_EAST,0.0,0.0,0.0,20,82.8,0.0,3.0,GOOD
2026-05-15T00:15:00+05:30,PUNE_EAST,0.0,0.0,0.0,21.8,78.5,0.0,3.3,GOOD
2026-05-15T00:30:00+05:30,PUNE_EAST,0.0,0.0,0.0,21.1,76.7,0.0,3.6,GOOD
2026-05-15T00:45:00+05:30,PUNE_EAST,0.0,0.0,0.0,21.6,75.8,0.0,3.3,GOOD
2026-05-15T01:00:00+05:30,PUNE_EAST,0.0,0.0,0.0,20,75.5,0.0,4.4,GOOD
2026-05-15T01:15:00+05:30,PUNE_EAST,0.0,0.0,0.0,20.7,68.7,0.0,3.3,GOOD
2026-05-15T01:30:00+05:30,PUNE_EAST,0.0,0.0,0.0,21.1,66.5,0.0,3.5,GOOD
2026-05-15T01:45:00+05:30,PUNE_EAST,0.0,0.0,0.0,21.0,67.2,0.0,4.7,GOOD
2026-05-15T02:00:00+05:30,PUNE_EAST,0.0,0.0,0.0,21.1,70.3,0.0,3.4,GOOD
2026-05-15T02:15:00+05:30,PUNE_EAST,0.0,0.0,0.0,20.9,74.4,0.0,4.1,GOOD
2026-05-15T02:30:00+05:30,PUNE_EAST,0.0,0.0,0.0,21.7,72.7,0.0,4.1,GOOD
2026-05-15T02:45:00+05:30,PUNE_EAST,0.0,0.0,0.0,22.0,67.9,0.0,3.0,GOOD
2026-05-15T03:00:00+05:30,PUNE_EAST,0.0,0.0,0.0,20.2,74.0,0.0,3.4,GOOD
2026-05-15T03:15:00+05:30,PUNE_EAST,0.0,0.0,0.0,21.2,71.9,0.0,3.5,GOOD
2026-05-15T03:30:00+05:30,PUNE_EAST,0.0,0.0,0.0,20.2,71.6,0.0,3.8,GOOD
2026-05-15T03:45:00+05:30,PUNE_EAST,0.0,0.0,0.0,21.9,76.1,0.0,3.3,GOOD
2026-05-15T04:00:00+05:30,PUNE_EAST,0.0,0.0,0.0,20.4,72.8,0.0,5.6,GOOD
2026-05-15T04:15:00+05:30,PUNE_EAST,0.0,0.0,0.0,20.6,73.2,0.0,2.5,GOOD
2026-05-15T04:30:00+05:30,PUNE_EAST,0.0,0.0,0.0,20.8,72.2,0.0,4.4,GOOD
2026-05-15T04:45:00+05:30,PUNE_EAST,0.0,0.0,0.0,20.9,72.0,0.0,4.3,GOOD
2026-05-15T05:00:00+05:30,PUNE_EAST,0.0,0.0,0.0,21.7,76.4,0.0,3.4,GOOD
2026-05-15T05:15:00+05:30,PUNE_EAST,0.0,0.0,0.0,21.4,73.7,0.0,4.5,GOOD
2026-05-15T05:30:00+05:30,PUNE_EAST,0.0,0.0,0.0,21.2,76.5,0.0,4.2,GOOD
2026-05-15T05:45:00+05:30,PUNE_EAST,0.0,0.0,0.0,22.0,80.1,0.0,3.8,GOOD
2026-05-15T06:00:00+05:30,PUNE_EAST,0.0,0.0,0.0,23.4,78.4,0.0,4.1,GOOD
2026-05-15T06:15:00+05:30,PUNE_EAST,23.6,68.9,15.2,21.1,76.0,0.0,3.4,GOOD
2026-05-15T06:30:00+05:30,PUNE_EAST,45.6,130.8,29.6,22.4,77.0,0.0,4.4,GOOD
2026-05-15T06:45:00+05:30,PUNE_EAST,74.3,195.6,43.2,24.9,66.3,0.0,3.2,GOOD
2026-05-15T07:00:00+05:30,PUNE_EAST,99.6,190.0,58.3,24.4,66.9,0.0,3.3,GOOD
2026-05-15T07:15:00+05:30,PUNE_EAST,151.6,234.5,87.0,24.5,65.2,0.0,4.4,GOOD
2026-05-15T07:30:00+05:30,PUNE_EAST,189.0,237.7,109.9,26.5,66.4,0.0,4.2,GOOD
2026-05-15T07:45:00+05:30,PUNE_EAST,226.7,232.9,136.1,25.2,69.3,0.0,3.6,GOOD
2026-05-15T08:00:00+05:30,PUNE_EAST,235.3,211.0,141.5,25.5,69.5,0.0,4.4,GOOD
2026-05-15T08:15:00+05:30,PUNE_EAST,285.7,243.1,164.7,27.2,65.6,0.0,4.0,GOOD
2026-05-15T08:30:00+05:30,PUNE_EAST,326.7,243.6,192.9,27.8,67.7,0.0,3.9,GOOD
2026-05-15T08:45:00+05:30,PUNE_EAST,322.8,194.3,206.3,27.1,75.3,0.0,3.0,GOOD
2026-05-15T09:00:00+05:30,PUNE_EAST,369.7,223.2,225.2,27.2,70.7,0.0,3.0,GOOD
2026-05-15T09:15:00+05:30,PUNE_EAST,398.5,219.1,246.7,29.1,72.2,0.0,4.3,GOOD
2026-05-15T09:30:00+05:30,PUNE_EAST,418.0,232.0,247.3,29.4,68.0,0.0,3.3,GOOD
2026-05-15T09:45:00+05:30,PUNE_EAST,474.9,252.5,278.9,28.6,67.3,0.0,4.6,GOOD
2026-05-15T10:00:00+05:30,PUNE_EAST,505.7,256.5,297.2,29.8,67.3,0.0,4.3,GOOD
2026-05-15T10:15:00+05:30,PUNE_EAST,533.9,253.9,318.7,29.2,68.7,0.0,3.5,GOOD
2026-05-15T10:30:00+05:30,PUNE_EAST,563.9,260.7,334.7,31.3,68.3,0.0,3.4,GOOD
2026-05-15T10:45:00+05:30,PUNE_EAST,545.8,245.4,323.3,30.6,68.1,0.0,4.1,GOOD
2026-05-15T11:00:00+05:30,PUNE_EAST,606.7,299.8,327.6,31.5,60.0,0.0,3.4,GOOD
2026-05-15T11:15:00+05:30,PUNE_EAST,587.7,248.2,351.5,29.8,68.9,0.0,3.4,GOOD
2026-05-15T11:30:00+05:30,PUNE_EAST,631.6,272.5,367.5,32.1,66.5,0.0,4.6,GOOD
2026-05-15T11:45:00+05:30,PUNE_EAST,546.6,199.2,350.9,30.8,75.7,0.0,3.0,GOOD
2026-05-15T12:00:00+05:30,PUNE_EAST,486.0,160.6,326.7,30.1,80.3,0.0,5.4,GOOD
2026-05-15T12:15:00+05:30,PUNE_EAST,453.8,140.4,313.7,31.5,83.3,0.0,4.2,GOOD
2026-05-15T12:30:00+05:30,PUNE_EAST,423.3,127.6,295.7,30.8,84.4,0.0,4.3,GOOD
2026-05-15T12:45:00+05:30,PUNE_EAST,408.4,120.8,287.8,30.1,85.3,0.0,2.9,GOOD
2026-05-15T13:00:00+05:30,PUNE_EAST,324.4,85.4,239.6,31.1,90.6,0.0,2.9,GOOD
2026-05-15T13:15:00+05:30,PUNE_EAST,393.5,109.6,285.7,31.9,88.6,0.0,4.4,GOOD
2026-05-15T13:30:00+05:30,PUNE_EAST,455.9,147.7,312.6,29.3,82.4,0.0,4.0,GOOD
2026-05-15T13:45:00+05:30,PUNE_EAST,378.0,111.9,271.3,29.4,87.3,0.0,3.6,GOOD
2026-05-15T14:00:00+05:30,PUNE_EAST,409.4,135.9,282.7,31.6,83.2,0.0,3.5,GOOD
2026-05-15T14:15:00+05:30,PUNE_EAST,453.5,173.2,296.2,30.9,77.4,0.0,3.0,GOOD
2026-05-15T14:30:00+05:30,PUNE_EAST,498.8,209.3,314.4,31.3,73.9,0.0,3.4,GOOD
2026-05-15T14:45:00+05:30,PUNE_EAST,494.6,208.6,317.3,30.3,75.6,0.0,3.5,GOOD
2026-05-15T15:00:00+05:30,PUNE_EAST,458.1,204.3,291.4,30.1,74.8,0.0,2.7,GOOD
2026-05-15T15:15:00+05:30,PUNE_EAST,419.7,200.8,263.3,29.7,73.5,0.0,4.3,GOOD
2026-05-15T15:30:00+05:30,PUNE_EAST,372.0,171.0,245.7,29.1,78.5,0.0,3.1,GOOD
2026-05-15T15:45:00+05:30,PUNE_EAST,330.9,162.1,218.1,29.2,78.3,0.0,4.3,GOOD
2026-05-15T16:00:00+05:30,PUNE_EAST,338.0,194.7,211.4,28.8,73.1,0.0,4.2,GOOD
2026-05-15T16:15:00+05:30,PUNE_EAST,307.4,180.8,198.4,28.7,76.2,0.0,3.7,GOOD
2026-05-15T16:30:00+05:30,PUNE_EAST,278.8,179.5,179.5,28.5,76.0,0.0,4.2,GOOD
2026-05-15T16:45:00+05:30,PUNE_EAST,238.0,166.1,154.7,27.9,76.9,0.0,4.0,GOOD
2026-05-15T17:00:00+05:30,PUNE_EAST,180.0,131.6,121.1,27.0,80.4,0.0,3.4,GOOD
2026-05-15T17:15:00+05:30,PUNE_EAST,198.3,177.7,128.4,28.4,76.6,0.0,3.2,GOOD
2026-05-15T17:30:00+05:30,PUNE_EAST,143.4,137.4,97.2,27.2,81.1,0.0,4.1,GOOD
2026-05-15T17:45:00+05:30,PUNE_EAST,101.1,110.1,70.3,26.2,83.9,0.0,3.8,GOOD
2026-05-15T18:00:00+05:30,PUNE_EAST,70.2,96.6,48.8,24.0,83.8,0.0,3.9,GOOD
2026-05-15T18:15:00+05:30,PUNE_EAST,63.8,118.2,44.5,24.4,84.2,0.0,3.9,GOOD
2026-05-15T18:30:00+05:30,PUNE_EAST,0.9,1.9,0.6,25.4,90.3,0.0,5.5,GOOD
2026-05-15T18:45:00+05:30,PUNE_EAST,35.6,75.3,26.4,23.4,91.1,0.0,4.0,GOOD
2026-05-15T19:00:00+05:30,PUNE_EAST,0.0,0.0,0.0,23.2,94.9,0.0,3.9,GOOD
2026-05-15T19:15:00+05:30,PUNE_EAST,0.0,0.0,0.0,23.3,92.4,0.0,2.7,GOOD
2026-05-15T19:30:00+05:30,PUNE_EAST,0.0,0.0,0.0,22.3,97.1,0.0,4.9,GOOD
2026-05-15T19:45:00+05:30,PUNE_EAST,0.0,0.0,0.0,23.1,99.5,0.0,4.7,GOOD
2026-05-15T20:00:00+05:30,PUNE_EAST,0.0,0.0,0.0,22.7,98.5,0.0,4.2,GOOD
2026-05-15T20:15:00+05:30,PUNE_EAST,0.0,0.0,0.0,20.3,97.2,0.0,5.6,GOOD
2026-05-15T20:30:00+05:30,PUNE_EAST,0.0,0.0,0.0,21.4,95.4,0.0,4.0,GOOD
2026-05-15T20:45:00+05:30,PUNE_EAST,0.0,0.0,0.0,20.4,94.2,0.0,4.3,GOOD
2026-05-15T21:00:00+05:30,PUNE_EAST,0.0,0.0,0.0,20.8,94.2,0.0,4.3,GOOD
2026-05-15T21:15:00+05:30,PUNE_EAST,0.0,0.0,0.0,20,91.2,0.0,4.3,GOOD
2026-05-15T21:30:00+05:30,PUNE_EAST,0.0,0.0,0.0,20.6,85.4,0.0,4.1,GOOD
2026-05-15T21:45:00+05:30,PUNE_EAST,0.0,0.0,0.0,20.8,79.0,0.0,4.1,GOOD
2026-05-15T22:00:00+05:30,PUNE_EAST,0.0,0.0,0.0,20.8,80.5,0.0,4.2,GOOD
2026-05-15T22:15:00+05:30,PUNE_EAST,0.0,0.0,0.0,20.7,83.6,0.0,3.9,GOOD
2026-05-15T22:30:00+05:30,PUNE_EAST,0.0,0.0,0.0,20.7,84.0,0.0,4.3,GOOD
2026-05-15T22:45:00+05:30,PUNE_EAST,0.0,0.0,0.0,21.3,87.5,0.0,4.2,GOOD
2026-05-15T23:00:00+05:30,PUNE_EAST,0.0,0.0,0.0,20,89.9,0.0,3.6,GOOD
2026-05-15T23:15:00+05:30,PUNE_EAST,0.0,0.0,0.0,20,92.7,0.0,4.1,GOOD
2026-05-15T23:30:00+05:30,PUNE_EAST,0.0,0.0,0.0,20,85.3,0.0,3.6,GOOD
2026-05-15T23:45:00+05:30,PUNE_EAST,0.0,0.0,0.0,20,78.3,0.0,4.3,GOOD
2026-05-16T00:00:00+05:30,PUNE_EAST,0.0,0.0,0.0,21.4,67.3,0.0,4.3,GOOD
2026-05-16T00:15:00+05:30,PUNE_EAST,0.0,0.0,0.0,21.3,64.1,0.0,3.3,GOOD
2026-05-16T00:30:00+05:30,PUNE_EAST,0.0,0.0,0.0,21.2,66.0,0.0,4.1,GOOD
2026-05-16T00:45:00+05:30,PUNE_EAST,0.0,0.0,0.0,20.9,73.0,0.0,2.9,GOOD
2026-05-16T01:00:00+05:30,PUNE_EAST,0.0,0.0,0.0,23.0,72.4,0.0,4.0,GOOD
2026-05-16T01:15:00+05:30,PUNE_EAST,0.0,0.0,0.0,21.1,70.1,0.0,4.5,GOOD
2026-05-16T01:30:00+05:30,PUNE_EAST,0.0,0.0,0.0,20,75.2,0.0,2.7,GOOD
2026-05-16T01:45:00+05:30,PUNE_EAST,0.0,0.0,0.0,20.4,80.0,0.0,4.0,GOOD
2026-05-16T02:00:00+05:30,PUNE_EAST,0.0,0.0,0.0,20.8,78.6,0.0,4.2,GOOD
2026-05-16T02:15:00+05:30,PUNE_EAST,0.0,0.0,0.0,21.0,75.5,0.0,4.3,GOOD
2026-05-16T02:30:00+05:30,PUNE_EAST,0.0,0.0,0.0,20,73.3,0.0,3.8,GOOD
2026-05-16T02:45:00+05:30,PUNE_EAST,0.0,0.0,0.0,22.5,74.7,0.0,4.2,GOOD
2026-05-16T03:00:00+05:30,PUNE_EAST,0.0,0.0,0.0,20.7,71.0,0.0,3.2,GOOD
2026-05-16T03:15:00+05:30,PUNE_EAST,0.0,0.0,0.0,20,73.2,0.0,3.6,GOOD
2026-05-16T03:30:00+05:30,PUNE_EAST,0.0,0.0,0.0,20,64.0,0.0,3.2,GOOD
2026-05-16T03:45:00+05:30,PUNE_EAST,0.0,0.0,0.0,22.5,67.7,0.0,3.4,GOOD
2026-05-16T04:00:00+05:30,PUNE_EAST,0.0,0.0,0.0,21.0,69.0,0.0,3.5,GOOD
2026-05-16T04:15:00+05:30,PUNE_EAST,0.0,0.0,0.0,23.4,69.7,0.0,3.2,GOOD
2026-05-16T04:30:00+05:30,PUNE_EAST,0.0,0.0,0.0,20.6,69.3,0.0,2.9,GOOD
2026-05-16T04:45:00+05:30,PUNE_EAST,0.0,0.0,0.0,23.2,70.9,0.0,3.1,GOOD
2026-05-16T05:00:00+05:30,PUNE_EAST,0.0,0.0,0.0,21.6,69.5,0.0,3.5,GOOD
2026-05-16T05:15:00+05:30,PUNE_EAST,0.0,0.0,0.0,20.3,69.9,0.0,3.6,GOOD
2026-05-16T05:30:00+05:30,PUNE_EAST,0.0,0.0,0.0,22.9,68.6,0.0,3.5,GOOD
2026-05-16T05:45:00+05:30,PUNE_EAST,0.0,0.0,0.0,22.5,71.3,0.0,2.6,GOOD
2026-05-16T06:00:00+05:30,PUNE_EAST,0.0,0.0,0.0,23.7,72.1,0.0,4.6,GOOD
2026-05-16T06:15:00+05:30,PUNE_EAST,0.0,0.0,0.0,21.5,72.4,0.0,3.8,GOOD
2026-05-16T06:30:00+05:30,PUNE_EAST,38.2,118.8,23.8,23.7,72.5,0.0,3.2,GOOD
2026-05-16T06:45:00+05:30,PUNE_EAST,74.1,180.9,45.1,22.9,70.6,0.0,2.7,GOOD
2026-05-16T07:00:00+05:30,PUNE_EAST,105.3,193.9,62.9,24.0,68.8,0.0,3.3,GOOD
2026-05-16T07:15:00+05:30,PUNE_EAST,135.2,192.9,81.9,24.9,70.1,0.0,3.4,GOOD
2026-05-16T07:30:00+05:30,PUNE_EAST,162.5,191.1,98.7,26.0,70.4,0.0,3.9,GOOD
2026-05-16T07:45:00+05:30,PUNE_EAST,225.2,236.1,133.1,26.6,67.9,0.0,4.1,GOOD
2026-05-16T08:00:00+05:30,PUNE_EAST,228.6,198.3,140.4,26.0,71.4,0.0,5.0,GOOD
2026-05-16T08:15:00+05:30,PUNE_EAST,287.2,214.6,180.3,25.7,73.5,0.0,4.3,GOOD
2026-05-16T08:30:00+05:30,PUNE_EAST,255.5,155.4,170.0,26.4,79.3,0.0,4.3,GOOD
2026-05-16T08:45:00+05:30,PUNE_EAST,253.2,133.9,172.9,27.8,82.0,0.0,4.1,GOOD
2026-05-16T09:00:00+05:30,PUNE_EAST,274.3,125.8,192.8,27.9,85.1,0.0,4.0,GOOD
2026-05-16T09:15:00+05:30,PUNE_EAST,326.6,152.8,220.6,27.7,80.9,0.0,3.7,GOOD
2026-05-16T09:30:00+05:30,PUNE_EAST,338.7,147.9,229.8,28.1,81.3,0.0,4.2,GOOD
2026-05-16T09:45:00+05:30,PUNE_EAST,355.1,148.0,240.3,28.7,81.0,0.0,4.9,GOOD
2026-05-16T10:00:00+05:30,PUNE_EAST,436.7,193.6,279.3,28.8,75.3,0.0,3.9,GOOD
2026-05-16T10:15:00+05:30,PUNE_EAST,437.0,176.6,287.3,28.4,78.0,0.0,3.4,GOOD
2026-05-16T10:30:00+05:30,PUNE_EAST,441.2,161.0,299.7,29.3,81.4,0.0,5.0,GOOD
2026-05-16T10:45:00+05:30,PUNE_EAST,516.4,206.8,328.9,29.6,74.9,0.0,3.6,GOOD
2026-05-16T11:00:00+05:30,PUNE_EAST,512.2,202.8,323.4,31.5,74.1,0.0,4.5,GOOD
2026-05-16T11:15:00+05:30,PUNE_EAST,514.8,192.4,331.6,30.6,76.0,0.0,3.4,GOOD
2026-05-16T11:30:00+05:30,PUNE_EAST,561.9,213.1,355.4,31.2,74.2,0.0,3.8,GOOD
2026-05-16T11:45:00+05:30,PUNE_EAST,524.8,185.8,342.3,30.5,77.3,0.0,3.7,GOOD
2026-05-16T12:00:00+05:30,PUNE_EAST,511.8,175.8,337.4,30.6,78.4,0.0,3.0,GOOD
2026-05-16T12:15:00+05:30,PUNE_EAST,468.7,149.2,319.8,30.9,81.9,0.0,4.3,GOOD
2026-05-16T12:30:00+05:30,PUNE_EAST,503.9,163.5,340.4,30.7,80.9,0.0,3.1,GOOD
2026-05-16T12:45:00+05:30,PUNE_EAST,526.7,172.9,354.1,29.9,80.3,0.0,4.5,GOOD
2026-05-16T13:00:00+05:30,PUNE_EAST,523.4,176.5,348.1,30.3,79.3,0.0,4.0,GOOD
2026-05-16T13:15:00+05:30,PUNE_EAST,528.5,186.5,345.2,29.2,77.4,0.0,4.4,GOOD
2026-05-16T13:30:00+05:30,PUNE_EAST,552.4,204.8,353.8,30.5,75.5,0.0,3.8,GOOD
2026-05-16T13:45:00+05:30,PUNE_EAST,489.7,172.2,325.6,30.5,79.2,0.0,4.9,GOOD
2026-05-16T14:00:00+05:30,PUNE_EAST,462.3,160.7,312.4,30.7,80.9,0.0,4.5,GOOD
2026-05-16T14:15:00+05:30,PUNE_EAST,484.8,173.5,327.2,30.4,80.7,0.0,3.7,GOOD
2026-05-16T14:30:00+05:30,PUNE_EAST,365.5,118.1,261.5,30.8,87.0,0.0,3.9,GOOD
2026-05-16T14:45:00+05:30,PUNE_EAST,336.0,114.7,238.6,31.3,86.1,0.0,5.2,GOOD
2026-05-16T15:00:00+05:30,PUNE_EAST,259.3,81.1,193.1,29.6,91.5,0.0,4.4,GOOD
2026-05-16T15:15:00+05:30,PUNE_EAST,248.3,79.8,186.1,30.0,92.2,0.0,3.1,GOOD
2026-05-16T15:30:00+05:30,PUNE_EAST,227.0,78.2,169.2,27.7,91.6,0.0,3.2,GOOD
2026-05-16T15:45:00+05:30,PUNE_EAST,244.6,92.3,180.3,28.2,90.4,0.0,4.8,GOOD
2026-05-16T16:00:00+05:30,PUNE_EAST,180.8,63.9,139.2,28.4,95.4,0.0,4.8,GOOD
2026-05-16T16:15:00+05:30,PUNE_EAST,132.9,48.8,103.5,29.1,96.7,0.0,3.5,GOOD
2026-05-16T16:30:00+05:30,PUNE_EAST,179.1,83.2,133.0,27.5,91.2,0.0,4.2,GOOD
2026-05-16T16:45:00+05:30,PUNE_EAST,156.3,83.2,114.6,27.4,89.7,0.0,3.7,GOOD
2026-05-16T17:00:00+05:30,PUNE_EAST,160.6,101.2,115.2,26.6,87.3,0.0,2.7,GOOD
2026-05-16T17:15:00+05:30,PUNE_EAST,144.9,109.3,101.9,27.8,85.1,0.0,3.5,GOOD
2026-05-16T17:30:00+05:30,PUNE_EAST,160.9,158.2,107.5,26.9,79.7,0.0,3.3,GOOD
2026-05-16T17:45:00+05:30,PUNE_EAST,104.5,123.2,69.9,26.8,79.9,0.0,4.0,GOOD
2026-05-16T18:00:00+05:30,PUNE_EAST,105.9,182.3,65.3,25.1,71.8,0.0,4.9,GOOD
2026-05-16T18:15:00+05:30,PUNE_EAST,55.1,121.7,35.1,27.0,74.9,0.0,4.0,GOOD
2026-05-16T18:30:00+05:30,PUNE_EAST,30.3,93.3,19.0,26.3,73.1,0.0,3.4,GOOD
2026-05-16T18:45:00+05:30,PUNE_EAST,34.0,94.5,22.4,23.3,78.6,0.0,3.8,GOOD
2026-05-16T19:00:00+05:30,PUNE_EAST,0.0,0.0,0.0,24.8,77.2,0.0,3.5,GOOD
2026-05-16T19:15:00+05:30,PUNE_EAST,0.0,0.0,0.0,23.5,79.9,0.0,3.0,GOOD
2026-05-16T19:30:00+05:30,PUNE_EAST,0.0,0.0,0.0,23.8,75.5,0.0,3.2,GOOD
2026-05-16T19:45:00+05:30,PUNE_EAST,0.0,0.0,0.0,23.3,76.8,0.0,4.2,GOOD
2026-05-16T20:00:00+05:30,PUNE_EAST,0.0,0.0,0.0,21.5,71.7,0.0,4.5,GOOD
2026-05-16T20:15:00+05:30,PUNE_EAST,0.0,0.0,0.0,22.6,68.7,0.0,4.3,GOOD
2026-05-16T20:30:00+05:30,PUNE_EAST,0.0,0.0,0.0,21.9,69.0,0.0,3.6,GOOD
2026-05-16T20:45:00+05:30,PUNE_EAST,0.0,0.0,0.0,20.9,72.4,0.0,2.9,GOOD
2026-05-16T21:00:00+05:30,PUNE_EAST,0.0,0.0,0.0,20,71.4,0.0,4.0,GOOD
2026-05-16T21:15:00+05:30,PUNE_EAST,0.0,0.0,0.0,21.3,77.7,0.0,3.4,GOOD
2026-05-16T21:30:00+05:30,PUNE_EAST,0.0,0.0,0.0,20.9,77.2,0.0,2.8,GOOD
2026-05-16T21:45:00+05:30,PUNE_EAST,0.0,0.0,0.0,20.8,80.9,0.0,3.7,GOOD
2026-05-16T22:00:00+05:30,PUNE_EAST,0.0,0.0,0.0,20.2,80.4,0.0,3.9,GOOD
2026-05-16T22:15:00+05:30,PUNE_EAST,0.0,0.0,0.0,20.7,79.6,0.0,3.0,GOOD
2026-05-16T22:30:00+05:30,PUNE_EAST,0.0,0.0,0.0,21.8,83.1,0.0,3.8,GOOD
2026-05-16T22:45:00+05:30,PUNE_EAST,0.0,0.0,0.0,21.1,83.3,0.0,2.8,GOOD
2026-05-16T23:00:00+05:30,PUNE_EAST,0.0,0.0,0.0,20,86.3,0.0,4.5,GOOD
2026-05-16T23:15:00+05:30,PUNE_EAST,0.0,0.0,0.0,21.0,83.9,0.0,3.1,GOOD
2026-05-16T23:30:00+05:30,PUNE_EAST,0.0,0.0,0.0,20.4,85.4,0.0,4.1,GOOD
2026-05-16T23:45:00+05:30,PUNE_EAST,0.0,0.0,0.0,22.2,87.9,0.0,3.5,GOOD
2026-05-17T00:00:00+05:30,PUNE_EAST,0.0,0.0,0.0,21.8,39.7,0.0,2.3,GOOD
2026-05-17T00:15:00+05:30,PUNE_EAST,0.0,0.0,0.0,23.1,31.5,0.0,2.8,GOOD
2026-05-17T00:30:00+05:30,PUNE_EAST,0.0,0.0,0.0,21.1,32.3,0.0,1.9,GOOD
2026-05-17T00:45:00+05:30,PUNE_EAST,0.0,0.0,0.0,22.1,33.4,0.0,3.5,GOOD
2026-05-17T01:00:00+05:30,PUNE_EAST,0.0,0.0,0.0,24.0,25.3,0.0,3.6,GOOD
2026-05-17T01:15:00+05:30,PUNE_EAST,0.0,0.0,0.0,23.1,26.6,0.0,1.3,GOOD
2026-05-17T01:30:00+05:30,PUNE_EAST,0.0,0.0,0.0,23.6,27.4,0.0,2.2,GOOD
2026-05-17T01:45:00+05:30,PUNE_EAST,0.0,0.0,0.0,21.6,30.4,0.0,2.9,GOOD
2026-05-17T02:00:00+05:30,PUNE_EAST,0.0,0.0,0.0,22.6,35.6,0.0,3.7,GOOD
2026-05-17T02:15:00+05:30,PUNE_EAST,0.0,0.0,0.0,23.7,29.3,0.0,2.4,GOOD
2026-05-17T02:30:00+05:30,PUNE_EAST,0.0,0.0,0.0,21.3,30.2,0.0,2.5,GOOD
2026-05-17T02:45:00+05:30,PUNE_EAST,0.0,0.0,0.0,22.3,29.6,0.0,1.5,GOOD
2026-05-17T03:00:00+05:30,PUNE_EAST,0.0,0.0,0.0,22.1,32.0,0.0,3.3,GOOD
2026-05-17T03:15:00+05:30,PUNE_EAST,0.0,0.0,0.0,21.2,32.5,0.0,1.6,GOOD
2026-05-17T03:30:00+05:30,PUNE_EAST,0.0,0.0,0.0,23.2,35.0,0.0,2.7,GOOD
2026-05-17T03:45:00+05:30,PUNE_EAST,0.0,0.0,0.0,21.8,32.9,0.0,2.5,GOOD
2026-05-17T04:00:00+05:30,PUNE_EAST,0.0,0.0,0.0,21.9,41.8,0.0,3.5,GOOD
2026-05-17T04:15:00+05:30,PUNE_EAST,0.0,0.0,0.0,21.7,38.5,0.0,2.2,GOOD
2026-05-17T04:30:00+05:30,PUNE_EAST,0.0,0.0,0.0,22.1,40.4,0.0,4.5,GOOD
2026-05-17T04:45:00+05:30,PUNE_EAST,0.0,0.0,0.0,23.2,39.7,0.0,3.2,GOOD
2026-05-17T05:00:00+05:30,PUNE_EAST,0.0,0.0,0.0,22.8,35.5,0.0,2.4,GOOD
2026-05-17T05:15:00+05:30,PUNE_EAST,0.0,0.0,0.0,22.4,37.0,0.0,2.1,GOOD
2026-05-17T05:30:00+05:30,PUNE_EAST,0.0,0.0,0.0,23.5,39.7,0.0,2.8,GOOD
2026-05-17T05:45:00+05:30,PUNE_EAST,0.0,0.0,0.0,23.7,38.4,0.0,3.5,GOOD
2026-05-17T06:00:00+05:30,PUNE_EAST,0.0,0.0,0.0,23.3,40.1,0.0,3.0,GOOD
2026-05-17T06:15:00+05:30,PUNE_EAST,25.8,125.8,10.5,23.6,39.5,0.0,2.8,GOOD
2026-05-17T06:30:00+05:30,PUNE_EAST,60.7,290.8,25.3,24.0,41.0,0.0,2.7,GOOD
2026-05-17T06:45:00+05:30,PUNE_EAST,131.4,485.3,53.1,25.1,39.1,0.0,3.1,GOOD
2026-05-17T07:00:00+05:30,PUNE_EAST,142.8,383.6,58.5,26.1,40.0,0.0,2.6,GOOD
2026-05-17T07:15:00+05:30,PUNE_EAST,221.6,492.8,84.9,25.2,35.8,0.0,2.3,GOOD
2026-05-17T07:30:00+05:30,PUNE_EAST,306.5,552.8,121.6,28.1,37.9,0.0,3.6,GOOD
2026-05-17T07:45:00+05:30,PUNE_EAST,324.1,514.1,123.3,27.5,35.5,0.0,3.7,GOOD
2026-05-17T08:00:00+05:30,PUNE_EAST,371.5,519.4,140.1,26.6,34.9,0.0,2.2,GOOD
2026-05-17T08:15:00+05:30,PUNE_EAST,455.9,600.1,156.5,26.2,29.7,0.0,3.4,GOOD
2026-05-17T08:30:00+05:30,PUNE_EAST,486.1,569.3,172.7,29.1,31.6,0.0,2.9,GOOD
2026-05-17T08:45:00+05:30,PUNE_EAST,526.3,545.5,198.8,28.8,35.0,0.0,3.6,GOOD
2026-05-17T09:00:00+05:30,PUNE_EAST,573.5,542.6,221.8,30.5,36.4,0.0,3.6,GOOD
2026-05-17T09:15:00+05:30,PUNE_EAST,681.3,622.2,249.9,29.9,33.3,0.0,3.7,GOOD
2026-05-17T09:30:00+05:30,PUNE_EAST,670.7,579.8,243.8,30.5,32.8,0.0,2.6,GOOD
2026-05-17T09:45:00+05:30,PUNE_EAST,745.7,622.1,262.7,31.1,31.1,0.0,3.1,GOOD
2026-05-17T10:00:00+05:30,PUNE_EAST,788.5,641.0,266.9,31.5,29.0,0.0,2.8,GOOD
2026-05-17T10:15:00+05:30,PUNE_EAST,808.0,611.9,289.2,31.3,32.0,0.0,3.1,GOOD
2026-05-17T10:30:00+05:30,PUNE_EAST,843.3,614.4,303.3,31.1,32.2,0.0,3.6,GOOD
2026-05-17T10:45:00+05:30,PUNE_EAST,889.5,622.9,324.7,32.5,33.1,0.0,3.5,GOOD
2026-05-17T11:00:00+05:30,PUNE_EAST,920.1,645.2,319.5,31.5,30.3,0.0,1.9,GOOD
2026-05-17T11:15:00+05:30,PUNE_EAST,935.5,642.4,324.2,31.8,30.2,0.0,2.0,GOOD
2026-05-17T11:30:00+05:30,PUNE_EAST,924.7,601.8,341.6,32.3,33.8,0.0,2.5,GOOD
2026-05-17T11:45:00+05:30,PUNE_EAST,963.7,613.0,361.6,32.1,34.6,0.0,2.6,GOOD
2026-05-17T12:00:00+05:30,PUNE_EAST,980.4,589.5,395.7,32.0,39.0,0.0,3.5,GOOD
2026-05-17T12:15:00+05:30,PUNE_EAST,952.4,549.2,404.4,30.8,42.3,0.0,3.4,GOOD
2026-05-17T12:30:00+05:30,PUNE_EAST,932.0,521.3,410.7,33.7,44.7,0.0,4.1,GOOD
2026-05-17T12:45:00+05:30,PUNE_EAST,952.2,537.5,415.8,31.8,44.1,0.0,3.8,GOOD
2026-05-17T13:00:00+05:30,PUNE_EAST,955.6,583.4,376.5,31.3,37.5,0.0,3.6,GOOD
2026-05-17T13:15:00+05:30,PUNE_EAST,971.2,614.8,366.8,33.9,35.0,0.0,2.3,GOOD
2026-05-17T13:30:00+05:30,PUNE_EAST,934.0,592.2,359.5,31.8,36.1,0.0,3.5,GOOD
2026-05-17T13:45:00+05:30,PUNE_EAST,938.6,613.6,353.8,32.7,34.9,0.0,2.9,GOOD
2026-05-17T14:00:00+05:30,PUNE_EAST,886.4,544.5,378.7,33.5,42.6,0.0,2.5,GOOD
2026-05-17T14:15:00+05:30,PUNE_EAST,868.7,555.7,363.8,31.8,41.3,0.0,3.4,GOOD
2026-05-17T14:30:00+05:30,PUNE_EAST,817.7,503.4,374.1,30.7,47.3,0.0,3.0,GOOD
2026-05-17T14:45:00+05:30,PUNE_EAST,783.4,516.3,344.4,32.0,44.6,0.0,3.6,GOOD
2026-05-17T15:00:00+05:30,PUNE_EAST,747.6,502.7,337.3,32.4,46.3,0.0,3.6,GOOD
2026-05-17T15:15:00+05:30,PUNE_EAST,677.8,429.6,343.0,31.5,54.8,0.0,4.4,GOOD
2026-05-17T15:30:00+05:30,PUNE_EAST,621.5,425.2,307.1,29.4,52.9,0.0,3.7,GOOD
2026-05-17T15:45:00+05:30,PUNE_EAST,618.1,462.4,295.9,29.8,50.6,0.0,4.4,GOOD
2026-05-17T16:00:00+05:30,PUNE_EAST,561.3,456.2,264.0,30.2,49.3,0.0,2.9,GOOD
2026-05-17T16:15:00+05:30,PUNE_EAST,527.1,447.1,257.0,30.0,51.9,0.0,4.0,GOOD
2026-05-17T16:30:00+05:30,PUNE_EAST,462.7,423.1,228.2,30.9,52.8,0.0,4.0,GOOD
2026-05-17T16:45:00+05:30,PUNE_EAST,421.9,449.7,195.7,28.6,48.3,0.0,3.5,GOOD
2026-05-17T17:00:00+05:30,PUNE_EAST,387.4,467.1,177.5,27.9,47.4,0.0,3.9,GOOD
2026-05-17T17:15:00+05:30,PUNE_EAST,319.1,438.3,146.1,28.8,47.4,0.0,3.3,GOOD
2026-05-17T17:30:00+05:30,PUNE_EAST,257.7,390.5,125.5,27.5,51.8,0.0,2.5,GOOD
2026-05-17T17:45:00+05:30,PUNE_EAST,183.5,295.9,100.2,27.4,60.9,0.0,3.1,GOOD
2026-05-17T18:00:00+05:30,PUNE_EAST,146.1,298.4,79.3,26.7,60.4,0.0,4.0,GOOD
2026-05-17T18:15:00+05:30,PUNE_EAST,120.8,353.9,62.1,27.0,56.1,0.0,3.2,GOOD
2026-05-17T18:30:00+05:30,PUNE_EAST,50.2,194.8,26.5,26.1,58.1,0.0,2.8,GOOD
2026-05-17T18:45:00+05:30,PUNE_EAST,23.1,95.6,11.5,26.6,53.3,0.0,3.7,GOOD
2026-05-17T19:00:00+05:30,PUNE_EAST,0.0,0.0,0.0,26.2,50.4,0.0,2.6,GOOD
2026-05-17T19:15:00+05:30,PUNE_EAST,0.0,0.0,0.0,25.1,50.3,0.0,1.8,GOOD
2026-05-17T19:30:00+05:30,PUNE_EAST,0.0,0.0,0.0,23.5,50.0,0.0,2.6,GOOD
2026-05-17T19:45:00+05:30,PUNE_EAST,0.0,0.0,0.0,22.5,54.4,0.0,4.1,GOOD
2026-05-17T20:00:00+05:30,PUNE_EAST,0.0,0.0,0.0,24.4,53.0,0.0,2.3,GOOD
2026-05-17T20:15:00+05:30,PUNE_EAST,0.0,0.0,0.0,21.8,50.6,0.0,3.3,GOOD
2026-05-17T20:30:00+05:30,PUNE_EAST,0.0,0.0,0.0,22.9,52.0,0.0,3.0,GOOD
2026-05-17T20:45:00+05:30,PUNE_EAST,0.0,0.0,0.0,23.3,53.3,0.0,3.8,GOOD
2026-05-17T21:00:00+05:30,PUNE_EAST,0.0,0.0,0.0,21.4,55.8,0.0,2.4,GOOD
2026-05-17T21:15:00+05:30,PUNE_EAST,0.0,0.0,0.0,21.2,59.2,0.0,3.1,GOOD
2026-05-17T21:30:00+05:30,PUNE_EAST,0.0,0.0,0.0,21.1,62.8,0.0,3.6,GOOD
2026-05-17T21:45:00+05:30,PUNE_EAST,0.0,0.0,0.0,21.5,60.6,0.0,3.0,GOOD
2026-05-17T22:00:00+05:30,PUNE_EAST,0.0,0.0,0.0,21.2,61.7,0.0,3.1,GOOD
2026-05-17T22:15:00+05:30,PUNE_EAST,0.0,0.0,0.0,21.1,58.1,0.0,3.0,GOOD
2026-05-17T22:30:00+05:30,PUNE_EAST,0.0,0.0,0.0,21.8,56.3,0.0,3.7,GOOD
2026-05-17T22:45:00+05:30,PUNE_EAST,0.0,0.0,0.0,20,57.0,0.0,3.0,GOOD
2026-05-17T23:00:00+05:30,PUNE_EAST,0.0,0.0,0.0,20.8,59.4,0.0,4.6,GOOD
2026-05-17T23:15:00+05:30,PUNE_EAST,0.0,0.0,0.0,21.4,58.3,0.0,3.7,GOOD
2026-05-17T23:30:00+05:30,PUNE_EAST,0.0,0.0,0.0,21.5,56.1,0.0,2.7,GOOD
2026-05-17T23:45:00+05:30,PUNE_EAST,0.0,0.0,0.0,21.7,50.8,0.0,2.8,GOOD
2026-05-18T00:00:00+05:30,PUNE_EAST,0.0,0.0,0.0,20,92.7,0.0,3.6,GOOD
2026-05-18T00:15:00+05:30,PUNE_EAST,0.0,0.0,0.0,21.8,91.8,0.0,4.8,GOOD
2026-05-18T00:30:00+05:30,PUNE_EAST,0.0,0.0,0.0,20,86.2,0.0,3.0,GOOD
2026-05-18T00:45:00+05:30,PUNE_EAST,0.0,0.0,0.0,20,91.8,0.0,3.7,GOOD
2026-05-18T01:00:00+05:30,PUNE_EAST,0.0,0.0,0.0,20,99.4,0.28,6.9,GOOD
2026-05-18T01:15:00+05:30,PUNE_EAST,0.0,0.0,0.0,20,90.8,0.0,4.3,GOOD
2026-05-18T01:30:00+05:30,PUNE_EAST,0.0,0.0,0.0,21.3,84.8,0.0,3.2,GOOD
2026-05-18T01:45:00+05:30,PUNE_EAST,0.0,0.0,0.0,20,83.2,0.0,5.1,GOOD
2026-05-18T02:00:00+05:30,PUNE_EAST,0.0,0.0,0.0,20.4,88.3,0.0,4.2,GOOD
2026-05-18T02:15:00+05:30,PUNE_EAST,0.0,0.0,0.0,20.1,83.7,0.0,3.4,GOOD
2026-05-18T02:30:00+05:30,PUNE_EAST,0.0,0.0,0.0,20.2,82.9,0.0,2.7,GOOD
2026-05-18T02:45:00+05:30,PUNE_EAST,0.0,0.0,0.0,20.7,87.9,0.0,5.4,GOOD
2026-05-18T03:00:00+05:30,PUNE_EAST,0.0,0.0,0.0,20.2,95.2,0.0,5.1,GOOD
2026-05-18T03:15:00+05:30,PUNE_EAST,0.0,0.0,0.0,20.6,86.2,0.0,3.7,GOOD
2026-05-18T03:30:00+05:30,PUNE_EAST,0.0,0.0,0.0,22.4,81.2,0.0,4.1,GOOD
2026-05-18T03:45:00+05:30,PUNE_EAST,0.0,0.0,0.0,22.0,78.5,0.0,4.1,GOOD
2026-05-18T04:00:00+05:30,PUNE_EAST,0.0,0.0,0.0,20.8,79.9,0.0,4.3,GOOD
2026-05-18T04:15:00+05:30,PUNE_EAST,0.0,0.0,0.0,20,82.8,0.0,3.4,GOOD
2026-05-18T04:30:00+05:30,PUNE_EAST,0.0,0.0,0.0,20.7,82.7,0.0,2.4,GOOD
2026-05-18T04:45:00+05:30,PUNE_EAST,0.0,0.0,0.0,21.3,87.3,0.0,5.1,GOOD
2026-05-18T05:00:00+05:30,PUNE_EAST,0.0,0.0,0.0,21.1,86.1,0.0,4.6,GOOD
2026-05-18T05:15:00+05:30,PUNE_EAST,0.0,0.0,0.0,20.3,78.3,0.0,4.0,GOOD
2026-05-18T05:30:00+05:30,PUNE_EAST,0.0,0.0,0.0,21.7,82.4,0.0,4.6,GOOD
2026-05-18T05:45:00+05:30,PUNE_EAST,0.0,0.0,0.0,22.2,83.3,0.0,3.9,GOOD
2026-05-18T06:00:00+05:30,PUNE_EAST,0.0,0.0,0.0,20.8,81.8,0.0,3.7,GOOD
2026-05-18T06:15:00+05:30,PUNE_EAST,13.8,38.8,9.1,22.5,78.0,0.0,4.3,GOOD
2026-05-18T06:30:00+05:30,PUNE_EAST,34.2,92.5,22.9,22.2,80.0,0.0,2.4,GOOD
2026-05-18T06:45:00+05:30,PUNE_EAST,58.2,117.5,39.1,23.3,80.3,0.0,4.0,GOOD
2026-05-18T07:00:00+05:30,PUNE_EAST,81.2,122.1,54.2,22.9,79.7,0.0,2.4,GOOD
2026-05-18T07:15:00+05:30,PUNE_EAST,68.6,77.1,47.2,25.8,82.6,0.0,3.4,GOOD
2026-05-18T07:30:00+05:30,PUNE_EAST,79.3,74.2,54.5,24.6,82.5,0.0,4.5,GOOD
2026-05-18T07:45:00+05:30,PUNE_EAST,173.9,151.4,114.7,27.8,78.4,0.0,4.6,GOOD
2026-05-18T08:00:00+05:30,PUNE_EAST,123.6,90.5,83.2,24.9,80.5,0.0,3.8,GOOD
2026-05-18T08:15:00+05:30,PUNE_EAST,157.6,105.2,105.0,27.1,79.5,0.0,3.4,GOOD
2026-05-18T08:30:00+05:30,PUNE_EAST,164.2,86.7,116.4,25.7,86.0,0.0,3.1,GOOD
2026-05-18T08:45:00+05:30,PUNE_EAST,173.3,86.7,121.2,26.8,84.5,0.0,4.3,GOOD
2026-05-18T09:00:00+05:30,PUNE_EAST,191.0,89.3,133.1,27.2,84.1,0.0,3.7,GOOD
2026-05-18T09:15:00+05:30,PUNE_EAST,230.2,94.2,164.8,27.1,87.1,0.0,4.9,GOOD
2026-05-18T09:30:00+05:30,PUNE_EAST,257.8,110.8,176.2,27.4,82.1,0.0,4.6,GOOD
2026-05-18T09:45:00+05:30,PUNE_EAST,260.0,99.4,182.8,28.0,85.1,0.0,4.2,GOOD
2026-05-18T10:00:00+05:30,PUNE_EAST,232.2,79.5,167.5,29.8,87.9,0.0,4.3,GOOD
2026-05-18T10:15:00+05:30,PUNE_EAST,270.2,94.2,190.3,28.6,85.3,0.0,3.9,GOOD
2026-05-18T10:30:00+05:30,PUNE_EAST,263.0,81.6,191.3,29.6,88.8,0.0,4.9,GOOD
2026-05-18T10:45:00+05:30,PUNE_EAST,204.6,56.1,153.7,29.0,92.5,0.0,3.8,GOOD
2026-05-18T11:00:00+05:30,PUNE_EAST,168.1,39.2,131.6,28.6,97.4,0.0,2.8,GOOD
2026-05-18T11:15:00+05:30,PUNE_EAST,207.4,51.1,158.8,29.7,94.7,0.0,4.8,GOOD
2026-05-18T11:30:00+05:30,PUNE_EAST,238.5,63.6,176.9,29.6,91.0,0.0,4.8,GOOD
2026-05-18T11:45:00+05:30,PUNE_EAST,357.2,113.9,245.4,29.9,82.6,0.0,3.1,GOOD
2026-05-18T12:00:00+05:30,PUNE_EAST,401.1,135.9,266.3,32.7,79.1,0.0,4.0,GOOD
2026-05-18T12:15:00+05:30,PUNE_EAST,373.3,118.7,254.9,30.1,82.0,0.0,4.1,GOOD
2026-05-18T12:30:00+05:30,PUNE_EAST,355.5,112.9,242.7,32.2,81.9,0.0,3.3,GOOD
2026-05-18T12:45:00+05:30,PUNE_EAST,377.2,124.5,252.9,30.0,80.1,0.0,3.7,GOOD
2026-05-18T13:00:00+05:30,PUNE_EAST,339.1,110.2,229.7,31.7,81.1,0.0,3.9,GOOD
2026-05-18T13:15:00+05:30,PUNE_EAST,394.5,132.7,264.0,31.5,79.9,0.0,4.4,GOOD
2026-05-18T13:30:00+05:30,PUNE_EAST,412.8,148.7,268.6,31.9,77.0,0.0,4.7,GOOD
2026-05-18T13:45:00+05:30,PUNE_EAST,416.7,155.4,268.6,31.3,76.1,0.0,4.1,GOOD
2026-05-18T14:00:00+05:30,PUNE_EAST,347.5,129.1,227.0,31.3,77.4,0.0,2.9,GOOD
2026-05-18T14:15:00+05:30,PUNE_EAST,287.1,92.8,202.7,31.1,85.6,0.0,4.9,GOOD
2026-05-18T14:30:00+05:30,PUNE_EAST,277.4,89.2,198.8,29.5,87.2,0.0,4.2,GOOD
2026-05-18T14:45:00+05:30,PUNE_EAST,186.9,50.0,144.4,29.7,95.8,0.0,3.8,GOOD
2026-05-18T15:00:00+05:30,PUNE_EAST,82.1,23.9,62.6,29.2,94.3,2.1,5.2,GOOD
2026-05-18T15:15:00+05:30,PUNE_EAST,199.0,61.2,151.3,30.0,93.9,0.0,4.1,GOOD
2026-05-18T15:30:00+05:30,PUNE_EAST,129.1,40.7,99.0,30.8,94.9,0.0,4.9,GOOD
2026-05-18T15:45:00+05:30,PUNE_EAST,182.5,64.9,137.2,28.8,92.6,0.0,4.2,GOOD
2026-05-18T16:00:00+05:30,PUNE_EAST,175.9,74.6,127.3,29.2,88.2,0.0,4.3,GOOD
2026-05-18T16:15:00+05:30,PUNE_EAST,200.5,98.6,140.9,28.2,85.0,0.0,4.0,GOOD
2026-05-18T16:30:00+05:30,PUNE_EAST,108.6,51.0,80.3,25.9,90.7,0.0,4.1,GOOD
2026-05-18T16:45:00+05:30,PUNE_EAST,45.4,20.3,35.1,25.4,96.1,2.4,5.6,GOOD
2026-05-18T17:00:00+05:30,PUNE_EAST,81.9,41.2,63.3,27.1,95.9,0.0,4.4,GOOD
2026-05-18T17:15:00+05:30,PUNE_EAST,60.1,31.9,47.4,25.5,98.4,0.0,4.8,GOOD
2026-05-18T17:30:00+05:30,PUNE_EAST,51.9,31.0,41.3,26.3,99.5,0.0,4.5,GOOD
2026-05-18T17:45:00+05:30,PUNE_EAST,51.8,37.2,41.3,25.5,99.5,0.0,4.2,GOOD
2026-05-18T18:00:00+05:30,PUNE_EAST,21.9,22.0,17.0,25.7,96.1,0.0,4.0,GOOD
2026-05-18T18:15:00+05:30,PUNE_EAST,30.6,44.5,23.2,25.0,93.4,0.0,4.0,GOOD
2026-05-18T18:30:00+05:30,PUNE_EAST,0.1,0.3,0.1,24.7,92.3,0.0,3.8,GOOD
2026-05-18T18:45:00+05:30,PUNE_EAST,0.0,0.0,0.0,24.2,97.7,0.0,3.8,GOOD
2026-05-18T19:00:00+05:30,PUNE_EAST,0.0,0.0,0.0,23.8,96.8,0.0,3.4,GOOD
2026-05-18T19:15:00+05:30,PUNE_EAST,0.0,0.0,0.0,22.9,99.5,0.0,3.6,GOOD
2026-05-18T19:30:00+05:30,PUNE_EAST,0.0,0.0,0.0,20,99.5,1.94,5.4,GOOD
2026-05-18T19:45:00+05:30,PUNE_EAST,0.0,0.0,0.0,23.5,99.2,0.0,4.1,GOOD
2026-05-18T20:00:00+05:30,PUNE_EAST,0.0,0.0,0.0,21.0,99.5,0.0,3.6,GOOD
2026-05-18T20:15:00+05:30,PUNE_EAST,0.0,0.0,0.0,21.3,99.5,0.0,4.1,GOOD
2026-05-18T20:30:00+05:30,PUNE_EAST,0.0,0.0,0.0,21.4,99.5,0.0,4.4,GOOD
2026-05-18T20:45:00+05:30,PUNE_EAST,0.0,0.0,0.0,20.8,99.2,0.0,4.5,GOOD
2026-05-18T21:00:00+05:30,PUNE_EAST,0.0,0.0,0.0,20,99.5,0.88,5.2,GOOD
2026-05-18T21:15:00+05:30,PUNE_EAST,0.0,0.0,0.0,20,95.1,2.24,6.0,GOOD
2026-05-18T21:30:00+05:30,PUNE_EAST,0.0,0.0,0.0,20,95.0,1.36,5.7,GOOD
2026-05-18T21:45:00+05:30,PUNE_EAST,0.0,0.0,0.0,21.4,89.4,0.0,4.2,GOOD
2026-05-18T22:00:00+05:30,PUNE_EAST,0.0,0.0,0.0,20,86.8,0.0,4.7,GOOD
2026-05-18T22:15:00+05:30,PUNE_EAST,0.0,0.0,0.0,20.5,88.2,0.0,3.7,GOOD
2026-05-18T22:30:00+05:30,PUNE_EAST,0.0,0.0,0.0,20,89.2,0.0,4.6,GOOD
2026-05-18T22:45:00+05:30,PUNE_EAST,0.0,0.0,0.0,20,92.5,0.0,4.8,GOOD
2026-05-18T23:00:00+05:30,PUNE_EAST,0.0,0.0,0.0,20.5,91.2,0.0,3.3,GOOD
2026-05-18T23:15:00+05:30,PUNE_EAST,0.0,0.0,0.0,21.5,90.5,0.0,4.1,GOOD
2026-05-18T23:30:00+05:30,PUNE_EAST,0.0,0.0,0.0,20.1,94.6,0.0,4.6,GOOD
2026-05-18T23:45:00+05:30,PUNE_EAST,0.0,0.0,0.0,20,96.7,0.0,5.4,GOOD
2026-05-19T00:00:00+05:30,PUNE_EAST,0.0,0.0,0.0,21.0,84.0,0.0,3.7,GOOD
2026-05-19T00:15:00+05:30,PUNE_EAST,0.0,0.0,0.0,20.3,91.3,0.0,4.1,GOOD
2026-05-19T00:30:00+05:30,PUNE_EAST,0.0,0.0,0.0,22.0,90.9,0.0,4.3,GOOD
2026-05-19T00:45:00+05:30,PUNE_EAST,0.0,0.0,0.0,20.6,89.3,0.0,4.0,GOOD
2026-05-19T01:00:00+05:30,PUNE_EAST,0.0,0.0,0.0,20,87.9,0.0,3.0,GOOD
2026-05-19T01:15:00+05:30,PUNE_EAST,0.0,0.0,0.0,20,94.5,0.14,4.7,GOOD
2026-05-19T01:30:00+05:30,PUNE_EAST,0.0,0.0,0.0,22.2,78.3,0.0,4.5,GOOD
2026-05-19T01:45:00+05:30,PUNE_EAST,0.0,0.0,0.0,20.2,79.2,0.0,3.4,GOOD
2026-05-19T02:00:00+05:30,PUNE_EAST,0.0,0.0,0.0,20.6,76.6,0.0,3.5,GOOD
2026-05-19T02:15:00+05:30,PUNE_EAST,0.0,0.0,0.0,20.2,86.0,0.0,5.3,GOOD
2026-05-19T02:30:00+05:30,PUNE_EAST,0.0,0.0,0.0,20.4,80.4,0.0,3.9,GOOD
2026-05-19T02:45:00+05:30,PUNE_EAST,0.0,0.0,0.0,20.7,84.0,0.0,4.0,GOOD
2026-05-19T03:00:00+05:30,PUNE_EAST,0.0,0.0,0.0,21.3,87.0,0.0,3.6,GOOD
2026-05-19T03:15:00+05:30,PUNE_EAST,0.0,0.0,0.0,20,86.6,0.0,3.2,GOOD
2026-05-19T03:30:00+05:30,PUNE_EAST,0.0,0.0,0.0,20,95.0,0.0,4.1,GOOD
2026-05-19T03:45:00+05:30,PUNE_EAST,0.0,0.0,0.0,21.7,98.1,0.0,4.7,GOOD
2026-05-19T04:00:00+05:30,PUNE_EAST,0.0,0.0,0.0,20.1,94.9,0.0,4.9,GOOD
2026-05-19T04:15:00+05:30,PUNE_EAST,0.0,0.0,0.0,20,93.8,0.0,4.1,GOOD
2026-05-19T04:30:00+05:30,PUNE_EAST,0.0,0.0,0.0,20.9,87.2,0.0,4.8,GOOD
2026-05-19T04:45:00+05:30,PUNE_EAST,0.0,0.0,0.0,21.9,81.4,0.0,3.9,GOOD
2026-05-19T05:00:00+05:30,PUNE_EAST,0.0,0.0,0.0,20,85.2,0.0,3.6,GOOD
2026-05-19T05:15:00+05:30,PUNE_EAST,0.0,0.0,0.0,20.8,83.4,0.0,4.5,GOOD
2026-05-19T05:30:00+05:30,PUNE_EAST,0.0,0.0,0.0,21.5,82.6,0.0,4.7,GOOD
2026-05-19T05:45:00+05:30,PUNE_EAST,0.0,0.0,0.0,21.2,82.8,0.0,4.7,GOOD
2026-05-19T06:00:00+05:30,PUNE_EAST,0.0,0.0,0.0,22.1,78.5,0.0,3.2,GOOD
2026-05-19T06:15:00+05:30,PUNE_EAST,20.0,53.7,13.4,24.4,80.3,0.0,3.6,GOOD
2026-05-19T06:30:00+05:30,PUNE_EAST,1.5,3.7,1.1,24.2,85.1,0.0,3.6,GOOD
2026-05-19T06:45:00+05:30,PUNE_EAST,46.8,80.4,33.6,23.5,87.6,0.0,5.1,GOOD
2026-05-19T07:00:00+05:30,PUNE_EAST,49.4,64.6,35.1,23.1,86.2,0.0,4.6,GOOD
2026-05-19T07:15:00+05:30,PUNE_EAST,66.0,71.1,46.1,25.3,84.5,0.0,3.8,GOOD
2026-05-19T07:30:00+05:30,PUNE_EAST,77.0,67.4,54.3,23.4,85.5,0.0,4.6,GOOD
2026-05-19T07:45:00+05:30,PUNE_EAST,125.7,101.0,86.1,25.4,82.3,0.0,4.5,GOOD
2026-05-19T08:00:00+05:30,PUNE_EAST,115.3,81.9,78.7,26.4,81.9,0.0,3.7,GOOD
2026-05-19T08:15:00+05:30,PUNE_EAST,155.3,95.7,107.4,26.8,83.4,0.0,4.2,GOOD
2026-05-19T08:30:00+05:30,PUNE_EAST,225.2,128.7,154.2,26.2,82.3,0.0,4.7,GOOD
2026-05-19T08:45:00+05:30,PUNE_EAST,171.5,86.2,119.6,26.4,84.3,0.0,3.8,GOOD
2026-05-19T09:00:00+05:30,PUNE_EAST,191.1,88.4,133.8,25.7,84.6,0.0,3.8,GOOD
2026-05-19T09:15:00+05:30,PUNE_EAST,225.5,100.3,155.9,28.4,83.3,0.0,3.6,GOOD
2026-05-19T09:30:00+05:30,PUNE_EAST,266.3,125.0,174.2,28.1,77.6,0.0,3.3,GOOD
2026-05-19T09:45:00+05:30,PUNE_EAST,210.3,78.6,149.2,28.9,86.1,0.0,4.5,GOOD
2026-05-19T10:00:00+05:30,PUNE_EAST,268.2,92.2,193.2,27.5,87.7,0.0,3.0,GOOD
2026-05-19T10:15:00+05:30,PUNE_EAST,267.6,96.8,185.5,28.2,83.6,0.0,4.9,GOOD
2026-05-19T10:30:00+05:30,PUNE_EAST,310.5,109.4,214.3,28.2,83.1,0.0,5.0,GOOD
2026-05-19T10:45:00+05:30,PUNE_EAST,365.0,141.7,236.6,28.9,76.6,0.0,3.8,GOOD
2026-05-19T11:00:00+05:30,PUNE_EAST,360.7,130.8,238.9,31.5,78.8,0.0,3.5,GOOD
2026-05-19T11:15:00+05:30,PUNE_EAST,389.6,136.4,259.8,30.5,79.5,0.0,3.8,GOOD
2026-05-19T11:30:00+05:30,PUNE_EAST,354.7,114.3,243.9,29.8,82.7,0.0,5.4,GOOD
2026-05-19T11:45:00+05:30,PUNE_EAST,387.8,135.0,255.2,32.6,78.2,0.0,3.6,GOOD
2026-05-19T12:00:00+05:30,PUNE_EAST,346.0,117.0,230.0,29.6,79.2,0.0,2.7,GOOD
2026-05-19T12:15:00+05:30,PUNE_EAST,343.0,104.4,238.9,30.7,84.1,0.0,3.2,GOOD
2026-05-19T12:30:00+05:30,PUNE_EAST,405.9,134.8,271.1,30.5,79.7,0.0,3.4,GOOD
2026-05-19T12:45:00+05:30,PUNE_EAST,386.1,127.0,259.4,31.5,80.3,0.0,2.7,GOOD
2026-05-19T13:00:00+05:30,PUNE_EAST,400.4,139.5,262.0,32.2,77.6,0.0,3.5,GOOD
2026-05-19T13:15:00+05:30,PUNE_EAST,370.2,122.7,249.6,31.1,80.6,0.0,3.1,GOOD
2026-05-19T13:30:00+05:30,PUNE_EAST,335.8,106.1,232.9,30.8,83.6,0.0,3.9,GOOD
2026-05-19T13:45:00+05:30,PUNE_EAST,319.3,97.7,226.1,31.3,85.9,0.0,3.9,GOOD
2026-05-19T14:00:00+05:30,PUNE_EAST,235.2,65.3,174.3,30.8,90.9,0.0,3.3,GOOD
2026-05-19T14:15:00+05:30,PUNE_EAST,172.3,42.8,133.3,31.3,96.0,0.0,5.2,GOOD
2026-05-19T14:30:00+05:30,PUNE_EAST,182.0,47.6,140.0,29.4,95.3,0.0,3.7,GOOD
2026-05-19T14:45:00+05:30,PUNE_EAST,115.6,28.3,91.5,28.6,98.7,0.0,3.4,GOOD
2026-05-19T15:00:00+05:30,PUNE_EAST,70.4,21.7,52.6,28.1,92.0,0.56,5.4,GOOD
2026-05-19T15:15:00+05:30,PUNE_EAST,172.0,50.5,132.6,28.2,95.5,0.0,4.6,GOOD
2026-05-19T15:30:00+05:30,PUNE_EAST,179.1,59.2,135.3,28.7,93.1,0.0,4.9,GOOD
2026-05-19T15:45:00+05:30,PUNE_EAST,198.7,70.8,149.3,28.7,92.5,0.0,3.6,GOOD
2026-05-19T16:00:00+05:30,PUNE_EAST,188.7,81.5,135.5,28.6,87.4,0.0,3.9,GOOD
2026-05-19T16:15:00+05:30,PUNE_EAST,189.1,93.0,132.8,27.5,85.0,0.0,2.9,GOOD
2026-05-19T16:30:00+05:30,PUNE_EAST,163.9,85.6,116.3,28.0,86.1,0.0,3.8,GOOD
2026-05-19T16:45:00+05:30,PUNE_EAST,145.9,89.3,100.8,27.3,83.3,0.0,4.9,GOOD
2026-05-19T17:00:00+05:30,PUNE_EAST,136.3,89.2,96.1,28.3,85.4,0.0,3.8,GOOD
2026-05-19T17:15:00+05:30,PUNE_EAST,107.9,73.4,78.8,25.9,89.3,0.0,4.5,GOOD
2026-05-19T17:30:00+05:30,PUNE_EAST,56.2,44.7,40.9,25.7,89.1,0.0,4.7,GOOD
2026-05-19T17:45:00+05:30,PUNE_EAST,98.8,105.0,69.0,26.7,84.4,0.0,4.1,GOOD
2026-05-19T18:00:00+05:30,PUNE_EAST,35.1,35.2,27.1,21.3,95.9,0.3,5.2,GOOD
2026-05-19T18:15:00+05:30,PUNE_EAST,22.0,29.8,16.9,22.0,95.6,0.68,5.8,GOOD
2026-05-19T18:30:00+05:30,PUNE_EAST,14.4,35.4,10.1,24.8,84.6,0.0,3.0,GOOD
2026-05-19T18:45:00+05:30,PUNE_EAST,22.5,61.8,15.0,25.9,79.3,0.0,3.3,GOOD
2026-05-19T19:00:00+05:30,PUNE_EAST,0.0,0.0,0.0,22.8,84.7,0.0,3.5,GOOD
2026-05-19T19:15:00+05:30,PUNE_EAST,0.0,0.0,0.0,24.5,85.4,0.0,5.3,GOOD
2026-05-19T19:30:00+05:30,PUNE_EAST,0.0,0.0,0.0,23.5,86.6,0.0,2.7,GOOD
2026-05-19T19:45:00+05:30,PUNE_EAST,0.0,0.0,0.0,23.7,84.5,0.0,2.9,GOOD
2026-05-19T20:00:00+05:30,PUNE_EAST,0.0,0.0,0.0,21.7,84.5,0.0,2.7,GOOD
2026-05-19T20:15:00+05:30,PUNE_EAST,0.0,0.0,0.0,20.5,87.7,0.0,4.0,GOOD
2026-05-19T20:30:00+05:30,PUNE_EAST,0.0,0.0,0.0,20,93.3,2.89,5.4,GOOD
2026-05-19T20:45:00+05:30,PUNE_EAST,0.0,0.0,0.0,20.6,90.6,0.0,4.7,GOOD
2026-05-19T21:00:00+05:30,PUNE_EAST,0.0,0.0,0.0,20.2,88.2,0.0,3.9,GOOD
2026-05-19T21:15:00+05:30,PUNE_EAST,0.0,0.0,0.0,20.3,87.0,0.0,3.4,GOOD
2026-05-19T21:30:00+05:30,PUNE_EAST,0.0,0.0,0.0,20.5,85.4,0.0,3.8,GOOD
2026-05-19T21:45:00+05:30,PUNE_EAST,0.0,0.0,0.0,21.0,86.2,0.0,5.2,GOOD
2026-05-19T22:00:00+05:30,PUNE_EAST,0.0,0.0,0.0,20,83.1,0.0,3.9,GOOD
2026-05-19T22:15:00+05:30,PUNE_EAST,0.0,0.0,0.0,22.4,80.1,0.0,3.8,GOOD
2026-05-19T22:30:00+05:30,PUNE_EAST,0.0,0.0,0.0,20.3,82.6,0.0,4.8,GOOD
2026-05-19T22:45:00+05:30,PUNE_EAST,0.0,0.0,0.0,20.9,77.7,0.0,3.6,GOOD
2026-05-19T23:00:00+05:30,PUNE_EAST,0.0,0.0,0.0,20.4,85.2,0.0,3.7,GOOD
2026-05-19T23:15:00+05:30,PUNE_EAST,0.0,0.0,0.0,20.1,85.7,0.0,3.5,GOOD
2026-05-19T23:30:00+05:30,PUNE_EAST,0.0,0.0,0.0,20.5,87.3,0.0,4.1,GOOD
2026-05-19T23:45:00+05:30,PUNE_EAST,0.0,0.0,0.0,21.2,88.7,0.0,3.5,GOOD
2026-05-20T00:00:00+05:30,PUNE_EAST,0.0,0.0,0.0,20.4,25.3,0.0,2.9,GOOD
2026-05-20T00:15:00+05:30,PUNE_EAST,0.0,0.0,0.0,22.1,23.3,0.0,2.8,GOOD
2026-05-20T00:30:00+05:30,PUNE_EAST,0.0,0.0,0.0,22.3,25.8,0.0,3.3,GOOD
2026-05-20T00:45:00+05:30,PUNE_EAST,0.0,0.0,0.0,23.2,29.4,0.0,2.3,GOOD
2026-05-20T01:00:00+05:30,PUNE_EAST,0.0,0.0,0.0,22.8,32.4,0.0,3.9,GOOD
2026-05-20T01:15:00+05:30,PUNE_EAST,0.0,0.0,0.0,21.9,34.1,0.0,3.2,GOOD
2026-05-20T01:30:00+05:30,PUNE_EAST,0.0,0.0,0.0,21.0,36.4,0.0,2.7,GOOD
2026-05-20T01:45:00+05:30,PUNE_EAST,0.0,0.0,0.0,22.6,35.9,0.0,2.8,GOOD
2026-05-20T02:00:00+05:30,PUNE_EAST,0.0,0.0,0.0,23.2,36.0,0.0,2.8,GOOD
2026-05-20T02:15:00+05:30,PUNE_EAST,0.0,0.0,0.0,22.6,37.1,0.0,3.3,GOOD
2026-05-20T02:30:00+05:30,PUNE_EAST,0.0,0.0,0.0,21.7,38.2,0.0,3.3,GOOD
2026-05-20T02:45:00+05:30,PUNE_EAST,0.0,0.0,0.0,22.5,36.9,0.0,2.4,GOOD
2026-05-20T03:00:00+05:30,PUNE_EAST,0.0,0.0,0.0,24.3,35.2,0.0,2.2,GOOD
2026-05-20T03:15:00+05:30,PUNE_EAST,0.0,0.0,0.0,23.5,32.9,0.0,2.8,GOOD
2026-05-20T03:30:00+05:30,PUNE_EAST,0.0,0.0,0.0,21.9,38.5,0.0,3.0,GOOD
2026-05-20T03:45:00+05:30,PUNE_EAST,0.0,0.0,0.0,22.8,42.5,0.0,1.8,GOOD
2026-05-20T04:00:00+05:30,PUNE_EAST,0.0,0.0,0.0,22.0,40.5,0.0,1.9,GOOD
2026-05-20T04:15:00+05:30,PUNE_EAST,0.0,0.0,0.0,22.3,37.0,0.0,2.6,GOOD
2026-05-20T04:30:00+05:30,PUNE_EAST,0.0,0.0,0.0,22.5,32.6,0.0,2.0,GOOD
2026-05-20T04:45:00+05:30,PUNE_EAST,0.0,0.0,0.0,20.7,29.7,0.0,1.9,GOOD
2026-05-20T05:00:00+05:30,PUNE_EAST,0.0,0.0,0.0,22.3,29.3,0.0,2.3,GOOD
2026-05-20T05:15:00+05:30,PUNE_EAST,0.0,0.0,0.0,22.7,29.8,0.0,4.0,GOOD
2026-05-20T05:30:00+05:30,PUNE_EAST,0.0,0.0,0.0,21.6,42.9,0.0,3.5,GOOD
2026-05-20T05:45:00+05:30,PUNE_EAST,0.0,0.0,0.0,23.2,42.1,0.0,4.7,GOOD
2026-05-20T06:00:00+05:30,PUNE_EAST,0.0,0.0,0.0,24.5,47.9,0.0,2.4,GOOD
2026-05-20T06:15:00+05:30,PUNE_EAST,25.8,120.6,11.1,24.1,43.2,0.0,3.1,GOOD
2026-05-20T06:30:00+05:30,PUNE_EAST,61.5,307.4,24.0,24.2,37.0,0.0,2.6,GOOD
2026-05-20T06:45:00+05:30,PUNE_EAST,114.3,415.4,46.1,25.0,39.0,0.0,3.0,GOOD
2026-05-20T07:00:00+05:30,PUNE_EAST,164.2,448.6,64.5,24.3,37.3,0.0,3.0,GOOD
2026-05-20T07:15:00+05:30,PUNE_EAST,209.1,432.6,88.1,27.0,41.7,0.0,2.5,GOOD
2026-05-20T07:30:00+05:30,PUNE_EAST,258.5,458.1,104.3,24.9,39.0,0.0,3.3,GOOD
2026-05-20T07:45:00+05:30,PUNE_EAST,326.1,508.0,126.8,26.8,36.7,0.0,2.3,GOOD
2026-05-20T08:00:00+05:30,PUNE_EAST,390.5,527.8,154.5,27.4,37.8,0.0,2.9,GOOD
2026-05-20T08:15:00+05:30,PUNE_EAST,429.1,545.9,156.0,28.0,32.9,0.0,2.2,GOOD
2026-05-20T08:30:00+05:30,PUNE_EAST,508.7,625.0,163.8,28.0,26.5,0.0,2.8,GOOD
2026-05-20T08:45:00+05:30,PUNE_EAST,561.0,662.4,162.6,30.4,21.5,0.0,1.7,GOOD
2026-05-20T09:00:00+05:30,PUNE_EAST,595.4,640.1,180.0,30.2,23.4,0.0,2.3,GOOD
2026-05-20T09:15:00+05:30,PUNE_EAST,663.8,661.8,204.4,30.6,24.3,0.0,2.3,GOOD
2026-05-20T09:30:00+05:30,PUNE_EAST,707.9,637.1,238.5,28.9,28.8,0.0,3.0,GOOD
2026-05-20T09:45:00+05:30,PUNE_EAST,756.4,659.5,244.0,31.1,26.6,0.0,2.2,GOOD
2026-05-20T10:00:00+05:30,PUNE_EAST,750.5,570.6,286.1,29.8,35.6,0.0,2.6,GOOD
2026-05-20T10:15:00+05:30,PUNE_EAST,827.2,618.9,302.3,32.0,33.2,0.0,2.9,GOOD
2026-05-20T10:30:00+05:30,PUNE_EAST,854.7,596.5,330.4,31.3,36.4,0.0,2.7,GOOD
2026-05-20T10:45:00+05:30,PUNE_EAST,921.4,655.6,327.0,31.8,31.5,0.0,3.3,GOOD
2026-05-20T11:00:00+05:30,PUNE_EAST,911.3,613.8,340.0,31.0,34.3,0.0,3.3,GOOD
2026-05-20T11:15:00+05:30,PUNE_EAST,928.5,596.6,360.9,31.4,36.7,0.0,1.6,GOOD
2026-05-20T11:30:00+05:30,PUNE_EAST,931.2,586.5,363.1,32.7,36.9,0.0,2.1,GOOD
2026-05-20T11:45:00+05:30,PUNE_EAST,966.5,617.0,360.5,30.9,34.3,0.0,3.0,GOOD
2026-05-20T12:00:00+05:30,PUNE_EAST,972.1,626.6,350.7,32.8,32.4,0.0,3.7,GOOD
2026-05-20T12:15:00+05:30,PUNE_EAST,982.8,609.9,374.3,32.0,35.5,0.0,2.5,GOOD
2026-05-20T12:30:00+05:30,PUNE_EAST,983.2,642.0,341.4,33.2,30.3,0.0,3.8,GOOD
2026-05-20T12:45:00+05:30,PUNE_EAST,975.9,632.1,345.1,32.7,31.3,0.0,2.9,GOOD
2026-05-20T13:00:00+05:30,PUNE_EAST,989.7,657.8,336.9,34.0,29.3,0.0,2.2,GOOD
2026-05-20T13:15:00+05:30,PUNE_EAST,1009.6,714.1,307.6,33.0,23.8,0.0,2.4,GOOD
2026-05-20T13:30:00+05:30,PUNE_EAST,957.0,659.6,317.2,33.9,27.9,0.0,2.7,GOOD
2026-05-20T13:45:00+05:30,PUNE_EAST,955.9,671.5,315.8,32.7,27.7,0.0,2.7,GOOD
2026-05-20T14:00:00+05:30,PUNE_EAST,918.4,636.1,325.0,32.8,31.4,0.0,3.5,GOOD
2026-05-20T14:15:00+05:30,PUNE_EAST,867.9,600.7,321.8,31.5,34.0,0.0,3.5,GOOD
2026-05-20T14:30:00+05:30,PUNE_EAST,829.3,573.1,324.0,32.0,37.0,0.0,2.9,GOOD
2026-05-20T14:45:00+05:30,PUNE_EAST,773.8,484.7,361.3,32.9,48.8,0.0,3.5,GOOD
2026-05-20T15:00:00+05:30,PUNE_EAST,738.1,471.3,353.1,32.1,50.5,0.0,4.0,GOOD
2026-05-20T15:15:00+05:30,PUNE_EAST,723.0,518.0,318.8,31.6,44.8,0.0,3.1,GOOD
2026-05-20T15:30:00+05:30,PUNE_EAST,668.1,472.5,318.2,31.0,50.2,0.0,2.0,GOOD
2026-05-20T15:45:00+05:30,PUNE_EAST,616.2,486.1,276.9,31.7,46.1,0.0,4.5,GOOD
2026-05-20T16:00:00+05:30,PUNE_EAST,582.3,512.1,247.9,29.0,42.4,0.0,3.6,GOOD
2026-05-20T16:15:00+05:30,PUNE_EAST,534.3,516.0,221.7,32.1,40.8,0.0,2.9,GOOD
2026-05-20T16:30:00+05:30,PUNE_EAST,488.4,513.6,202.7,29.0,40.8,0.0,2.2,GOOD
2026-05-20T16:45:00+05:30,PUNE_EAST,440.1,474.4,200.4,29.8,47.0,0.0,4.1,GOOD
2026-05-20T17:00:00+05:30,PUNE_EAST,369.5,435.8,172.5,29.8,48.8,0.0,2.8,GOOD
2026-05-20T17:15:00+05:30,PUNE_EAST,332.9,454.3,152.3,28.1,47.3,0.0,2.3,GOOD
2026-05-20T17:30:00+05:30,PUNE_EAST,276.5,457.7,120.0,29.1,43.7,0.0,4.4,GOOD
2026-05-20T17:45:00+05:30,PUNE_EAST,225.1,453.3,95.9,28.5,42.5,0.0,4.7,GOOD
2026-05-20T18:00:00+05:30,PUNE_EAST,173.9,418.0,78.8,26.8,46.6,0.0,2.7,GOOD
2026-05-20T18:15:00+05:30,PUNE_EAST,105.4,325.6,50.2,26.8,50.3,0.0,4.1,GOOD
2026-05-20T18:30:00+05:30,PUNE_EAST,52.6,223.4,25.4,26.4,51.2,0.0,3.6,GOOD
2026-05-20T18:45:00+05:30,PUNE_EAST,17.8,72.6,9.0,25.2,54.4,0.0,2.7,GOOD
2026-05-20T19:00:00+05:30,PUNE_EAST,0.0,0.0,0.0,25.8,51.1,0.0,2.1,GOOD
2026-05-20T19:15:00+05:30,PUNE_EAST,0.0,0.0,0.0,24.4,54.3,0.0,3.4,GOOD
2026-05-20T19:30:00+05:30,PUNE_EAST,0.0,0.0,0.0,23.7,58.6,0.0,3.6,GOOD
2026-05-20T19:45:00+05:30,PUNE_EAST,0.0,0.0,0.0,23.1,53.1,0.0,2.8,GOOD
2026-05-20T20:00:00+05:30,PUNE_EAST,0.0,0.0,0.0,23.5,51.2,0.0,4.0,GOOD
2026-05-20T20:15:00+05:30,PUNE_EAST,0.0,0.0,0.0,22.5,56.5,0.0,3.8,GOOD
2026-05-20T20:30:00+05:30,PUNE_EAST,0.0,0.0,0.0,23.2,52.8,0.0,3.6,GOOD
2026-05-20T20:45:00+05:30,PUNE_EAST,0.0,0.0,0.0,22.3,54.8,0.0,3.0,GOOD
2026-05-20T21:00:00+05:30,PUNE_EAST,0.0,0.0,0.0,22.9,54.9,0.0,2.9,GOOD
2026-05-20T21:15:00+05:30,PUNE_EAST,0.0,0.0,0.0,21.5,51.3,0.0,4.7,GOOD
2026-05-20T21:30:00+05:30,PUNE_EAST,0.0,0.0,0.0,21.9,57.7,0.0,3.8,GOOD
2026-05-20T21:45:00+05:30,PUNE_EAST,0.0,0.0,0.0,21.0,54.0,0.0,2.3,GOOD
2026-05-20T22:00:00+05:30,PUNE_EAST,0.0,0.0,0.0,22.7,55.6,0.0,1.7,GOOD
2026-05-20T22:15:00+05:30,PUNE_EAST,0.0,0.0,0.0,22.2,61.0,0.0,3.0,GOOD
2026-05-20T22:30:00+05:30,PUNE_EAST,0.0,0.0,0.0,21.3,58.8,0.0,2.0,GOOD
2026-05-20T22:45:00+05:30,PUNE_EAST,0.0,0.0,0.0,21.0,62.8,0.0,2.6,GOOD
2026-05-20T23:00:00+05:30,PUNE_EAST,0.0,0.0,0.0,21.7,60.5,0.0,3.8,GOOD
2026-05-20T23:15:00+05:30,PUNE_EAST,0.0,0.0,0.0,20,64.7,0.0,4.6,GOOD
2026-05-20T23:30:00+05:30,PUNE_EAST,0.0,0.0,0.0,22.2,64.7,0.0,3.1,GOOD
2026-05-20T23:45:00+05:30,PUNE_EAST,0.0,0.0,0.0,20.9,64.6,0.0,3.6,GOOD
2026-05-21T00:00:00+05:30,PUNE_EAST,0.0,0.0,0.0,24.0,38.8,0.0,3.4,GOOD
2026-05-21T00:15:00+05:30,PUNE_EAST,0.0,0.0,0.0,22.5,38.6,0.0,2.6,GOOD
2026-05-21T00:30:00+05:30,PUNE_EAST,0.0,0.0,0.0,22.3,40.7,0.0,3.2,GOOD
2026-05-21T00:45:00+05:30,PUNE_EAST,0.0,0.0,0.0,21.2,44.9,0.0,3.5,GOOD
2026-05-21T01:00:00+05:30,PUNE_EAST,0.0,0.0,0.0,22.5,36.3,0.0,3.6,GOOD
2026-05-21T01:15:00+05:30,PUNE_EAST,0.0,0.0,0.0,22.8,36.6,0.0,2.6,GOOD
2026-05-21T01:30:00+05:30,PUNE_EAST,0.0,0.0,0.0,22.2,35.3,0.0,2.9,GOOD
2026-05-21T01:45:00+05:30,PUNE_EAST,0.0,0.0,0.0,21.8,38.3,0.0,4.2,GOOD
2026-05-21T02:00:00+05:30,PUNE_EAST,0.0,0.0,0.0,22.0,34.8,0.0,3.5,GOOD
2026-05-21T02:15:00+05:30,PUNE_EAST,0.0,0.0,0.0,22.3,34.0,0.0,3.8,GOOD
2026-05-21T02:30:00+05:30,PUNE_EAST,0.0,0.0,0.0,24.0,34.2,0.0,2.8,GOOD
2026-05-21T02:45:00+05:30,PUNE_EAST,0.0,0.0,0.0,22.6,25.5,0.0,2.5,GOOD
2026-05-21T03:00:00+05:30,PUNE_EAST,0.0,0.0,0.0,23.5,30.3,0.0,3.7,GOOD
2026-05-21T03:15:00+05:30,PUNE_EAST,0.0,0.0,0.0,21.9,32.9,0.0,2.6,GOOD
2026-05-21T03:30:00+05:30,PUNE_EAST,0.0,0.0,0.0,23.8,30.5,0.0,2.7,GOOD
2026-05-21T03:45:00+05:30,PUNE_EAST,0.0,0.0,0.0,21.8,29.4,0.0,2.7,GOOD
2026-05-21T04:00:00+05:30,PUNE_EAST,0.0,0.0,0.0,23.0,30.7,0.0,2.0,GOOD
2026-05-21T04:15:00+05:30,PUNE_EAST,0.0,0.0,0.0,23.4,31.1,0.0,3.2,GOOD
2026-05-21T04:30:00+05:30,PUNE_EAST,0.0,0.0,0.0,22.6,32.2,0.0,3.6,GOOD
2026-05-21T04:45:00+05:30,PUNE_EAST,0.0,0.0,0.0,22.3,26.4,0.0,1.8,GOOD
2026-05-21T05:00:00+05:30,PUNE_EAST,0.0,0.0,0.0,22.7,26.0,0.0,2.2,GOOD
2026-05-21T05:15:00+05:30,PUNE_EAST,0.0,0.0,0.0,22.8,31.3,0.0,3.3,GOOD
2026-05-21T05:30:00+05:30,PUNE_EAST,0.0,0.0,0.0,22.4,29.8,0.0,2.8,GOOD
2026-05-21T05:45:00+05:30,PUNE_EAST,0.0,0.0,0.0,23.2,30.5,0.0,4.3,GOOD
2026-05-21T06:00:00+05:30,PUNE_EAST,0.0,0.0,0.0,24.7,30.8,0.0,3.6,GOOD
2026-05-21T06:15:00+05:30,PUNE_EAST,26.4,133.7,10.1,25.7,35.7,0.0,3.2,GOOD
2026-05-21T06:30:00+05:30,PUNE_EAST,73.0,369.5,28.0,24.5,35.9,0.0,3.8,GOOD
2026-05-21T06:45:00+05:30,PUNE_EAST,112.3,414.7,43.9,24.2,37.0,0.0,3.2,GOOD
2026-05-21T07:00:00+05:30,PUNE_EAST,175.8,455.6,74.2,25.6,41.9,0.0,2.7,GOOD
2026-05-21T07:15:00+05:30,PUNE_EAST,204.1,431.0,83.2,26.8,39.7,0.0,2.9,GOOD
2026-05-21T07:30:00+05:30,PUNE_EAST,273.9,466.1,116.8,27.1,42.5,0.0,4.0,GOOD
2026-05-21T07:45:00+05:30,PUNE_EAST,375.9,585.2,145.9,27.5,36.6,0.0,3.1,GOOD
2026-05-21T08:00:00+05:30,PUNE_EAST,409.4,571.7,153.5,26.2,34.6,0.0,2.4,GOOD
2026-05-21T08:15:00+05:30,PUNE_EAST,458.5,567.3,174.5,27.6,35.5,0.0,3.9,GOOD
2026-05-21T08:30:00+05:30,PUNE_EAST,498.3,583.3,176.2,28.1,31.3,0.0,3.0,GOOD
2026-05-21T08:45:00+05:30,PUNE_EAST,538.5,590.5,183.3,30.0,29.3,0.0,1.9,GOOD
2026-05-21T09:00:00+05:30,PUNE_EAST,623.2,612.4,225.6,29.3,32.6,0.0,3.2,GOOD
2026-05-21T09:15:00+05:30,PUNE_EAST,661.2,568.4,266.6,28.5,39.0,0.0,2.7,GOOD
2026-05-21T09:30:00+05:30,PUNE_EAST,709.4,569.0,290.1,30.5,39.8,0.0,3.3,GOOD
2026-05-21T09:45:00+05:30,PUNE_EAST,756.0,600.2,289.7,29.5,35.9,0.0,3.3,GOOD
2026-05-21T10:00:00+05:30,PUNE_EAST,781.1,567.9,318.9,31.2,39.7,0.0,2.3,GOOD
2026-05-21T10:15:00+05:30,PUNE_EAST,803.0,557.8,330.0,31.0,40.1,0.0,4.5,GOOD
2026-05-21T10:30:00+05:30,PUNE_EAST,820.2,528.3,355.9,31.1,43.7,0.0,2.6,GOOD
2026-05-21T10:45:00+05:30,PUNE_EAST,850.3,568.1,335.3,31.5,37.6,0.0,4.2,GOOD
2026-05-21T11:00:00+05:30,PUNE_EAST,886.9,552.1,373.0,31.1,41.6,0.0,3.0,GOOD
2026-05-21T11:15:00+05:30,PUNE_EAST,918.5,542.7,402.2,29.7,44.3,0.0,3.3,GOOD
2026-05-21T11:30:00+05:30,PUNE_EAST,957.7,584.3,391.7,33.6,39.9,0.0,3.6,GOOD
2026-05-21T11:45:00+05:30,PUNE_EAST,926.9,544.4,392.3,31.9,42.0,0.0,3.7,GOOD
2026-05-21T12:00:00+05:30,PUNE_EAST,963.9,566.4,402.2,31.8,41.1,0.0,3.3,GOOD
2026-05-21T12:15:00+05:30,PUNE_EAST,991.9,591.5,401.8,31.4,39.3,0.0,1.6,GOOD
2026-05-21T12:30:00+05:30,PUNE_EAST,974.5,551.3,423.4,32.7,43.8,0.0,3.6,GOOD
2026-05-21T12:45:00+05:30,PUNE_EAST,955.4,588.1,368.6,32.1,36.3,0.0,1.8,GOOD
2026-05-21T13:00:00+05:30,PUNE_EAST,965.1,551.5,417.8,32.6,43.5,0.0,2.6,GOOD
2026-05-21T13:15:00+05:30,PUNE_EAST,897.2,488.6,416.9,31.4,48.4,0.0,3.0,GOOD
2026-05-21T13:30:00+05:30,PUNE_EAST,934.4,551.2,399.8,32.0,42.7,0.0,3.1,GOOD
2026-05-21T13:45:00+05:30,PUNE_EAST,897.0,556.4,366.6,32.8,39.8,0.0,2.3,GOOD
2026-05-21T14:00:00+05:30,PUNE_EAST,896.1,580.8,354.2,32.3,37.7,0.0,3.2,GOOD
2026-05-21T14:15:00+05:30,PUNE_EAST,880.6,573.2,359.5,33.3,39.7,0.0,3.4,GOOD
2026-05-21T14:30:00+05:30,PUNE_EAST,827.0,536.5,353.9,32.4,42.8,0.0,2.8,GOOD
2026-05-21T14:45:00+05:30,PUNE_EAST,802.3,537.6,344.7,31.6,43.0,0.0,3.5,GOOD
2026-05-21T15:00:00+05:30,PUNE_EAST,755.5,506.4,341.6,32.0,46.5,0.0,3.0,GOOD
2026-05-21T15:15:00+05:30,PUNE_EAST,708.5,492.5,324.1,32.4,47.3,0.0,3.8,GOOD
2026-05-21T15:30:00+05:30,PUNE_EAST,636.2,465.6,291.2,31.8,47.3,0.0,2.8,GOOD
2026-05-21T15:45:00+05:30,PUNE_EAST,616.7,474.1,285.4,29.5,48.1,0.0,2.3,GOOD
2026-05-21T16:00:00+05:30,PUNE_EAST,544.6,409.6,276.9,30.6,55.1,0.0,2.9,GOOD
2026-05-21T16:15:00+05:30,PUNE_EAST,489.7,410.2,241.0,29.3,52.6,0.0,3.5,GOOD
2026-05-21T16:30:00+05:30,PUNE_EAST,473.5,454.9,220.0,28.7,48.4,0.0,2.8,GOOD
2026-05-21T16:45:00+05:30,PUNE_EAST,437.2,487.0,190.9,30.0,44.1,0.0,4.3,GOOD
2026-05-21T17:00:00+05:30,PUNE_EAST,385.3,482.2,167.0,27.8,43.6,0.0,2.7,GOOD
2026-05-21T17:15:00+05:30,PUNE_EAST,327.7,474.6,138.6,28.9,42.0,0.0,2.7,GOOD
2026-05-21T17:30:00+05:30,PUNE_EAST,272.6,480.9,107.8,29.5,37.8,0.0,2.4,GOOD
2026-05-21T17:45:00+05:30,PUNE_EAST,196.3,409.6,79.2,29.0,39.0,0.0,3.6,GOOD
2026-05-21T18:00:00+05:30,PUNE_EAST,163.4,391.8,73.9,28.0,46.5,0.0,4.0,SUSPECT
2026-05-21T18:15:00+05:30,PUNE_EAST,92.2,248.4,49.8,25.6,60.0,0.0,3.8,GOOD
2026-05-21T18:30:00+05:30,PUNE_EAST,91.7,346.3,49.5,26.4,60.0,0.0,3.1,GOOD
2026-05-21T18:45:00+05:30,PUNE_EAST,56.7,217.7,30.2,24.9,58.8,0.0,3.0,GOOD
2026-05-21T19:00:00+05:30,PUNE_EAST,0.0,0.0,0.0,25.9,63.7,0.0,4.0,GOOD
2026-05-21T19:15:00+05:30,PUNE_EAST,0.0,0.0,0.0,26.1,62.4,0.0,3.7,GOOD
2026-05-21T19:30:00+05:30,PUNE_EAST,0.0,0.0,0.0,23.6,63.2,0.0,4.0,GOOD
2026-05-21T19:45:00+05:30,PUNE_EAST,0.0,0.0,0.0,24.0,60.3,0.0,2.7,GOOD
2026-05-21T20:00:00+05:30,PUNE_EAST,0.0,0.0,0.0,23.6,55.5,0.0,2.5,GOOD
2026-05-21T20:15:00+05:30,PUNE_EAST,0.0,0.0,0.0,23.1,56.2,0.0,2.2,GOOD
2026-05-21T20:30:00+05:30,PUNE_EAST,0.0,0.0,0.0,21.8,49.5,0.0,3.6,GOOD
2026-05-21T20:45:00+05:30,PUNE_EAST,0.0,0.0,0.0,21.9,51.8,0.0,3.3,GOOD
2026-05-21T21:00:00+05:30,PUNE_EAST,0.0,0.0,0.0,21.7,55.1,0.0,3.4,GOOD
2026-05-21T21:15:00+05:30,PUNE_EAST,0.0,0.0,0.0,20.3,51.9,0.0,3.1,GOOD
2026-05-21T21:30:00+05:30,PUNE_EAST,0.0,0.0,0.0,21.5,45.0,0.0,2.5,GOOD
2026-05-21T21:45:00+05:30,PUNE_EAST,0.0,0.0,0.0,21.2,45.6,0.0,2.9,GOOD
2026-05-21T22:00:00+05:30,PUNE_EAST,0.0,0.0,0.0,22.6,47.6,0.0,2.7,GOOD
2026-05-21T22:15:00+05:30,PUNE_EAST,0.0,0.0,0.0,20.8,52.7,0.0,3.8,GOOD
2026-05-21T22:30:00+05:30,PUNE_EAST,0.0,0.0,0.0,21.3,54.2,0.0,2.8,GOOD
2026-05-21T22:45:00+05:30,PUNE_EAST,0.0,0.0,0.0,21.5,58.7,0.0,4.6,GOOD
2026-05-21T23:00:00+05:30,PUNE_EAST,0.0,0.0,0.0,21.4,60.4,0.0,3.7,GOOD
2026-05-21T23:15:00+05:30,PUNE_EAST,0.0,0.0,0.0,21.6,57.2,0.0,4.0,GOOD
2026-05-21T23:30:00+05:30,PUNE_EAST,0.0,0.0,0.0,21.3,55.8,0.0,4.5,GOOD
2026-05-21T23:45:00+05:30,PUNE_EAST,0.0,0.0,0.0,21.0,54.5,0.0,2.8,GOOD
2026-05-22T00:00:00+05:30,PUNE_EAST,0.0,0.0,0.0,21.4,77.6,0.0,3.0,GOOD
2026-05-22T00:15:00+05:30,PUNE_EAST,0.0,0.0,0.0,21.7,76.1,0.0,3.6,GOOD
2026-05-22T00:30:00+05:30,PUNE_EAST,0.0,0.0,0.0,21.4,75.4,0.0,3.4,GOOD
2026-05-22T00:45:00+05:30,PUNE_EAST,0.0,0.0,0.0,20.5,73.1,0.0,4.3,GOOD
2026-05-22T01:00:00+05:30,PUNE_EAST,0.0,0.0,0.0,21.5,78.4,0.0,2.5,GOOD
2026-05-22T01:15:00+05:30,PUNE_EAST,0.0,0.0,0.0,20.0,81.5,0.0,3.7,GOOD
2026-05-22T01:30:00+05:30,PUNE_EAST,0.0,0.0,0.0,21.3,82.3,0.0,3.5,GOOD
2026-05-22T01:45:00+05:30,PUNE_EAST,0.0,0.0,0.0,20.8,83.7,0.0,4.6,GOOD
2026-05-22T02:00:00+05:30,PUNE_EAST,0.0,0.0,0.0,20,82.1,0.0,4.1,GOOD
2026-05-22T02:15:00+05:30,PUNE_EAST,0.0,0.0,0.0,20.4,84.9,0.0,3.9,GOOD
2026-05-22T02:30:00+05:30,PUNE_EAST,0.0,0.0,0.0,20.8,77.6,0.0,2.5,GOOD
2026-05-22T02:45:00+05:30,PUNE_EAST,0.0,0.0,0.0,20.8,80.7,0.0,4.2,GOOD
2026-05-22T03:00:00+05:30,PUNE_EAST,0.0,0.0,0.0,20.5,79.8,0.0,4.3,GOOD
2026-05-22T03:15:00+05:30,PUNE_EAST,0.0,0.0,0.0,20.4,82.5,0.0,3.3,GOOD
2026-05-22T03:30:00+05:30,PUNE_EAST,0.0,0.0,0.0,20,81.3,0.0,3.8,GOOD
2026-05-22T03:45:00+05:30,PUNE_EAST,0.0,0.0,0.0,20,77.0,0.0,2.4,GOOD
2026-05-22T04:00:00+05:30,PUNE_EAST,0.0,0.0,0.0,22.9,79.1,0.0,3.8,GOOD
2026-05-22T04:15:00+05:30,PUNE_EAST,0.0,0.0,0.0,21.6,76.4,0.0,2.8,GOOD
2026-05-22T04:30:00+05:30,PUNE_EAST,0.0,0.0,0.0,21.1,76.4,0.0,3.6,GOOD
2026-05-22T04:45:00+05:30,PUNE_EAST,0.0,0.0,0.0,20.7,75.3,0.0,3.3,GOOD
2026-05-22T05:00:00+05:30,PUNE_EAST,0.0,0.0,0.0,21.5,74.8,0.0,2.6,GOOD
2026-05-22T05:15:00+05:30,PUNE_EAST,0.0,0.0,0.0,21.5,75.3,0.0,2.2,GOOD
2026-05-22T05:30:00+05:30,PUNE_EAST,0.0,0.0,0.0,21.5,73.5,0.0,4.0,GOOD
2026-05-22T05:45:00+05:30,PUNE_EAST,0.0,0.0,0.0,21.7,72.4,0.0,4.3,GOOD
2026-05-22T06:00:00+05:30,PUNE_EAST,0.0,0.0,0.0,22.9,76.3,0.0,3.2,GOOD
2026-05-22T06:15:00+05:30,PUNE_EAST,24.9,73.5,16.0,21.6,75.5,0.0,3.6,GOOD
2026-05-22T06:30:00+05:30,PUNE_EAST,47.3,125.8,32.0,22.3,80.9,0.0,3.8,GOOD
2026-05-22T06:45:00+05:30,PUNE_EAST,59.6,133.2,37.6,24.4,73.8,0.0,4.0,GOOD
2026-05-22T07:00:00+05:30,PUNE_EAST,108.4,168.8,70.6,24.1,77.2,0.0,4.5,GOOD
2026-05-22T07:15:00+05:30,PUNE_EAST,131.1,180.0,80.5,24.3,71.4,0.0,3.7,GOOD
2026-05-22T07:30:00+05:30,PUNE_EAST,161.0,167.6,104.3,23.6,76.7,0.0,3.5,GOOD
2026-05-22T07:45:00+05:30,PUNE_EAST,166.4,140.8,111.0,26.8,79.6,0.0,3.3,GOOD
2026-05-22T08:00:00+05:30,PUNE_EAST,185.5,138.2,123.6,26.8,79.4,0.0,3.6,GOOD
2026-05-22T08:15:00+05:30,PUNE_EAST,245.9,169.9,160.7,27.1,77.5,0.0,3.3,GOOD
2026-05-22T08:30:00+05:30,PUNE_EAST,266.5,164.4,175.7,25.9,78.3,0.0,4.1,GOOD
2026-05-22T08:45:00+05:30,PUNE_EAST,295.7,158.1,200.5,25.3,81.2,0.0,3.5,GOOD
2026-05-22T09:00:00+05:30,PUNE_EAST,288.1,139.0,197.9,27.0,82.6,0.0,4.3,GOOD
2026-05-22T09:15:00+05:30,PUNE_EAST,342.8,172.4,223.1,27.7,77.0,0.0,3.9,GOOD
2026-05-22T09:30:00+05:30,PUNE_EAST,412.0,206.6,259.7,29.7,73.9,0.0,4.0,GOOD
2026-05-22T09:45:00+05:30,PUNE_EAST,437.8,204.3,279.1,28.6,75.0,0.0,4.2,GOOD
2026-05-22T10:00:00+05:30,PUNE_EAST,426.7,180.7,279.7,29.4,77.7,0.0,3.5,GOOD
2026-05-22T10:15:00+05:30,PUNE_EAST,419.4,164.4,280.0,31.3,79.6,0.0,3.9,GOOD
2026-05-22T10:30:00+05:30,PUNE_EAST,492.9,199.8,317.3,29.2,76.0,0.0,2.5,GOOD
2026-05-22T10:45:00+05:30,PUNE_EAST,517.9,225.5,313.5,29.4,70.0,0.0,3.1,GOOD
2026-05-22T11:00:00+05:30,PUNE_EAST,579.2,241.1,354.8,31.4,71.2,0.0,4.1,GOOD
2026-05-22T11:15:00+05:30,PUNE_EAST,541.7,213.0,339.1,30.4,73.2,0.0,4.4,GOOD
2026-05-22T11:30:00+05:30,PUNE_EAST,575.3,236.2,346.5,31.0,69.6,0.0,2.0,GOOD
2026-05-22T11:45:00+05:30,PUNE_EAST,560.9,210.2,354.5,30.3,74.2,0.0,4.8,GOOD
2026-05-22T12:00:00+05:30,PUNE_EAST,517.9,180.9,338.5,30.9,77.5,0.0,4.4,GOOD
2026-05-22T12:15:00+05:30,PUNE_EAST,509.6,169.3,340.7,31.8,79.8,0.0,3.9,GOOD
2026-05-22T12:30:00+05:30,PUNE_EAST,600.5,224.3,376.4,31.4,73.3,0.0,3.8,GOOD
2026-05-22T12:45:00+05:30,PUNE_EAST,506.4,166.9,339.8,29.3,80.2,0.0,3.8,GOOD
2026-05-22T13:00:00+05:30,PUNE_EAST,533.8,193.7,341.6,32.2,75.4,0.0,2.6,GOOD
2026-05-22T13:15:00+05:30,PUNE_EAST,496.8,169.5,330.2,30.2,79.2,0.0,4.0,GOOD
2026-05-22T13:30:00+05:30,PUNE_EAST,484.2,172.7,316.6,31.6,77.5,0.0,4.1,GOOD
2026-05-22T13:45:00+05:30,PUNE_EAST,512.3,184.1,336.8,31.4,78.1,0.0,4.1,GOOD
2026-05-22T14:00:00+05:30,PUNE_EAST,535.5,210.6,339.0,29.3,74.3,0.0,4.1,GOOD
2026-05-22T14:15:00+05:30,PUNE_EAST,566.2,244.4,344.0,30.7,70.4,0.0,3.5,GOOD
2026-05-22T14:30:00+05:30,PUNE_EAST,481.1,200.5,304.3,31.5,74.2,0.0,2.8,GOOD
2026-05-22T14:45:00+05:30,PUNE_EAST,432.8,176.1,282.9,30.9,77.5,0.0,4.5,GOOD
2026-05-22T15:00:00+05:30,PUNE_EAST,362.6,132.6,254.2,29.6,84.8,0.0,3.8,GOOD
2026-05-22T15:15:00+05:30,PUNE_EAST,339.9,136.3,233.4,29.2,82.6,0.0,4.4,GOOD
2026-05-22T15:30:00+05:30,PUNE_EAST,331.3,142.1,226.0,29.2,81.9,0.0,4.0,GOOD
2026-05-22T15:45:00+05:30,PUNE_EAST,370.7,197.6,232.6,29.9,73.5,0.0,3.0,GOOD
2026-05-22T16:00:00+05:30,PUNE_EAST,367.5,205.1,233.3,30.3,74.6,0.0,4.3,SUSPECT
2026-05-22T16:15:00+05:30,PUNE_EAST,286.0,152.2,193.6,27.9,81.1,0.0,4.0,GOOD
2026-05-22T16:30:00+05:30,PUNE_EAST,192.7,106.9,133.1,26.4,83.2,0.0,4.7,GOOD
2026-05-22T16:45:00+05:30,PUNE_EAST,189.4,114.0,131.6,26.7,83.9,0.0,4.4,GOOD
2026-05-22T17:00:00+05:30,PUNE_EAST,200.1,147.8,133.1,27.7,79.2,0.0,3.4,GOOD
2026-05-22T17:15:00+05:30,PUNE_EAST,166.2,137.9,111.2,25.7,79.8,0.0,3.9,GOOD
2026-05-22T17:30:00+05:30,PUNE_EAST,128.0,115.3,88.4,26.0,83.1,0.0,3.2,GOOD
2026-05-22T17:45:00+05:30,PUNE_EAST,92.2,96.1,64.6,25.9,84.8,0.0,4.4,GOOD
2026-05-22T18:00:00+05:30,PUNE_EAST,116.2,167.5,77.7,23.9,79.8,0.0,3.1,GOOD
2026-05-22T18:15:00+05:30,PUNE_EAST,33.6,65.5,22.4,25.8,79.2,0.0,3.9,GOOD
2026-05-22T18:30:00+05:30,PUNE_EAST,56.9,148.7,38.8,24.3,81.8,0.0,4.6,GOOD
2026-05-22T18:45:00+05:30,PUNE_EAST,30.6,88.5,19.8,24.3,76.5,0.0,3.6,GOOD
2026-05-22T19:00:00+05:30,PUNE_EAST,0.0,0.0,0.0,24.3,77.7,0.0,3.9,GOOD
2026-05-22T19:15:00+05:30,PUNE_EAST,0.0,0.0,0.0,24.3,81.5,0.0,4.0,GOOD
2026-05-22T19:30:00+05:30,PUNE_EAST,0.0,0.0,0.0,22.7,86.3,0.0,4.0,GOOD
2026-05-22T19:45:00+05:30,PUNE_EAST,0.0,0.0,0.0,20.2,87.9,0.0,4.6,GOOD
2026-05-22T20:00:00+05:30,PUNE_EAST,0.0,0.0,0.0,22.4,83.8,0.0,3.9,GOOD
2026-05-22T20:15:00+05:30,PUNE_EAST,0.0,0.0,0.0,22.6,84.1,0.0,4.7,GOOD
2026-05-22T20:30:00+05:30,PUNE_EAST,0.0,0.0,0.0,22.9,83.3,0.0,4.7,GOOD
2026-05-22T20:45:00+05:30,PUNE_EAST,0.0,0.0,0.0,21.5,76.9,0.0,3.6,GOOD
2026-05-22T21:00:00+05:30,PUNE_EAST,0.0,0.0,0.0,21.6,74.5,0.0,3.6,GOOD
2026-05-22T21:15:00+05:30,PUNE_EAST,0.0,0.0,0.0,20.5,64.1,0.0,3.5,GOOD
2026-05-22T21:30:00+05:30,PUNE_EAST,0.0,0.0,0.0,20,65.1,0.0,3.4,GOOD
2026-05-22T21:45:00+05:30,PUNE_EAST,0.0,0.0,0.0,21.7,68.8,0.0,3.3,GOOD
2026-05-22T22:00:00+05:30,PUNE_EAST,0.0,0.0,0.0,21.6,67.3,0.0,3.3,GOOD
2026-05-22T22:15:00+05:30,PUNE_EAST,0.0,0.0,0.0,21.7,61.5,0.0,3.1,GOOD
2026-05-22T22:30:00+05:30,PUNE_EAST,0.0,0.0,0.0,20.3,70.0,0.0,3.8,GOOD
2026-05-22T22:45:00+05:30,PUNE_EAST,0.0,0.0,0.0,21.3,69.8,0.0,3.9,GOOD
2026-05-22T23:00:00+05:30,PUNE_EAST,0.0,0.0,0.0,20.7,76.3,0.0,4.3,GOOD
2026-05-22T23:15:00+05:30,PUNE_EAST,0.0,0.0,0.0,21.6,80.7,0.0,4.2,GOOD
2026-05-22T23:30:00+05:30,PUNE_EAST,0.0,0.0,0.0,20,79.5,0.0,3.6,GOOD
2026-05-22T23:45:00+05:30,PUNE_EAST,0.0,0.0,0.0,20,80.6,0.0,4.1,GOOD
2026-05-23T00:00:00+05:30,PUNE_EAST,0.0,0.0,0.0,22.5,35.2,0.0,3.1,GOOD
2026-05-23T00:15:00+05:30,PUNE_EAST,0.0,0.0,0.0,22.2,25.7,0.0,3.2,GOOD
2026-05-23T00:30:00+05:30,PUNE_EAST,0.0,0.0,0.0,22.2,21.7,0.0,2.2,GOOD
2026-05-23T00:45:00+05:30,PUNE_EAST,0.0,0.0,0.0,22.7,21.5,0.0,2.9,GOOD
2026-05-23T01:00:00+05:30,PUNE_EAST,0.0,0.0,0.0,21.4,21.5,0.0,2.0,GOOD
2026-05-23T01:15:00+05:30,PUNE_EAST,0.0,0.0,0.0,23.4,21.5,0.0,2.4,GOOD
2026-05-23T01:30:00+05:30,PUNE_EAST,0.0,0.0,0.0,22.5,25.7,0.0,2.8,GOOD
2026-05-23T01:45:00+05:30,PUNE_EAST,0.0,0.0,0.0,22.8,29.3,0.0,2.9,GOOD
2026-05-23T02:00:00+05:30,PUNE_EAST,0.0,0.0,0.0,20.3,37.0,0.0,3.5,GOOD
2026-05-23T02:15:00+05:30,PUNE_EAST,0.0,0.0,0.0,21.3,33.6,0.0,2.8,GOOD
2026-05-23T02:30:00+05:30,PUNE_EAST,0.0,0.0,0.0,22.5,35.1,0.0,2.4,GOOD
2026-05-23T02:45:00+05:30,PUNE_EAST,0.0,0.0,0.0,21.5,36.5,0.0,2.2,GOOD
2026-05-23T03:00:00+05:30,PUNE_EAST,0.0,0.0,0.0,23.9,31.1,0.0,3.8,GOOD
2026-05-23T03:15:00+05:30,PUNE_EAST,0.0,0.0,0.0,21.8,34.0,0.0,3.3,GOOD
2026-05-23T03:30:00+05:30,PUNE_EAST,0.0,0.0,0.0,22.0,35.5,0.0,3.2,GOOD
2026-05-23T03:45:00+05:30,PUNE_EAST,0.0,0.0,0.0,23.3,39.1,0.0,2.3,GOOD
2026-05-23T04:00:00+05:30,PUNE_EAST,0.0,0.0,0.0,22.6,37.9,0.0,2.9,GOOD
2026-05-23T04:15:00+05:30,PUNE_EAST,0.0,0.0,0.0,21.0,41.1,0.0,3.3,GOOD
2026-05-23T04:30:00+05:30,PUNE_EAST,0.0,0.0,0.0,20.2,46.8,0.0,2.1,GOOD
2026-05-23T04:45:00+05:30,PUNE_EAST,0.0,0.0,0.0,21.7,39.5,0.0,3.9,GOOD
2026-05-23T05:00:00+05:30,PUNE_EAST,0.0,0.0,0.0,23.4,35.0,0.0,2.1,GOOD
2026-05-23T05:15:00+05:30,PUNE_EAST,0.0,0.0,0.0,23.5,30.8,0.0,2.6,GOOD
2026-05-23T05:30:00+05:30,PUNE_EAST,0.0,0.0,0.0,21.9,30.6,0.0,2.7,GOOD
2026-05-23T05:45:00+05:30,PUNE_EAST,0.0,0.0,0.0,24.3,37.8,0.0,2.5,GOOD
2026-05-23T06:00:00+05:30,PUNE_EAST,0.0,0.0,0.0,23.6,37.1,0.0,4.2,GOOD
2026-05-23T06:15:00+05:30,PUNE_EAST,36.1,168.6,15.6,25.1,43.3,0.0,3.7,GOOD
2026-05-23T06:30:00+05:30,PUNE_EAST,99.9,504.4,38.4,25.2,36.1,0.0,4.5,GOOD
2026-05-23T06:45:00+05:30,PUNE_EAST,110.6,403.3,43.6,25.6,37.5,0.0,2.1,GOOD
2026-05-23T07:00:00+05:30,PUNE_EAST,165.3,420.6,71.0,25.9,43.0,0.0,3.1,GOOD
2026-05-23T07:15:00+05:30,PUNE_EAST,220.1,468.0,88.4,27.7,38.7,0.0,1.9,GOOD
2026-05-23T07:30:00+05:30,PUNE_EAST,257.9,428.6,113.0,28.0,44.3,0.0,2.2,GOOD
2026-05-23T07:45:00+05:30,PUNE_EAST,318.8,459.6,137.9,27.7,43.4,0.0,3.7,GOOD
2026-05-23T08:00:00+05:30,PUNE_EAST,398.3,524.1,163.4,27.9,40.0,0.0,4.0,GOOD
2026-05-23T08:15:00+05:30,PUNE_EAST,426.0,498.1,176.4,26.7,40.6,0.0,3.0,GOOD
2026-05-23T08:30:00+05:30,PUNE_EAST,485.5,544.9,184.4,28.2,35.4,0.0,3.1,GOOD
2026-05-23T08:45:00+05:30,PUNE_EAST,540.2,529.7,221.3,29.2,39.9,0.0,3.0,GOOD
2026-05-23T09:00:00+05:30,PUNE_EAST,605.0,553.9,245.4,28.0,39.3,0.0,3.5,GOOD
2026-05-23T09:15:00+05:30,PUNE_EAST,630.7,533.4,260.3,28.7,40.4,0.0,3.3,GOOD
2026-05-23T09:30:00+05:30,PUNE_EAST,659.2,502.8,288.6,29.7,44.3,0.0,3.6,GOOD
2026-05-23T09:45:00+05:30,PUNE_EAST,719.7,530.5,307.6,30.1,42.7,0.0,3.8,GOOD
2026-05-23T10:00:00+05:30,PUNE_EAST,780.6,577.6,310.5,29.9,38.1,0.0,3.3,GOOD
2026-05-23T10:15:00+05:30,PUNE_EAST,812.8,555.7,341.6,32.1,41.6,0.0,2.5,GOOD
2026-05-23T10:30:00+05:30,PUNE_EAST,797.5,501.6,356.7,30.9,45.7,0.0,3.0,GOOD
2026-05-23T10:45:00+05:30,PUNE_EAST,809.4,455.9,396.2,31.8,52.2,0.0,3.1,GOOD
2026-05-23T11:00:00+05:30,PUNE_EAST,876.3,491.1,419.3,29.7,50.5,0.0,3.9,GOOD
2026-05-23T11:15:00+05:30,PUNE_EAST,889.7,530.9,384.6,32.3,43.4,0.0,2.8,GOOD
2026-05-23T11:30:00+05:30,PUNE_EAST,925.2,555.5,387.4,31.8,41.3,0.0,2.0,GOOD
2026-05-23T11:45:00+05:30,PUNE_EAST,949.5,558.1,401.6,32.1,42.0,0.0,2.9,GOOD
2026-05-23T12:00:00+05:30,PUNE_EAST,978.9,575.3,408.6,32.0,41.1,0.0,3.4,GOOD
2026-05-23T12:15:00+05:30,PUNE_EAST,969.7,586.4,384.9,31.4,38.0,0.0,2.7,GOOD
2026-05-23T12:30:00+05:30,PUNE_EAST,955.6,543.9,412.1,31.5,43.3,0.0,3.7,GOOD
2026-05-23T12:45:00+05:30,PUNE_EAST,945.9,555.1,392.1,33.1,40.7,0.0,1.5,GOOD
2026-05-23T13:00:00+05:30,PUNE_EAST,958.2,554.5,408.0,32.0,42.4,0.0,3.0,GOOD
2026-05-23T13:15:00+05:30,PUNE_EAST,978.9,597.1,392.0,32.8,38.5,0.0,3.3,GOOD
2026-05-23T13:30:00+05:30,PUNE_EAST,896.2,573.4,340.0,33.6,35.3,0.0,2.7,GOOD
2026-05-23T13:45:00+05:30,PUNE_EAST,930.8,633.5,326.8,33.0,30.9,0.0,2.7,GOOD
2026-05-23T14:00:00+05:30,PUNE_EAST,881.0,556.6,361.6,32.8,40.1,0.0,3.6,GOOD
2026-05-23T14:15:00+05:30,PUNE_EAST,866.8,558.7,358.7,32.8,40.6,0.0,2.9,GOOD
2026-05-23T14:30:00+05:30,PUNE_EAST,868.5,597.6,341.2,32.5,37.4,0.0,3.4,GOOD
2026-05-23T14:45:00+05:30,PUNE_EAST,822.8,578.1,330.5,31.9,38.7,0.0,2.0,GOOD
2026-05-23T15:00:00+05:30,PUNE_EAST,740.3,488.9,340.3,31.1,47.7,0.0,3.6,GOOD
2026-05-23T15:15:00+05:30,PUNE_EAST,689.9,470.9,322.0,31.0,48.7,0.0,4.2,GOOD
2026-05-23T15:30:00+05:30,PUNE_EAST,679.9,510.5,301.3,30.0,45.1,0.0,3.4,GOOD
2026-05-23T15:45:00+05:30,PUNE_EAST,615.0,461.1,292.4,29.1,50.1,0.0,1.9,GOOD
2026-05-23T16:00:00+05:30,PUNE_EAST,580.6,487.6,261.4,30.2,46.2,0.0,2.1,GOOD
2026-05-23T16:15:00+05:30,PUNE_EAST,524.2,469.5,238.9,30.4,47.0,0.0,3.1,GOOD
2026-05-23T16:30:00+05:30,PUNE_EAST,449.7,432.8,208.0,29.5,48.1,0.0,3.3,GOOD
2026-05-23T16:45:00+05:30,PUNE_EAST,428.1,467.2,191.1,28.1,45.6,0.0,3.2,GOOD
2026-05-23T17:00:00+05:30,PUNE_EAST,403.0,474.0,187.5,28.7,48.5,0.0,2.6,GOOD
2026-05-23T17:15:00+05:30,PUNE_EAST,330.2,430.7,157.8,27.9,50.4,0.0,3.0,GOOD
2026-05-23T17:30:00+05:30,PUNE_EAST,251.4,361.0,126.9,27.2,54.6,0.0,3.4,GOOD
2026-05-23T17:45:00+05:30,PUNE_EAST,233.7,416.2,113.8,29.9,51.8,0.0,3.9,GOOD
2026-05-23T18:00:00+05:30,PUNE_EAST,171.1,409.8,76.5,27.3,45.7,0.0,3.4,GOOD
2026-05-23T18:15:00+05:30,PUNE_EAST,124.3,406.2,54.0,28.0,43.7,0.0,3.3,GOOD
2026-05-23T18:30:00+05:30,PUNE_EAST,104.2,468.5,47.1,26.0,46.5,0.0,2.3,GOOD
2026-05-23T18:45:00+05:30,PUNE_EAST,34.7,158.5,15.4,25.9,45.2,0.0,3.0,GOOD
2026-05-23T19:00:00+05:30,PUNE_EAST,0.0,0.0,0.0,26.4,43.8,0.0,2.5,GOOD
2026-05-23T19:15:00+05:30,PUNE_EAST,0.0,0.0,0.0,24.3,44.9,0.0,2.1,GOOD
2026-05-23T19:30:00+05:30,PUNE_EAST,0.0,0.0,0.0,23.6,45.5,0.0,3.8,GOOD
2026-05-23T19:45:00+05:30,PUNE_EAST,0.0,0.0,0.0,23.5,46.2,0.0,3.0,GOOD
2026-05-23T20:00:00+05:30,PUNE_EAST,0.0,0.0,0.0,23.9,56.7,0.0,3.1,GOOD
2026-05-23T20:15:00+05:30,PUNE_EAST,0.0,0.0,0.0,22.4,51.2,0.0,2.5,GOOD
2026-05-23T20:30:00+05:30,PUNE_EAST,0.0,0.0,0.0,21.5,50.9,0.0,3.5,GOOD
2026-05-23T20:45:00+05:30,PUNE_EAST,0.0,0.0,0.0,22.2,55.3,0.0,2.9,GOOD
2026-05-23T21:00:00+05:30,PUNE_EAST,0.0,0.0,0.0,22.0,60.6,0.0,3.0,GOOD
2026-05-23T21:15:00+05:30,PUNE_EAST,0.0,0.0,0.0,21.5,59.7,0.0,3.1,GOOD
2026-05-23T21:30:00+05:30,PUNE_EAST,0.0,0.0,0.0,21.3,61.7,0.0,3.0,GOOD
2026-05-23T21:45:00+05:30,PUNE_EAST,0.0,0.0,0.0,22.0,57.7,0.0,3.6,GOOD
2026-05-23T22:00:00+05:30,PUNE_EAST,0.0,0.0,0.0,21.2,52.7,0.0,3.5,GOOD
2026-05-23T22:15:00+05:30,PUNE_EAST,0.0,0.0,0.0,21.1,45.7,0.0,4.0,GOOD
2026-05-23T22:30:00+05:30,PUNE_EAST,0.0,0.0,0.0,21.7,42.9,0.0,3.1,GOOD
2026-05-23T22:45:00+05:30,PUNE_EAST,0.0,0.0,0.0,22.3,42.0,0.0,2.8,GOOD
2026-05-23T23:00:00+05:30,PUNE_EAST,0.0,0.0,0.0,22.1,42.0,0.0,2.8,GOOD
2026-05-23T23:15:00+05:30,PUNE_EAST,0.0,0.0,0.0,21.9,38.8,0.0,3.1,GOOD
2026-05-23T23:30:00+05:30,PUNE_EAST,0.0,0.0,0.0,21.7,43.0,0.0,2.9,GOOD
2026-05-23T23:45:00+05:30,PUNE_EAST,0.0,0.0,0.0,21.2,43.9,0.0,2.8,GOOD
2026-05-24T00:00:00+05:30,PUNE_EAST,0.0,0.0,0.0,23.1,47.4,0.0,3.2,GOOD
2026-05-24T00:15:00+05:30,PUNE_EAST,0.0,0.0,0.0,22.5,43.3,0.0,2.8,GOOD
2026-05-24T00:30:00+05:30,PUNE_EAST,0.0,0.0,0.0,21.1,37.8,0.0,1.9,GOOD
2026-05-24T00:45:00+05:30,PUNE_EAST,0.0,0.0,0.0,21.6,35.2,0.0,3.7,GOOD
2026-05-24T01:00:00+05:30,PUNE_EAST,0.0,0.0,0.0,24.7,36.6,0.0,3.5,GOOD
2026-05-24T01:15:00+05:30,PUNE_EAST,0.0,0.0,0.0,22.1,39.7,0.0,2.8,GOOD
2026-05-24T01:30:00+05:30,PUNE_EAST,0.0,0.0,0.0,22.1,41.4,0.0,2.6,GOOD
2026-05-24T01:45:00+05:30,PUNE_EAST,0.0,0.0,0.0,21.3,38.0,0.0,3.2,GOOD
2026-05-24T02:00:00+05:30,PUNE_EAST,0.0,0.0,0.0,22.5,37.9,0.0,2.4,GOOD
2026-05-24T02:15:00+05:30,PUNE_EAST,0.0,0.0,0.0,22.1,34.3,0.0,3.3,GOOD
2026-05-24T02:30:00+05:30,PUNE_EAST,0.0,0.0,0.0,22.0,33.1,0.0,3.0,SUSPECT
2026-05-24T02:45:00+05:30,PUNE_EAST,0.0,0.0,0.0,23.2,34.8,0.0,2.3,GOOD
2026-05-24T03:00:00+05:30,PUNE_EAST,0.0,0.0,0.0,23.1,41.0,0.0,3.5,GOOD
2026-05-24T03:15:00+05:30,PUNE_EAST,0.0,0.0,0.0,22.7,46.9,0.0,3.1,GOOD
2026-05-24T03:30:00+05:30,PUNE_EAST,0.0,0.0,0.0,22.4,40.5,0.0,2.6,GOOD
2026-05-24T03:45:00+05:30,PUNE_EAST,0.0,0.0,0.0,22.3,44.3,0.0,3.3,GOOD
2026-05-24T04:00:00+05:30,PUNE_EAST,0.0,0.0,0.0,21.3,42.5,0.0,3.5,GOOD
2026-05-24T04:15:00+05:30,PUNE_EAST,0.0,0.0,0.0,22.2,42.8,0.0,3.6,GOOD
2026-05-24T04:30:00+05:30,PUNE_EAST,0.0,0.0,0.0,20.7,48.0,0.0,2.7,GOOD
2026-05-24T04:45:00+05:30,PUNE_EAST,0.0,0.0,0.0,21.9,44.6,0.0,2.5,GOOD
2026-05-24T05:00:00+05:30,PUNE_EAST,0.0,0.0,0.0,21.8,42.9,0.0,3.0,GOOD
2026-05-24T05:15:00+05:30,PUNE_EAST,0.0,0.0,0.0,22.9,37.6,0.0,3.8,GOOD
2026-05-24T05:30:00+05:30,PUNE_EAST,0.0,0.0,0.0,22.8,38.6,0.0,1.9,GOOD
2026-05-24T05:45:00+05:30,PUNE_EAST,0.0,0.0,0.0,24.2,42.9,0.0,3.5,GOOD
2026-05-24T06:00:00+05:30,PUNE_EAST,0.0,0.0,0.0,23.6,37.8,0.0,2.5,GOOD
2026-05-24T06:15:00+05:30,PUNE_EAST,49.3,260.2,17.6,25.2,31.9,0.0,2.5,GOOD
2026-05-24T06:30:00+05:30,PUNE_EAST,95.8,504.6,34.3,25.1,32.0,0.0,2.0,GOOD
2026-05-24T06:45:00+05:30,PUNE_EAST,119.1,468.9,40.9,26.1,29.7,0.0,2.4,GOOD
2026-05-24T07:00:00+05:30,PUNE_EAST,182.4,513.3,67.1,24.9,33.5,0.0,3.5,GOOD
2026-05-24T07:15:00+05:30,PUNE_EAST,227.0,491.2,88.5,26.7,36.9,0.0,3.2,GOOD
2026-05-24T07:30:00+05:30,PUNE_EAST,290.8,557.0,102.3,28.0,31.0,0.0,2.6,GOOD
2026-05-24T07:45:00+05:30,PUNE_EAST,316.3,494.2,121.6,26.7,36.0,0.0,2.9,GOOD
2026-05-24T08:00:00+05:30,PUNE_EAST,415.3,598.2,147.0,27.7,31.4,0.0,1.5,GOOD
2026-05-24T08:15:00+05:30,PUNE_EAST,454.8,612.0,147.9,28.0,26.9,0.0,2.3,GOOD
2026-05-24T08:30:00+05:30,PUNE_EAST,494.3,576.4,175.6,28.2,31.6,0.0,2.6,GOOD
2026-05-24T08:45:00+05:30,PUNE_EAST,576.3,629.0,197.6,28.3,29.7,0.0,3.2,GOOD
2026-05-24T09:00:00+05:30,PUNE_EAST,616.4,627.9,208.6,28.3,29.0,0.0,2.2,GOOD
2026-05-24T09:15:00+05:30,PUNE_EAST,655.8,607.6,233.9,28.7,31.8,0.0,2.4,GOOD
2026-05-24T09:30:00+05:30,PUNE_EAST,694.5,610.6,244.5,29.8,31.1,0.0,3.6,GOOD
2026-05-24T09:45:00+05:30,PUNE_EAST,739.3,609.8,265.6,29.8,32.2,0.0,2.1,GOOD
2026-05-24T10:00:00+05:30,PUNE_EAST,774.1,608.5,279.0,31.5,32.4,0.0,2.8,GOOD
2026-05-24T10:15:00+05:30,PUNE_EAST,823.5,633.8,286.1,31.3,30.4,0.0,2.8,GOOD
2026-05-24T10:30:00+05:30,PUNE_EAST,856.1,656.2,279.5,32.3,27.2,0.0,3.1,GOOD
2026-05-24T10:45:00+05:30,PUNE_EAST,898.9,639.3,319.7,32.1,31.6,0.0,3.0,GOOD
2026-05-24T11:00:00+05:30,PUNE_EAST,907.2,626.9,324.0,30.6,31.9,0.0,2.2,GOOD
2026-05-24T11:15:00+05:30,PUNE_EAST,945.6,665.9,312.3,32.7,27.7,0.0,2.4,GOOD
2026-05-24T11:30:00+05:30,PUNE_EAST,970.9,642.3,349.1,31.9,32.2,0.0,3.1,GOOD
2026-05-24T11:45:00+05:30,PUNE_EAST,968.8,657.5,323.5,33.6,28.3,0.0,1.8,GOOD
2026-05-24T12:00:00+05:30,PUNE_EAST,975.4,642.3,338.8,33.3,30.4,0.0,3.7,GOOD
2026-05-24T12:15:00+05:30,PUNE_EAST,984.8,648.0,338.7,32.8,29.8,0.0,4.4,GOOD
2026-05-24T12:30:00+05:30,PUNE_EAST,1006.0,680.2,326.3,33.8,26.8,0.0,3.4,GOOD
2026-05-24T12:45:00+05:30,PUNE_EAST,973.1,637.7,336.9,32.0,30.2,0.0,3.2,GOOD
2026-05-24T13:00:00+05:30,PUNE_EAST,985.2,657.7,332.7,32.7,28.9,0.0,2.3,GOOD
2026-05-24T13:15:00+05:30,PUNE_EAST,977.2,650.5,337.8,32.0,30.1,0.0,1.5,GOOD
2026-05-24T13:30:00+05:30,PUNE_EAST,923.7,610.3,331.8,33.3,32.2,0.0,3.4,GOOD
2026-05-24T13:45:00+05:30,PUNE_EAST,921.6,621.3,329.2,33.5,31.9,0.0,3.1,GOOD
2026-05-24T14:00:00+05:30,PUNE_EAST,883.1,593.1,329.7,33.6,34.4,0.0,2.5,GOOD
2026-05-24T14:15:00+05:30,PUNE_EAST,884.1,598.6,339.7,33.2,36.0,0.0,3.0,GOOD
2026-05-24T14:30:00+05:30,PUNE_EAST,845.9,604.4,312.6,33.2,33.8,0.0,2.1,GOOD
2026-05-24T14:45:00+05:30,PUNE_EAST,832.6,657.1,272.8,32.1,27.3,0.0,3.4,GOOD
2026-05-24T15:00:00+05:30,PUNE_EAST,804.4,676.4,250.9,31.8,24.9,0.0,1.1,GOOD
2026-05-24T15:15:00+05:30,PUNE_EAST,724.6,596.4,258.3,31.2,31.8,0.0,3.9,GOOD
2026-05-24T15:30:00+05:30,PUNE_EAST,708.1,591.2,269.3,30.6,35.4,0.0,3.1,GOOD
2026-05-24T15:45:00+05:30,PUNE_EAST,639.2,536.5,263.6,29.0,40.4,0.0,3.2,GOOD
2026-05-24T16:00:00+05:30,PUNE_EAST,551.7,470.7,243.2,28.7,44.7,0.0,3.7,GOOD
2026-05-24T16:15:00+05:30,PUNE_EAST,529.7,483.1,235.8,30.5,45.4,0.0,3.1,GOOD
2026-05-24T16:30:00+05:30,PUNE_EAST,485.0,499.1,206.0,29.7,42.2,0.0,5.0,GOOD
2026-05-24T16:45:00+05:30,PUNE_EAST,431.0,467.8,193.3,29.0,45.9,0.0,3.7,GOOD
2026-05-24T17:00:00+05:30,PUNE_EAST,385.5,458.0,176.9,27.8,47.5,0.0,3.6,GOOD
2026-05-24T17:15:00+05:30,PUNE_EAST,316.9,431.8,143.6,27.9,46.7,0.0,2.8,GOOD
2026-05-24T17:30:00+05:30,PUNE_EAST,279.0,446.5,124.6,28.8,45.6,0.0,3.0,GOOD
2026-05-24T17:45:00+05:30,PUNE_EAST,191.8,359.3,87.8,26.6,47.4,0.0,2.7,GOOD
2026-05-24T18:00:00+05:30,PUNE_EAST,156.7,359.1,73.3,26.9,48.9,0.0,2.5,GOOD
2026-05-24T18:15:00+05:30,PUNE_EAST,112.9,354.7,51.0,25.7,46.5,0.0,3.0,GOOD
2026-05-24T18:30:00+05:30,PUNE_EAST,79.7,371.6,34.4,25.6,43.4,0.0,1.8,GOOD
2026-05-24T18:45:00+05:30,PUNE_EAST,39.5,185.4,16.9,26.3,42.9,0.0,2.2,GOOD
2026-05-24T19:00:00+05:30,PUNE_EAST,35.4,165.5,15.2,25.2,43.0,0.0,1.6,GOOD
2026-05-24T19:15:00+05:30,PUNE_EAST,0.0,0.0,0.0,24.9,37.6,0.0,3.5,GOOD
2026-05-24T19:30:00+05:30,PUNE_EAST,0.0,0.0,0.0,24.4,36.3,0.0,3.1,GOOD
2026-05-24T19:45:00+05:30,PUNE_EAST,0.0,0.0,0.0,23.8,33.7,0.0,3.1,GOOD
2026-05-24T20:00:00+05:30,PUNE_EAST,0.0,0.0,0.0,24.8,37.3,0.0,3.3,GOOD
2026-05-24T20:15:00+05:30,PUNE_EAST,0.0,0.0,0.0,22.0,35.6,0.0,3.0,GOOD
2026-05-24T20:30:00+05:30,PUNE_EAST,0.0,0.0,0.0,23.4,39.1,0.0,3.8,GOOD
2026-05-24T20:45:00+05:30,PUNE_EAST,0.0,0.0,0.0,21.9,41.5,0.0,2.7,GOOD
2026-05-24T21:00:00+05:30,PUNE_EAST,0.0,0.0,0.0,21.7,44.2,0.0,3.6,GOOD
2026-05-24T21:15:00+05:30,PUNE_EAST,0.0,0.0,0.0,22.1,44.5,0.0,3.6,GOOD
2026-05-24T21:30:00+05:30,PUNE_EAST,0.0,0.0,0.0,22.1,39.2,0.0,2.3,GOOD
2026-05-24T21:45:00+05:30,PUNE_EAST,0.0,0.0,0.0,23.7,41.2,0.0,2.5,GOOD
2026-05-24T22:00:00+05:30,PUNE_EAST,0.0,0.0,0.0,22.5,42.1,0.0,4.3,GOOD
2026-05-24T22:15:00+05:30,PUNE_EAST,0.0,0.0,0.0,20.2,41.6,0.0,3.3,GOOD
2026-05-24T22:30:00+05:30,PUNE_EAST,0.0,0.0,0.0,20.9,41.9,0.0,3.8,GOOD
2026-05-24T22:45:00+05:30,PUNE_EAST,0.0,0.0,0.0,22.0,42.3,0.0,3.1,GOOD
2026-05-24T23:00:00+05:30,PUNE_EAST,0.0,0.0,0.0,21.5,37.7,0.0,2.4,GOOD
2026-05-24T23:15:00+05:30,PUNE_EAST,0.0,0.0,0.0,21.5,41.9,0.0,3.1,GOOD
2026-05-24T23:30:00+05:30,PUNE_EAST,0.0,0.0,0.0,22.9,41.3,0.0,2.7,GOOD
2026-05-24T23:45:00+05:30,PUNE_EAST,0.0,0.0,0.0,23.0,43.9,0.0,2.1,GOOD
2026-05-25T00:00:00+05:30,PUNE_EAST,0.0,0.0,0.0,21.4,49.5,0.0,3.7,GOOD
2026-05-25T00:15:00+05:30,PUNE_EAST,0.0,0.0,0.0,21.4,49.3,0.0,2.8,GOOD
2026-05-25T00:30:00+05:30,PUNE_EAST,0.0,0.0,0.0,21.2,53.5,0.0,3.0,GOOD
2026-05-25T00:45:00+05:30,PUNE_EAST,0.0,0.0,0.0,21.3,62.4,0.0,3.3,GOOD
2026-05-25T01:00:00+05:30,PUNE_EAST,0.0,0.0,0.0,21.0,64.0,0.0,2.5,GOOD
2026-05-25T01:15:00+05:30,PUNE_EAST,0.0,0.0,0.0,21.8,58.6,0.0,3.8,GOOD
2026-05-25T01:30:00+05:30,PUNE_EAST,0.0,0.0,0.0,22.2,54.8,0.0,3.6,GOOD
2026-05-25T01:45:00+05:30,PUNE_EAST,0.0,0.0,0.0,21.8,56.3,0.0,4.1,GOOD
2026-05-25T02:00:00+05:30,PUNE_EAST,0.0,0.0,0.0,22.4,53.1,0.0,4.3,GOOD
2026-05-25T02:15:00+05:30,PUNE_EAST,0.0,0.0,0.0,21.8,57.2,0.0,2.1,GOOD
2026-05-25T02:30:00+05:30,PUNE_EAST,0.0,0.0,0.0,21.3,58.9,0.0,3.4,GOOD
2026-05-25T02:45:00+05:30,PUNE_EAST,0.0,0.0,0.0,21.5,55.4,0.0,3.3,GOOD
2026-05-25T03:00:00+05:30,PUNE_EAST,0.0,0.0,0.0,20.9,49.2,0.0,3.3,GOOD
2026-05-25T03:15:00+05:30,PUNE_EAST,0.0,0.0,0.0,22.1,45.1,0.0,2.0,GOOD
2026-05-25T03:30:00+05:30,PUNE_EAST,0.0,0.0,0.0,22.6,40.4,0.0,2.5,GOOD
2026-05-25T03:45:00+05:30,PUNE_EAST,0.0,0.0,0.0,21.3,42.4,0.0,2.9,GOOD
2026-05-25T04:00:00+05:30,PUNE_EAST,0.0,0.0,0.0,22.5,35.7,0.0,2.5,GOOD
2026-05-25T04:15:00+05:30,PUNE_EAST,0.0,0.0,0.0,20.8,32.4,0.0,3.3,GOOD
2026-05-25T04:30:00+05:30,PUNE_EAST,0.0,0.0,0.0,23.3,34.3,0.0,2.7,GOOD
2026-05-25T04:45:00+05:30,PUNE_EAST,0.0,0.0,0.0,22.4,34.7,0.0,4.2,GOOD
2026-05-25T05:00:00+05:30,PUNE_EAST,0.0,0.0,0.0,23.1,34.9,0.0,2.7,GOOD
2026-05-25T05:15:00+05:30,PUNE_EAST,0.0,0.0,0.0,23.3,32.6,0.0,2.6,GOOD
2026-05-25T05:30:00+05:30,PUNE_EAST,0.0,0.0,0.0,24.0,33.8,0.0,2.6,GOOD
2026-05-25T05:45:00+05:30,PUNE_EAST,0.0,0.0,0.0,23.6,30.2,0.0,2.6,GOOD
2026-05-25T06:00:00+05:30,PUNE_EAST,0.0,0.0,0.0,24.0,21.5,0.0,3.1,GOOD
2026-05-25T06:15:00+05:30,PUNE_EAST,9.9,57.4,2.9,24.7,22.5,0.0,2.9,GOOD
2026-05-25T06:30:00+05:30,PUNE_EAST,70.0,378.6,23.9,24.7,29.4,0.0,2.2,GOOD
2026-05-25T06:45:00+05:30,PUNE_EAST,153.5,561.6,59.4,25.1,36.5,0.0,3.3,GOOD
2026-05-25T07:00:00+05:30,PUNE_EAST,159.1,427.6,62.8,25.0,37.7,0.0,2.4,GOOD
2026-05-25T07:15:00+05:30,PUNE_EAST,208.9,475.4,74.7,26.7,31.9,0.0,2.1,GOOD
2026-05-25T07:30:00+05:30,PUNE_EAST,300.1,580.5,103.4,26.9,29.9,0.0,1.7,GOOD
2026-05-25T07:45:00+05:30,PUNE_EAST,340.9,559.5,120.2,27.1,31.2,0.0,3.1,GOOD
2026-05-25T08:00:00+05:30,PUNE_EAST,395.6,561.8,143.5,25.7,32.7,0.0,3.2,GOOD
2026-05-25T08:15:00+05:30,PUNE_EAST,444.7,572.0,157.7,27.4,31.5,0.0,3.4,GOOD
2026-05-25T08:30:00+05:30,PUNE_EAST,473.9,546.8,171.6,29.4,32.6,0.0,3.3,GOOD
2026-05-25T08:45:00+05:30,PUNE_EAST,547.8,569.6,204.8,28.7,34.4,0.0,2.8,GOOD
2026-05-25T09:00:00+05:30,PUNE_EAST,589.7,577.1,214.9,30.8,33.0,0.0,3.2,GOOD
2026-05-25T09:15:00+05:30,PUNE_EAST,648.5,596.3,234.5,29.0,32.5,0.0,2.2,GOOD
2026-05-25T09:30:00+05:30,PUNE_EAST,702.1,627.3,239.9,31.0,29.5,0.0,2.2,GOOD
2026-05-25T09:45:00+05:30,PUNE_EAST,735.3,628.8,246.9,30.8,28.6,0.0,1.9,GOOD
2026-05-25T10:00:00+05:30,PUNE_EAST,770.4,642.7,247.4,31.6,26.3,0.0,2.0,GOOD
2026-05-25T10:15:00+05:30,PUNE_EAST,821.9,617.1,298.8,31.2,32.9,0.0,2.2,GOOD
2026-05-25T10:30:00+05:30,PUNE_EAST,865.0,643.9,299.4,31.8,30.2,0.0,2.4,GOOD
2026-05-25T10:45:00+05:30,PUNE_EAST,892.5,674.9,281.0,30.8,25.4,0.0,2.8,GOOD
2026-05-25T11:00:00+05:30,PUNE_EAST,943.3,706.8,285.9,32.3,23.5,0.0,1.4,GOOD
2026-05-25T11:15:00+05:30,PUNE_EAST,965.3,696.7,302.8,33.0,25.2,0.0,2.1,GOOD
2026-05-25T11:30:00+05:30,PUNE_EAST,979.9,713.0,289.8,32.4,22.4,0.0,2.5,GOOD
2026-05-25T11:45:00+05:30,PUNE_EAST,979.2,668.2,323.5,30.8,27.7,0.0,1.9,GOOD
2026-05-25T12:00:00+05:30,PUNE_EAST,1024.1,689.6,340.6,33.4,28.1,0.0,2.3,GOOD
2026-05-25T12:15:00+05:30,PUNE_EAST,974.6,634.8,341.7,31.6,30.9,0.0,1.9,GOOD
2026-05-25T12:30:00+05:30,PUNE_EAST,977.3,597.6,380.2,33.1,36.8,0.0,3.4,GOOD
2026-05-25T12:45:00+05:30,PUNE_EAST,982.7,622.3,362.0,33.9,33.6,0.0,3.4,GOOD
2026-05-25T13:00:00+05:30,PUNE_EAST,977.9,625.8,357.1,32.0,33.1,0.0,3.3,GOOD
2026-05-25T13:15:00+05:30,PUNE_EAST,966.1,630.4,346.5,34.2,32.1,0.0,3.0,GOOD
2026-05-25T13:30:00+05:30,PUNE_EAST,959.4,633.0,345.4,32.8,32.3,0.0,3.1,GOOD
2026-05-25T13:45:00+05:30,PUNE_EAST,946.4,640.9,335.3,33.3,31.4,0.0,2.5,GOOD
2026-05-25T14:00:00+05:30,PUNE_EAST,914.9,624.3,332.2,32.8,32.8,0.0,2.5,GOOD
2026-05-25T14:15:00+05:30,PUNE_EAST,895.8,637.5,315.9,31.9,31.2,0.0,2.9,GOOD
2026-05-25T14:30:00+05:30,PUNE_EAST,815.4,568.8,313.4,30.4,36.1,0.0,2.2,GOOD
2026-05-25T14:45:00+05:30,PUNE_EAST,795.6,593.0,290.3,31.2,33.1,0.0,2.9,GOOD
2026-05-25T15:00:00+05:30,PUNE_EAST,770.3,600.7,278.5,31.1,32.5,0.0,2.4,GOOD
2026-05-25T15:15:00+05:30,PUNE_EAST,748.4,590.5,286.5,31.5,35.8,0.0,1.8,GOOD
2026-05-25T15:30:00+05:30,PUNE_EAST,716.7,620.5,255.8,32.2,31.8,0.0,4.2,GOOD
2026-05-25T15:45:00+05:30,PUNE_EAST,684.2,613.1,254.7,30.9,34.2,0.0,3.2,GOOD
2026-05-25T16:00:00+05:30,PUNE_EAST,598.0,539.1,244.4,30.5,39.8,0.0,2.4,GOOD
2026-05-25T16:15:00+05:30,PUNE_EAST,556.0,530.4,233.0,29.3,41.4,0.0,2.1,GOOD
2026-05-25T16:30:00+05:30,PUNE_EAST,473.8,463.8,214.1,28.5,46.4,0.0,2.5,GOOD
2026-05-25T16:45:00+05:30,PUNE_EAST,427.5,427.8,209.8,27.5,52.4,0.0,2.6,GOOD
2026-05-25T17:00:00+05:30,PUNE_EAST,337.1,344.0,180.2,27.8,59.1,0.0,3.2,GOOD
2026-05-25T17:15:00+05:30,PUNE_EAST,291.4,332.9,157.6,26.7,60.1,0.0,2.7,GOOD
2026-05-25T17:30:00+05:30,PUNE_EAST,268.1,377.6,137.1,28.8,55.6,0.0,2.9,GOOD
2026-05-25T17:45:00+05:30,PUNE_EAST,223.3,364.0,117.6,26.1,57.9,0.0,3.9,GOOD
2026-05-25T18:00:00+05:30,PUNE_EAST,157.6,323.0,82.3,25.3,57.2,0.0,3.8,GOOD
2026-05-25T18:15:00+05:30,PUNE_EAST,115.6,304.0,62.2,26.1,59.7,0.0,3.0,GOOD
2026-05-25T18:30:00+05:30,PUNE_EAST,82.3,303.7,45.3,25.0,61.6,0.0,4.0,GOOD
2026-05-25T18:45:00+05:30,PUNE_EAST,23.3,79.7,13.6,25.4,66.6,0.0,3.1,GOOD
2026-05-25T19:00:00+05:30,PUNE_EAST,15.6,51.7,9.3,23.7,68.5,0.0,4.6,GOOD
2026-05-25T19:15:00+05:30,PUNE_EAST,0.0,0.0,0.0,25.2,61.4,0.0,2.8,GOOD
2026-05-25T19:30:00+05:30,PUNE_EAST,0.0,0.0,0.0,22.8,62.2,0.0,4.5,GOOD
2026-05-25T19:45:00+05:30,PUNE_EAST,0.0,0.0,0.0,22.7,67.7,0.0,2.9,GOOD
2026-05-25T20:00:00+05:30,PUNE_EAST,0.0,0.0,0.0,23.6,67.5,0.0,3.8,GOOD
2026-05-25T20:15:00+05:30,PUNE_EAST,0.0,0.0,0.0,22.0,70.4,0.0,3.2,GOOD
2026-05-25T20:30:00+05:30,PUNE_EAST,0.0,0.0,0.0,22.4,72.7,0.0,4.3,GOOD
2026-05-25T20:45:00+05:30,PUNE_EAST,0.0,0.0,0.0,22.2,70.2,0.0,4.1,GOOD
2026-05-25T21:00:00+05:30,PUNE_EAST,0.0,0.0,0.0,20.0,64.1,0.0,2.5,GOOD
2026-05-25T21:15:00+05:30,PUNE_EAST,0.0,0.0,0.0,22.0,65.1,0.0,2.6,GOOD
2026-05-25T21:30:00+05:30,PUNE_EAST,0.0,0.0,0.0,21.5,57.9,0.0,2.5,GOOD
2026-05-25T21:45:00+05:30,PUNE_EAST,0.0,0.0,0.0,20.5,54.3,0.0,2.6,GOOD
2026-05-25T22:00:00+05:30,PUNE_EAST,0.0,0.0,0.0,20,48.4,0.0,3.2,GOOD
2026-05-25T22:15:00+05:30,PUNE_EAST,0.0,0.0,0.0,20.6,48.2,0.0,3.1,GOOD
2026-05-25T22:30:00+05:30,PUNE_EAST,0.0,0.0,0.0,21.2,53.5,0.0,3.9,GOOD
2026-05-25T22:45:00+05:30,PUNE_EAST,0.0,0.0,0.0,21.8,48.9,0.0,3.0,GOOD
2026-05-25T23:00:00+05:30,PUNE_EAST,0.0,0.0,0.0,21.9,52.4,0.0,1.9,GOOD
2026-05-25T23:15:00+05:30,PUNE_EAST,0.0,0.0,0.0,21.2,48.9,0.0,4.5,GOOD
2026-05-25T23:30:00+05:30,PUNE_EAST,0.0,0.0,0.0,22.4,46.2,0.0,3.5,GOOD
2026-05-25T23:45:00+05:30,PUNE_EAST,0.0,0.0,0.0,21.3,51.3,0.0,3.2,GOOD
2026-05-26T00:00:00+05:30,PUNE_EAST,0.0,0.0,0.0,22.8,31.1,0.0,2.9,GOOD
2026-05-26T00:15:00+05:30,PUNE_EAST,0.0,0.0,0.0,22.5,25.6,0.0,1.8,GOOD
2026-05-26T00:30:00+05:30,PUNE_EAST,0.0,0.0,0.0,21.7,28.8,0.0,3.7,GOOD
2026-05-26T00:45:00+05:30,PUNE_EAST,0.0,0.0,0.0,23.1,30.5,0.0,2.5,GOOD
2026-05-26T01:00:00+05:30,PUNE_EAST,0.0,0.0,0.0,22.0,34.0,0.0,2.7,GOOD
2026-05-26T01:15:00+05:30,PUNE_EAST,0.0,0.0,0.0,21.8,34.7,0.0,3.1,GOOD
2026-05-26T01:30:00+05:30,PUNE_EAST,0.0,0.0,0.0,22.8,33.4,0.0,3.0,GOOD
2026-05-26T01:45:00+05:30,PUNE_EAST,0.0,0.0,0.0,21.7,30.5,0.0,4.3,GOOD
2026-05-26T02:00:00+05:30,PUNE_EAST,0.0,0.0,0.0,23.1,29.7,0.0,2.5,GOOD
2026-05-26T02:15:00+05:30,PUNE_EAST,0.0,0.0,0.0,23.8,25.5,0.0,1.7,GOOD
2026-05-26T02:30:00+05:30,PUNE_EAST,0.0,0.0,0.0,22.4,31.9,0.0,3.0,GOOD
2026-05-26T02:45:00+05:30,PUNE_EAST,0.0,0.0,0.0,22.9,36.5,0.0,3.0,GOOD
2026-05-26T03:00:00+05:30,PUNE_EAST,0.0,0.0,0.0,22.5,32.9,0.0,2.8,GOOD
2026-05-26T03:15:00+05:30,PUNE_EAST,0.0,0.0,0.0,25.3,30.1,0.0,3.4,GOOD
2026-05-26T03:30:00+05:30,PUNE_EAST,0.0,0.0,0.0,21.9,26.5,0.0,3.0,GOOD
2026-05-26T03:45:00+05:30,PUNE_EAST,0.0,0.0,0.0,22.1,31.7,0.0,3.0,GOOD
2026-05-26T04:00:00+05:30,PUNE_EAST,0.0,0.0,0.0,22.6,36.8,0.0,3.4,GOOD
2026-05-26T04:15:00+05:30,PUNE_EAST,0.0,0.0,0.0,23.3,38.1,0.0,3.3,GOOD
2026-05-26T04:30:00+05:30,PUNE_EAST,0.0,0.0,0.0,21.5,42.9,0.0,2.9,GOOD
2026-05-26T04:45:00+05:30,PUNE_EAST,0.0,0.0,0.0,22.6,43.5,0.0,2.8,GOOD
2026-05-26T05:00:00+05:30,PUNE_EAST,0.0,0.0,0.0,22.4,41.3,0.0,2.3,GOOD
2026-05-26T05:15:00+05:30,PUNE_EAST,0.0,0.0,0.0,21.3,48.6,0.0,3.2,GOOD
2026-05-26T05:30:00+05:30,PUNE_EAST,0.0,0.0,0.0,22.5,44.1,0.0,1.9,GOOD
2026-05-26T05:45:00+05:30,PUNE_EAST,0.0,0.0,0.0,23.3,44.8,0.0,3.4,GOOD
2026-05-26T06:00:00+05:30,PUNE_EAST,0.0,0.0,0.0,23.9,45.7,0.0,2.8,GOOD
2026-05-26T06:15:00+05:30,PUNE_EAST,24.4,113.8,10.5,24.2,43.3,0.0,2.6,GOOD
2026-05-26T06:30:00+05:30,PUNE_EAST,62.2,313.1,24.1,24.8,36.4,0.0,3.9,GOOD
2026-05-26T06:45:00+05:30,PUNE_EAST,149.4,557.1,55.8,25.0,34.4,0.0,3.2,GOOD
2026-05-26T07:00:00+05:30,PUNE_EAST,174.0,513.2,58.3,25.6,28.4,0.0,3.2,GOOD
2026-05-26T07:15:00+05:30,PUNE_EAST,238.6,524.5,90.3,26.7,35.2,0.0,2.2,GOOD
2026-05-26T07:30:00+05:30,PUNE_EAST,298.1,549.3,111.8,24.8,34.6,0.0,4.0,GOOD
2026-05-26T07:45:00+05:30,PUNE_EAST,363.9,574.5,137.2,26.4,34.9,0.0,3.6,GOOD
2026-05-26T08:00:00+05:30,PUNE_EAST,385.1,497.6,161.8,27.0,41.5,0.0,3.4,GOOD
2026-05-26T08:15:00+05:30,PUNE_EAST,428.8,461.4,197.3,26.6,47.7,0.0,3.2,GOOD
2026-05-26T08:30:00+05:30,PUNE_EAST,475.3,500.2,198.8,29.2,41.3,0.0,3.8,GOOD
2026-05-26T08:45:00+05:30,PUNE_EAST,510.6,472.4,226.1,28.7,45.0,0.0,1.1,GOOD
2026-05-26T09:00:00+05:30,PUNE_EAST,572.1,483.6,258.0,28.9,46.3,0.0,4.3,GOOD
2026-05-26T09:15:00+05:30,PUNE_EAST,637.3,530.0,269.3,29.6,41.9,0.0,3.1,GOOD
2026-05-26T09:30:00+05:30,PUNE_EAST,659.3,478.7,306.5,28.4,48.5,0.0,1.4,GOOD
2026-05-26T09:45:00+05:30,PUNE_EAST,702.1,493.2,319.0,30.3,46.8,0.0,3.0,GOOD
2026-05-26T10:00:00+05:30,PUNE_EAST,737.8,494.1,335.8,29.9,46.9,0.0,3.0,GOOD
2026-05-26T10:15:00+05:30,PUNE_EAST,805.5,530.4,356.0,29.0,44.9,0.0,4.0,GOOD
2026-05-26T10:30:00+05:30,PUNE_EAST,833.7,547.7,352.7,32.6,42.0,0.0,2.1,GOOD
2026-05-26T10:45:00+05:30,PUNE_EAST,842.8,515.6,375.7,30.9,45.5,0.0,2.8,GOOD
2026-05-26T11:00:00+05:30,PUNE_EAST,890.1,541.3,386.7,31.3,43.8,0.0,2.9,GOOD
2026-05-26T11:15:00+05:30,PUNE_EAST,901.5,563.5,365.8,31.1,39.4,0.0,3.6,GOOD
2026-05-26T11:30:00+05:30,PUNE_EAST,931.1,571.8,377.8,32.6,39.3,0.0,1.9,GOOD
2026-05-26T11:45:00+05:30,PUNE_EAST,973.5,627.4,358.0,32.0,33.5,0.0,2.6,GOOD
2026-05-26T12:00:00+05:30,PUNE_EAST,989.5,620.2,375.0,33.6,35.2,0.0,3.5,GOOD
2026-05-26T12:15:00+05:30,PUNE_EAST,979.4,600.5,380.8,32.3,36.7,0.0,2.8,GOOD
2026-05-26T12:30:00+05:30,PUNE_EAST,927.5,544.0,384.1,32.5,40.6,0.0,2.4,GOOD
2026-05-26T12:45:00+05:30,PUNE_EAST,951.4,536.7,416.1,32.2,44.2,0.0,2.9,GOOD
2026-05-26T13:00:00+05:30,PUNE_EAST,943.7,528.4,419.5,32.9,45.3,0.0,2.6,GOOD
2026-05-26T13:15:00+05:30,PUNE_EAST,920.8,535.7,394.2,32.1,42.8,0.0,3.3,GOOD
2026-05-26T13:30:00+05:30,PUNE_EAST,926.0,525.1,416.7,32.9,46.2,0.0,2.4,GOOD
2026-05-26T13:45:00+05:30,PUNE_EAST,859.7,481.1,400.9,31.6,48.7,0.0,2.6,GOOD
2026-05-26T14:00:00+05:30,PUNE_EAST,847.4,461.2,416.9,32.6,52.6,0.0,3.0,GOOD
2026-05-26T14:15:00+05:30,PUNE_EAST,780.4,420.4,398.0,31.6,55.4,0.0,3.0,GOOD
2026-05-26T14:30:00+05:30,PUNE_EAST,778.3,446.1,384.5,31.1,52.9,0.0,3.3,GOOD
2026-05-26T14:45:00+05:30,PUNE_EAST,747.1,435.8,375.6,31.5,54.3,0.0,3.7,GOOD
2026-05-26T15:00:00+05:30,PUNE_EAST,698.9,429.1,347.5,32.7,53.4,0.0,3.2,GOOD
2026-05-26T15:15:00+05:30,PUNE_EAST,684.1,444.1,336.6,30.6,52.6,0.0,2.9,GOOD
2026-05-26T15:30:00+05:30,PUNE_EAST,612.3,417.6,301.9,31.0,52.8,0.0,2.9,GOOD
2026-05-26T15:45:00+05:30,PUNE_EAST,565.8,381.5,298.3,29.5,58.0,0.0,3.7,GOOD
2026-05-26T16:00:00+05:30,PUNE_EAST,540.0,391.0,283.3,29.0,57.6,0.0,4.2,GOOD
2026-05-26T16:15:00+05:30,PUNE_EAST,521.8,407.2,273.6,28.6,57.6,0.0,2.4,GOOD
2026-05-26T16:30:00+05:30,PUNE_EAST,486.0,446.8,235.5,28.6,51.5,0.0,3.4,GOOD
2026-05-26T16:45:00+05:30,PUNE_EAST,409.1,402.7,203.8,28.5,53.6,0.0,2.6,GOOD
2026-05-26T17:00:00+05:30,PUNE_EAST,337.5,351.6,176.8,26.9,57.5,0.0,3.2,GOOD
2026-05-26T17:15:00+05:30,PUNE_EAST,320.8,355.3,177.6,28.7,62.1,0.0,3.3,GOOD
2026-05-26T17:30:00+05:30,PUNE_EAST,233.9,286.1,134.3,27.6,65.3,0.0,3.5,GOOD
2026-05-26T17:45:00+05:30,PUNE_EAST,173.9,253.5,100.0,26.8,65.4,0.0,2.9,GOOD
2026-05-26T18:00:00+05:30,PUNE_EAST,128.2,230.7,74.1,26.0,65.8,0.0,2.2,GOOD
2026-05-26T18:15:00+05:30,PUNE_EAST,92.7,200.9,57.1,26.6,71.8,0.0,3.9,GOOD
2026-05-26T18:30:00+05:30,PUNE_EAST,86.5,282.1,52.1,25.1,69.6,0.0,4.5,GOOD
2026-05-26T18:45:00+05:30,PUNE_EAST,33.2,107.5,20.1,25.6,70.1,0.0,3.1,GOOD
2026-05-26T19:00:00+05:30,PUNE_EAST,0.0,0.0,0.0,25.9,63.1,0.0,4.6,GOOD
2026-05-26T19:15:00+05:30,PUNE_EAST,0.0,0.0,0.0,25.0,67.6,0.0,3.8,GOOD
2026-05-26T19:30:00+05:30,PUNE_EAST,0.0,0.0,0.0,24.1,63.9,0.0,2.8,GOOD
2026-05-26T19:45:00+05:30,PUNE_EAST,0.0,0.0,0.0,24.2,60.2,0.0,2.0,GOOD
2026-05-26T20:00:00+05:30,PUNE_EAST,0.0,0.0,0.0,22.6,63.3,0.0,3.2,GOOD
2026-05-26T20:15:00+05:30,PUNE_EAST,0.0,0.0,0.0,24.0,58.9,0.0,3.8,GOOD
2026-05-26T20:30:00+05:30,PUNE_EAST,0.0,0.0,0.0,22.7,57.7,0.0,3.2,GOOD
2026-05-26T20:45:00+05:30,PUNE_EAST,0.0,0.0,0.0,21.6,59.7,0.0,4.0,GOOD
2026-05-26T21:00:00+05:30,PUNE_EAST,0.0,0.0,0.0,23.0,56.6,0.0,4.1,GOOD
2026-05-26T21:15:00+05:30,PUNE_EAST,0.0,0.0,0.0,22.4,60.7,0.0,3.0,GOOD
2026-05-26T21:30:00+05:30,PUNE_EAST,0.0,0.0,0.0,21.7,52.7,0.0,3.6,GOOD
2026-05-26T21:45:00+05:30,PUNE_EAST,0.0,0.0,0.0,21.7,56.3,0.0,3.2,GOOD
2026-05-26T22:00:00+05:30,PUNE_EAST,0.0,0.0,0.0,21.8,49.2,0.0,2.5,GOOD
2026-05-26T22:15:00+05:30,PUNE_EAST,0.0,0.0,0.0,20,53.7,0.0,3.0,GOOD
2026-05-26T22:30:00+05:30,PUNE_EAST,0.0,0.0,0.0,22.1,51.8,0.0,2.8,GOOD
2026-05-26T22:45:00+05:30,PUNE_EAST,0.0,0.0,0.0,21.8,49.8,0.0,4.2,GOOD
2026-05-26T23:00:00+05:30,PUNE_EAST,0.0,0.0,0.0,21.4,46.4,0.0,2.8,GOOD
2026-05-26T23:15:00+05:30,PUNE_EAST,0.0,0.0,0.0,20.7,44.7,0.0,3.6,GOOD
2026-05-26T23:30:00+05:30,PUNE_EAST,0.0,0.0,0.0,23.0,51.1,0.0,3.8,GOOD
2026-05-26T23:45:00+05:30,PUNE_EAST,0.0,0.0,0.0,21.7,51.2,0.0,3.3,GOOD
2026-05-27T00:00:00+05:30,PUNE_EAST,0.0,0.0,0.0,21.6,32.6,0.0,2.3,GOOD
2026-05-27T00:15:00+05:30,PUNE_EAST,0.0,0.0,0.0,22.0,33.5,0.0,2.6,GOOD
2026-05-27T00:30:00+05:30,PUNE_EAST,0.0,0.0,0.0,21.7,33.6,0.0,3.6,GOOD
2026-05-27T00:45:00+05:30,PUNE_EAST,0.0,0.0,0.0,21.6,30.7,0.0,2.7,GOOD
2026-05-27T01:00:00+05:30,PUNE_EAST,0.0,0.0,0.0,23.7,30.8,0.0,2.5,GOOD
2026-05-27T01:15:00+05:30,PUNE_EAST,0.0,0.0,0.0,24.1,30.4,0.0,3.5,GOOD
2026-05-27T01:30:00+05:30,PUNE_EAST,0.0,0.0,0.0,23.8,25.7,0.0,2.9,GOOD
2026-05-27T01:45:00+05:30,PUNE_EAST,0.0,0.0,0.0,22.5,32.6,0.0,2.5,GOOD
2026-05-27T02:00:00+05:30,PUNE_EAST,0.0,0.0,0.0,24.7,28.7,0.0,3.1,GOOD
2026-05-27T02:15:00+05:30,PUNE_EAST,0.0,0.0,0.0,21.9,29.6,0.0,2.8,GOOD
2026-05-27T02:30:00+05:30,PUNE_EAST,0.0,0.0,0.0,23.7,33.6,0.0,3.9,GOOD
2026-05-27T02:45:00+05:30,PUNE_EAST,0.0,0.0,0.0,22.5,36.9,0.0,1.6,GOOD
2026-05-27T03:00:00+05:30,PUNE_EAST,0.0,0.0,0.0,21.4,38.9,0.0,3.5,GOOD
2026-05-27T03:15:00+05:30,PUNE_EAST,0.0,0.0,0.0,22.4,41.0,0.0,4.3,GOOD
2026-05-27T03:30:00+05:30,PUNE_EAST,0.0,0.0,0.0,22.4,41.8,0.0,3.7,GOOD
2026-05-27T03:45:00+05:30,PUNE_EAST,0.0,0.0,0.0,21.9,42.6,0.0,3.4,GOOD
2026-05-27T04:00:00+05:30,PUNE_EAST,0.0,0.0,0.0,21.7,39.7,0.0,3.7,GOOD
2026-05-27T04:15:00+05:30,PUNE_EAST,0.0,0.0,0.0,22.3,40.5,0.0,2.1,GOOD
2026-05-27T04:30:00+05:30,PUNE_EAST,0.0,0.0,0.0,22.3,42.6,0.0,3.7,GOOD
2026-05-27T04:45:00+05:30,PUNE_EAST,0.0,0.0,0.0,21.6,40.0,0.0,2.4,GOOD
2026-05-27T05:00:00+05:30,PUNE_EAST,0.0,0.0,0.0,23.8,37.8,0.0,3.4,GOOD
2026-05-27T05:15:00+05:30,PUNE_EAST,0.0,0.0,0.0,23.3,32.7,0.0,2.4,GOOD
2026-05-27T05:30:00+05:30,PUNE_EAST,0.0,0.0,0.0,24.4,38.1,0.0,3.0,GOOD
2026-05-27T05:45:00+05:30,PUNE_EAST,0.0,0.0,0.0,22.7,35.5,0.0,2.7,GOOD
2026-05-27T06:00:00+05:30,PUNE_EAST,0.0,0.0,0.0,23.6,34.6,0.0,4.0,GOOD
2026-05-27T06:15:00+05:30,PUNE_EAST,36.8,195.1,13.0,25.1,31.4,0.0,3.5,GOOD
2026-05-27T06:30:00+05:30,PUNE_EAST,89.2,493.7,29.1,25.5,27.0,0.0,2.5,GOOD
2026-05-27T06:45:00+05:30,PUNE_EAST,135.0,535.6,44.8,25.0,28.0,0.0,2.0,GOOD
2026-05-27T07:00:00+05:30,PUNE_EAST,186.2,544.0,63.3,25.5,29.2,0.0,2.8,GOOD
2026-05-27T07:15:00+05:30,PUNE_EAST,225.2,527.2,76.0,26.3,28.9,0.0,4.5,GOOD
2026-05-27T07:30:00+05:30,PUNE_EAST,285.6,586.6,86.5,26.8,23.5,0.0,3.7,GOOD
2026-05-27T07:45:00+05:30,PUNE_EAST,368.4,632.9,118.5,27.8,26.4,0.0,3.1,GOOD
2026-05-27T08:00:00+05:30,PUNE_EAST,397.6,571.8,140.8,27.7,31.4,0.0,3.9,GOOD
2026-05-27T08:15:00+05:30,PUNE_EAST,432.5,539.8,161.7,29.2,34.4,0.0,2.5,GOOD
2026-05-27T08:30:00+05:30,PUNE_EAST,516.6,594.0,188.2,28.8,33.0,0.0,2.4,GOOD
2026-05-27T08:45:00+05:30,PUNE_EAST,551.9,600.2,190.5,30.4,30.0,0.0,1.7,GOOD
2026-05-27T09:00:00+05:30,PUNE_EAST,600.1,608.5,205.0,29.7,29.5,0.0,2.7,GOOD
2026-05-27T09:15:00+05:30,PUNE_EAST,643.4,605.9,222.8,29.5,30.2,0.0,3.0,GOOD
2026-05-27T09:30:00+05:30,PUNE_EAST,688.7,577.9,263.0,29.2,35.7,0.0,3.1,GOOD
2026-05-27T09:45:00+05:30,PUNE_EAST,730.9,560.4,295.8,29.5,39.2,0.0,2.8,GOOD
2026-05-27T10:00:00+05:30,PUNE_EAST,768.3,597.5,282.3,30.6,33.5,0.0,2.9,GOOD
2026-05-27T10:15:00+05:30,PUNE_EAST,835.0,625.5,305.0,32.1,33.1,0.0,2.1,GOOD
2026-05-27T10:30:00+05:30,PUNE_EAST,849.1,577.8,341.8,29.9,38.9,0.0,3.3,GOOD
2026-05-27T10:45:00+05:30,PUNE_EAST,879.4,595.7,340.0,30.9,36.4,0.0,3.3,GOOD
2026-05-27T11:00:00+05:30,PUNE_EAST,921.3,669.5,298.8,33.7,26.8,0.0,2.9,GOOD
2026-05-27T11:15:00+05:30,PUNE_EAST,974.8,706.8,303.0,30.7,24.7,0.0,2.5,GOOD
2026-05-27T11:30:00+05:30,PUNE_EAST,961.7,683.1,300.8,33.1,25.0,0.0,3.2,GOOD
2026-05-27T11:45:00+05:30,PUNE_EAST,957.2,648.4,321.1,32.4,28.5,0.0,2.0,GOOD
2026-05-27T12:00:00+05:30,PUNE_EAST,973.6,638.6,341.0,33.0,30.8,0.0,2.5,GOOD
2026-05-27T12:15:00+05:30,PUNE_EAST,965.1,583.7,383.3,33.3,38.0,0.0,2.8,GOOD
2026-05-27T12:30:00+05:30,PUNE_EAST,974.1,583.2,391.5,31.4,38.8,0.0,3.8,GOOD
2026-05-27T12:45:00+05:30,PUNE_EAST,930.6,526.9,405.1,32.4,43.9,0.0,4.1,GOOD
2026-05-27T13:00:00+05:30,PUNE_EAST,926.3,505.5,424.9,31.7,47.5,0.0,2.5,GOOD
2026-05-27T13:15:00+05:30,PUNE_EAST,913.8,517.0,405.6,32.3,45.2,0.0,2.6,GOOD
2026-05-27T13:30:00+05:30,PUNE_EAST,906.1,518.4,403.2,31.8,45.4,0.0,3.2,GOOD
2026-05-27T13:45:00+05:30,PUNE_EAST,876.9,493.1,406.8,32.0,48.3,0.0,3.0,GOOD
2026-05-27T14:00:00+05:30,PUNE_EAST,858.2,484.7,405.8,32.3,49.7,0.0,4.1,GOOD
2026-05-27T14:15:00+05:30,PUNE_EAST,830.5,485.0,389.1,30.4,49.0,0.0,3.4,GOOD
2026-05-27T14:30:00+05:30,PUNE_EAST,809.4,509.5,359.5,32.1,45.3,0.0,3.2,GOOD
2026-05-27T14:45:00+05:30,PUNE_EAST,781.5,497.5,357.3,33.8,47.3,0.0,3.3,GOOD
2026-05-27T15:00:00+05:30,PUNE_EAST,737.3,465.3,356.1,31.4,51.2,0.0,2.6,GOOD
2026-05-27T15:15:00+05:30,PUNE_EAST,713.6,497.1,324.4,31.6,46.9,0.0,3.6,GOOD
2026-05-27T15:30:00+05:30,PUNE_EAST,669.6,495.1,301.5,32.1,46.2,0.0,2.1,GOOD
2026-05-27T15:45:00+05:30,PUNE_EAST,635.5,506.3,280.2,31.3,44.8,0.0,3.8,GOOD
2026-05-27T16:00:00+05:30,PUNE_EAST,571.1,479.3,256.1,30.9,45.9,0.0,1.7,GOOD
2026-05-27T16:15:00+05:30,PUNE_EAST,529.6,466.6,244.8,29.4,48.0,0.0,3.3,GOOD
2026-05-27T16:30:00+05:30,PUNE_EAST,458.1,435.5,213.6,28.0,48.7,0.0,3.3,GOOD
2026-05-27T16:45:00+05:30,PUNE_EAST,419.4,418.5,205.8,28.5,52.4,0.0,2.3,GOOD
2026-05-27T17:00:00+05:30,PUNE_EAST,361.5,389.5,183.1,27.3,54.8,0.0,2.6,GOOD
2026-05-27T17:15:00+05:30,PUNE_EAST,339.7,444.4,160.2,29.5,49.5,0.0,2.8,GOOD
2026-05-27T17:30:00+05:30,PUNE_EAST,298.1,488.9,127.6,25.5,42.8,0.0,3.8,GOOD
2026-05-27T17:45:00+05:30,PUNE_EAST,230.4,447.2,99.6,27.6,43.4,0.0,2.6,GOOD
2026-05-27T18:00:00+05:30,PUNE_EAST,178.8,406.3,83.0,29.0,48.4,0.0,3.7,GOOD
2026-05-27T18:15:00+05:30,PUNE_EAST,136.1,370.6,70.1,25.5,56.1,0.0,4.0,GOOD
2026-05-27T18:30:00+05:30,PUNE_EAST,86.3,388.8,39.0,27.7,46.3,0.0,3.2,GOOD
2026-05-27T18:45:00+05:30,PUNE_EAST,18.6,82.7,8.5,26.1,47.3,0.0,2.3,GOOD
2026-05-27T19:00:00+05:30,PUNE_EAST,33.9,149.8,15.7,25.9,48.0,0.0,3.2,GOOD
2026-05-27T19:15:00+05:30,PUNE_EAST,0.0,0.0,0.0,26.2,46.2,0.0,3.3,GOOD
2026-05-27T19:30:00+05:30,PUNE_EAST,0.0,0.0,0.0,23.2,43.6,0.0,2.5,GOOD
2026-05-27T19:45:00+05:30,PUNE_EAST,0.0,0.0,0.0,23.9,43.8,0.0,3.5,GOOD
2026-05-27T20:00:00+05:30,PUNE_EAST,0.0,0.0,0.0,24.1,51.8,0.0,3.4,GOOD
2026-05-27T20:15:00+05:30,PUNE_EAST,0.0,0.0,0.0,22.0,53.0,0.0,3.4,GOOD
2026-05-27T20:30:00+05:30,PUNE_EAST,0.0,0.0,0.0,22.1,52.1,0.0,3.4,GOOD
2026-05-27T20:45:00+05:30,PUNE_EAST,0.0,0.0,0.0,21.8,50.3,0.0,3.0,GOOD
2026-05-27T21:00:00+05:30,PUNE_EAST,0.0,0.0,0.0,21.6,47.3,0.0,3.3,GOOD
2026-05-27T21:15:00+05:30,PUNE_EAST,0.0,0.0,0.0,21.5,51.3,0.0,3.5,GOOD
2026-05-27T21:30:00+05:30,PUNE_EAST,0.0,0.0,0.0,22.7,54.8,0.0,4.0,GOOD
2026-05-27T21:45:00+05:30,PUNE_EAST,0.0,0.0,0.0,21.3,52.6,0.0,3.1,GOOD
2026-05-27T22:00:00+05:30,PUNE_EAST,0.0,0.0,0.0,23.2,49.5,0.0,4.2,GOOD
2026-05-27T22:15:00+05:30,PUNE_EAST,0.0,0.0,0.0,21.8,52.8,0.0,2.8,GOOD
2026-05-27T22:30:00+05:30,PUNE_EAST,0.0,0.0,0.0,22.3,50.4,0.0,2.0,GOOD
2026-05-27T22:45:00+05:30,PUNE_EAST,0.0,0.0,0.0,22.5,46.2,0.0,2.0,GOOD
2026-05-27T23:00:00+05:30,PUNE_EAST,0.0,0.0,0.0,21.8,54.8,0.0,4.5,GOOD
2026-05-27T23:15:00+05:30,PUNE_EAST,0.0,0.0,0.0,21.1,56.4,0.0,3.4,GOOD
2026-05-27T23:30:00+05:30,PUNE_EAST,0.0,0.0,0.0,21.6,52.5,0.0,3.8,GOOD
2026-05-27T23:45:00+05:30,PUNE_EAST,0.0,0.0,0.0,22.7,48.7,0.0,2.9,GOOD
2026-05-28T00:00:00+05:30,PUNE_EAST,0.0,0.0,0.0,22.8,23.8,0.0,3.4,GOOD
2026-05-28T00:15:00+05:30,PUNE_EAST,0.0,0.0,0.0,23.0,27.4,0.0,1.5,GOOD
2026-05-28T00:30:00+05:30,PUNE_EAST,0.0,0.0,0.0,22.0,25.3,0.0,1.7,GOOD
2026-05-28T00:45:00+05:30,PUNE_EAST,0.0,0.0,0.0,23.0,19.6,0.0,1.9,GOOD
2026-05-28T01:00:00+05:30,PUNE_EAST,0.0,0.0,0.0,23.9,20.4,0.0,1.5,GOOD
2026-05-28T01:15:00+05:30,PUNE_EAST,0.0,0.0,0.0,23.2,11.9,0.0,2.4,GOOD
2026-05-28T01:30:00+05:30,PUNE_EAST,0.0,0.0,0.0,24.1,10.3,0.0,1.4,GOOD
2026-05-28T01:45:00+05:30,PUNE_EAST,0.0,0.0,0.0,23.5,4.8,0.0,1.9,GOOD
2026-05-28T02:00:00+05:30,PUNE_EAST,0.0,0.0,0.0,22.4,1.5,0.0,2.2,GOOD
2026-05-28T02:15:00+05:30,PUNE_EAST,0.0,0.0,0.0,22.5,1.5,0.0,2.8,GOOD
2026-05-28T02:30:00+05:30,PUNE_EAST,0.0,0.0,0.0,21.8,1.5,0.0,1.6,GOOD
2026-05-28T02:45:00+05:30,PUNE_EAST,0.0,0.0,0.0,23.8,5.3,0.0,1.8,GOOD
2026-05-28T03:00:00+05:30,PUNE_EAST,0.0,0.0,0.0,21.8,8.4,0.0,2.9,GOOD
2026-05-28T03:15:00+05:30,PUNE_EAST,0.0,0.0,0.0,22.4,7.3,0.0,2.5,GOOD
2026-05-28T03:30:00+05:30,PUNE_EAST,0.0,0.0,0.0,23.6,7.9,0.0,2.5,GOOD
2026-05-28T03:45:00+05:30,PUNE_EAST,0.0,0.0,0.0,23.3,6.0,0.0,2.9,GOOD
2026-05-28T04:00:00+05:30,PUNE_EAST,0.0,0.0,0.0,22.4,5.1,0.0,2.6,GOOD
2026-05-28T04:15:00+05:30,PUNE_EAST,0.0,0.0,0.0,22.4,8.1,0.0,3.2,GOOD
2026-05-28T04:30:00+05:30,PUNE_EAST,0.0,0.0,0.0,22.4,7.6,0.0,3.0,GOOD
2026-05-28T04:45:00+05:30,PUNE_EAST,0.0,0.0,0.0,22.2,9.6,0.0,1.9,GOOD
2026-05-28T05:00:00+05:30,PUNE_EAST,0.0,0.0,0.0,24.3,4.4,0.0,1.4,GOOD
2026-05-28T05:15:00+05:30,PUNE_EAST,0.0,0.0,0.0,24.1,1.5,0.0,2.3,GOOD
2026-05-28T05:30:00+05:30,PUNE_EAST,0.0,0.0,0.0,24.6,4.7,0.0,2.1,GOOD
2026-05-28T05:45:00+05:30,PUNE_EAST,0.0,0.0,0.0,25.3,5.9,0.0,2.6,GOOD
2026-05-28T06:00:00+05:30,PUNE_EAST,0.0,0.0,0.0,25.6,5.7,0.0,1.5,GOOD
2026-05-28T06:15:00+05:30,PUNE_EAST,31.0,212.5,5.1,25.2,2.4,0.0,2.8,GOOD
2026-05-28T06:30:00+05:30,PUNE_EAST,91.3,618.5,15.9,27.5,3.8,0.0,1.4,GOOD
2026-05-28T06:45:00+05:30,PUNE_EAST,148.5,739.4,23.7,26.2,1.5,0.0,1.3,GOOD
2026-05-28T07:00:00+05:30,PUNE_EAST,162.8,586.5,30.1,26.3,5.4,0.0,2.6,GOOD
2026-05-28T07:15:00+05:30,PUNE_EAST,245.9,706.5,45.8,26.7,5.6,0.0,0.5,GOOD
2026-05-28T07:30:00+05:30,PUNE_EAST,287.0,701.2,48.9,27.8,3.1,0.0,2.4,GOOD
2026-05-28T07:45:00+05:30,PUNE_EAST,351.7,748.3,56.2,29.0,1.5,0.0,2.9,GOOD
2026-05-28T08:00:00+05:30,PUNE_EAST,413.7,754.7,74.8,28.2,4.7,0.0,3.0,GOOD
2026-05-28T08:15:00+05:30,PUNE_EAST,465.6,724.9,101.8,28.3,10.6,0.0,2.2,GOOD
2026-05-28T08:30:00+05:30,PUNE_EAST,534.9,731.1,130.6,30.6,14.5,0.0,2.4,GOOD
2026-05-28T08:45:00+05:30,PUNE_EAST,571.9,740.1,126.3,29.5,10.9,0.0,2.3,GOOD
2026-05-28T09:00:00+05:30,PUNE_EAST,600.2,715.9,135.4,30.4,11.6,0.0,2.1,GOOD
2026-05-28T09:15:00+05:30,PUNE_EAST,652.4,704.0,163.7,31.3,15.5,0.0,0.8,GOOD
2026-05-28T09:30:00+05:30,PUNE_EAST,713.9,733.9,173.4,29.1,14.3,0.0,2.6,GOOD
2026-05-28T09:45:00+05:30,PUNE_EAST,759.3,757.1,171.6,29.7,11.7,0.0,2.5,GOOD
2026-05-28T10:00:00+05:30,PUNE_EAST,807.9,768.5,182.9,33.4,11.8,0.0,3.7,GOOD
2026-05-28T10:15:00+05:30,PUNE_EAST,837.1,753.4,199.0,32.1,13.5,0.0,3.4,GOOD
2026-05-28T10:30:00+05:30,PUNE_EAST,869.7,713.0,243.8,31.2,20.1,0.0,2.7,GOOD
2026-05-28T10:45:00+05:30,PUNE_EAST,903.9,729.6,243.3,31.4,18.3,0.0,2.2,GOOD
2026-05-28T11:00:00+05:30,PUNE_EAST,925.3,755.5,223.1,31.9,14.0,0.0,2.5,GOOD
2026-05-28T11:15:00+05:30,PUNE_EAST,954.9,735.2,256.3,32.9,18.2,0.0,3.6,GOOD
2026-05-28T11:30:00+05:30,PUNE_EAST,952.0,709.1,266.1,33.8,19.9,0.0,3.8,GOOD
2026-05-28T11:45:00+05:30,PUNE_EAST,1010.1,740.9,283.4,31.3,20.1,0.0,3.1,GOOD
2026-05-28T12:00:00+05:30,PUNE_EAST,975.4,704.9,277.2,32.9,20.6,0.0,2.6,GOOD
2026-05-28T12:15:00+05:30,PUNE_EAST,986.0,726.1,262.5,34.0,17.9,0.0,2.1,GOOD
2026-05-28T12:30:00+05:30,PUNE_EAST,990.1,738.2,252.8,32.6,16.2,0.0,3.9,GOOD
2026-05-28T12:45:00+05:30,PUNE_EAST,1007.3,741.6,267.8,33.7,17.8,0.0,3.2,GOOD
2026-05-28T13:00:00+05:30,PUNE_EAST,1004.2,722.0,288.1,32.6,21.1,0.0,3.1,GOOD
2026-05-28T13:15:00+05:30,PUNE_EAST,983.3,718.2,277.5,33.3,20.3,0.0,3.0,GOOD
2026-05-28T13:30:00+05:30,PUNE_EAST,966.5,716.3,271.7,31.7,20.2,0.0,3.8,GOOD
2026-05-28T13:45:00+05:30,PUNE_EAST,935.9,720.1,249.2,33.0,17.9,0.0,3.0,GOOD
2026-05-28T14:00:00+05:30,PUNE_EAST,940.1,740.2,249.0,32.4,17.7,0.0,1.6,GOOD
2026-05-28T14:15:00+05:30,PUNE_EAST,883.7,687.8,257.8,34.3,21.8,0.0,2.6,GOOD
2026-05-28T14:30:00+05:30,PUNE_EAST,881.5,712.9,251.9,32.4,20.9,0.0,2.1,GOOD
2026-05-28T14:45:00+05:30,PUNE_EAST,829.8,708.3,225.6,32.4,18.8,0.0,2.5,GOOD
2026-05-28T15:00:00+05:30,PUNE_EAST,813.7,709.3,232.3,32.5,20.8,0.0,1.7,GOOD
2026-05-28T15:15:00+05:30,PUNE_EAST,763.2,709.3,207.6,32.4,18.8,0.0,2.7,GOOD
2026-05-28T15:30:00+05:30,PUNE_EAST,704.6,675.8,201.8,32.1,21.0,0.0,3.2,GOOD
2026-05-28T15:45:00+05:30,PUNE_EAST,696.5,714.3,195.0,30.6,20.0,0.0,1.9,GOOD
2026-05-28T16:00:00+05:30,PUNE_EAST,636.9,693.8,180.5,30.3,20.5,0.0,3.1,GOOD
2026-05-28T16:15:00+05:30,PUNE_EAST,553.1,653.6,153.8,30.9,19.7,0.0,3.4,GOOD
2026-05-28T16:30:00+05:30,PUNE_EAST,515.0,673.5,136.4,29.3,17.7,0.0,1.9,GOOD
2026-05-28T16:45:00+05:30,PUNE_EAST,461.3,637.2,135.5,29.1,22.1,0.0,2.6,GOOD
2026-05-28T17:00:00+05:30,PUNE_EAST,404.7,664.8,99.6,30.5,14.8,0.0,2.8,GOOD
2026-05-28T17:15:00+05:30,PUNE_EAST,330.6,619.4,79.7,29.9,14.0,0.0,3.0,GOOD
2026-05-28T17:30:00+05:30,PUNE_EAST,289.8,617.3,73.9,29.4,16.1,0.0,2.1,GOOD
2026-05-28T17:45:00+05:30,PUNE_EAST,247.1,628.8,62.4,28.2,15.8,0.0,2.5,GOOD
2026-05-28T18:00:00+05:30,PUNE_EAST,214.2,672.4,55.0,29.6,16.4,0.0,2.6,GOOD
2026-05-28T18:15:00+05:30,PUNE_EAST,157.4,623.6,45.6,27.3,21.5,0.0,3.8,GOOD
2026-05-28T18:30:00+05:30,PUNE_EAST,99.2,536.6,33.8,26.1,29.4,0.0,3.1,GOOD
2026-05-28T18:45:00+05:30,PUNE_EAST,55.8,305.8,18.5,26.7,27.9,0.0,2.2,GOOD
2026-05-28T19:00:00+05:30,PUNE_EAST,12.3,67.3,4.1,26.3,28.2,0.0,2.9,GOOD
2026-05-28T19:15:00+05:30,PUNE_EAST,0.0,0.0,0.0,25.0,27.0,0.0,3.3,GOOD
2026-05-28T19:30:00+05:30,PUNE_EAST,0.0,0.0,0.0,23.8,31.3,0.0,3.0,GOOD
2026-05-28T19:45:00+05:30,PUNE_EAST,0.0,0.0,0.0,24.5,28.3,0.0,2.3,GOOD
2026-05-28T20:00:00+05:30,PUNE_EAST,0.0,0.0,0.0,24.0,31.0,0.0,2.9,GOOD
2026-05-28T20:15:00+05:30,PUNE_EAST,0.0,0.0,0.0,25.2,30.4,0.0,3.7,GOOD
2026-05-28T20:30:00+05:30,PUNE_EAST,0.0,0.0,0.0,22.7,31.9,0.0,3.0,GOOD
2026-05-28T20:45:00+05:30,PUNE_EAST,0.0,0.0,0.0,24.3,32.9,0.0,3.5,GOOD
2026-05-28T21:00:00+05:30,PUNE_EAST,0.0,0.0,0.0,21.9,27.3,0.0,2.5,GOOD
2026-05-28T21:15:00+05:30,PUNE_EAST,0.0,0.0,0.0,23.6,28.1,0.0,1.6,GOOD
2026-05-28T21:30:00+05:30,PUNE_EAST,0.0,0.0,0.0,22.6,26.4,0.0,2.7,GOOD
2026-05-28T21:45:00+05:30,PUNE_EAST,0.0,0.0,0.0,23.3,22.9,0.0,1.9,GOOD
2026-05-28T22:00:00+05:30,PUNE_EAST,0.0,0.0,0.0,22.3,30.1,0.0,3.1,GOOD
2026-05-28T22:15:00+05:30,PUNE_EAST,0.0,0.0,0.0,23.1,29.2,0.0,2.9,GOOD
2026-05-28T22:30:00+05:30,PUNE_EAST,0.0,0.0,0.0,23.9,32.4,0.0,1.2,GOOD
2026-05-28T22:45:00+05:30,PUNE_EAST,0.0,0.0,0.0,23.5,30.7,0.0,2.2,GOOD
2026-05-28T23:00:00+05:30,PUNE_EAST,0.0,0.0,0.0,21.5,28.3,0.0,4.3,GOOD
2026-05-28T23:15:00+05:30,PUNE_EAST,0.0,0.0,0.0,24.3,31.6,0.0,3.4,GOOD
2026-05-28T23:30:00+05:30,PUNE_EAST,0.0,0.0,0.0,23.7,28.4,0.0,1.9,GOOD
2026-05-28T23:45:00+05:30,PUNE_EAST,0.0,0.0,0.0,21.5,31.4,0.0,2.9,GOOD
2026-05-29T00:00:00+05:30,PUNE_EAST,0.0,0.0,0.0,23.2,24.1,0.0,3.3,GOOD
2026-05-29T00:15:00+05:30,PUNE_EAST,0.0,0.0,0.0,22.2,22.8,0.0,3.0,GOOD
2026-05-29T00:30:00+05:30,PUNE_EAST,0.0,0.0,0.0,22.8,19.6,0.0,1.8,GOOD
2026-05-29T00:45:00+05:30,PUNE_EAST,0.0,0.0,0.0,22.5,20.3,0.0,3.0,GOOD
2026-05-29T01:00:00+05:30,PUNE_EAST,0.0,0.0,0.0,21.5,15.5,0.0,2.5,GOOD
2026-05-29T01:15:00+05:30,PUNE_EAST,0.0,0.0,0.0,22.6,9.5,0.0,2.8,GOOD
2026-05-29T01:30:00+05:30,PUNE_EAST,0.0,0.0,0.0,22.2,14.3,0.0,1.3,GOOD
2026-05-29T01:45:00+05:30,PUNE_EAST,0.0,0.0,0.0,22.1,9.8,0.0,3.0,GOOD
2026-05-29T02:00:00+05:30,PUNE_EAST,0.0,0.0,0.0,22.8,17.2,0.0,3.6,GOOD
2026-05-29T02:15:00+05:30,PUNE_EAST,0.0,0.0,0.0,23.0,13.5,0.0,1.6,GOOD
2026-05-29T02:30:00+05:30,PUNE_EAST,0.0,0.0,0.0,21.9,14.0,0.0,2.5,GOOD
2026-05-29T02:45:00+05:30,PUNE_EAST,0.0,0.0,0.0,23.6,16.7,0.0,2.7,GOOD
2026-05-29T03:00:00+05:30,PUNE_EAST,0.0,0.0,0.0,21.9,12.2,0.0,3.0,GOOD
2026-05-29T03:15:00+05:30,PUNE_EAST,0.0,0.0,0.0,24.2,4.8,0.0,2.1,GOOD
2026-05-29T03:30:00+05:30,PUNE_EAST,0.0,0.0,0.0,22.4,5.4,0.0,2.0,GOOD
2026-05-29T03:45:00+05:30,PUNE_EAST,0.0,0.0,0.0,22.4,11.7,0.0,2.6,GOOD
2026-05-29T04:00:00+05:30,PUNE_EAST,0.0,0.0,0.0,22.8,11.0,0.0,2.5,GOOD
2026-05-29T04:15:00+05:30,PUNE_EAST,0.0,0.0,0.0,24.3,6.7,0.0,3.6,GOOD
2026-05-29T04:30:00+05:30,PUNE_EAST,0.0,0.0,0.0,23.0,4.8,0.0,2.5,GOOD
2026-05-29T04:45:00+05:30,PUNE_EAST,0.0,0.0,0.0,23.5,5.3,0.0,1.7,GOOD
2026-05-29T05:00:00+05:30,PUNE_EAST,0.0,0.0,0.0,22.8,5.2,0.0,1.1,GOOD
2026-05-29T05:15:00+05:30,PUNE_EAST,0.0,0.0,0.0,23.5,11.1,0.0,2.4,GOOD
2026-05-29T05:30:00+05:30,PUNE_EAST,0.0,0.0,0.0,24.2,14.7,0.0,3.0,GOOD
2026-05-29T05:45:00+05:30,PUNE_EAST,0.0,0.0,0.0,23.1,12.5,0.0,1.4,GOOD
2026-05-29T06:00:00+05:30,PUNE_EAST,0.0,0.0,0.0,24.9,15.7,0.0,2.7,GOOD
2026-05-29T06:15:00+05:30,PUNE_EAST,26.6,163.4,6.7,25.2,15.6,0.0,2.0,GOOD
2026-05-29T06:30:00+05:30,PUNE_EAST,82.9,512.4,20.4,24.7,14.9,0.0,1.6,GOOD
2026-05-29T06:45:00+05:30,PUNE_EAST,159.3,685.2,43.5,25.9,18.9,0.0,1.7,GOOD
2026-05-29T07:00:00+05:30,PUNE_EAST,214.9,679.4,61.1,24.2,20.7,0.0,3.0,GOOD
2026-05-29T07:15:00+05:30,PUNE_EAST,240.9,593.6,72.7,26.2,23.3,0.0,2.5,GOOD
2026-05-29T07:30:00+05:30,PUNE_EAST,306.1,654.3,83.8,27.1,19.1,0.0,3.1,GOOD
2026-05-29T07:45:00+05:30,PUNE_EAST,335.8,609.8,95.0,27.5,20.4,0.0,1.8,GOOD
2026-05-29T08:00:00+05:30,PUNE_EAST,401.7,636.2,116.0,28.1,21.4,0.0,2.0,GOOD
2026-05-29T08:15:00+05:30,PUNE_EAST,466.3,651.0,139.7,27.2,23.0,0.0,3.2,GOOD
2026-05-29T08:30:00+05:30,PUNE_EAST,507.0,663.0,140.5,27.7,19.5,0.0,2.6,GOOD
2026-05-29T08:45:00+05:30,PUNE_EAST,536.6,626.6,159.4,29.3,22.6,0.0,2.8,GOOD
2026-05-29T09:00:00+05:30,PUNE_EAST,596.5,658.4,169.1,29.8,20.5,0.0,3.2,GOOD
2026-05-29T09:15:00+05:30,PUNE_EAST,686.1,743.1,170.4,30.6,15.1,0.0,2.7,GOOD
2026-05-29T09:30:00+05:30,PUNE_EAST,713.9,737.8,170.6,30.5,13.7,0.0,2.1,GOOD
2026-05-29T09:45:00+05:30,PUNE_EAST,725.6,673.4,203.1,30.0,20.0,0.0,2.4,GOOD
2026-05-29T10:00:00+05:30,PUNE_EAST,817.3,713.6,237.2,32.4,21.6,0.0,3.0,GOOD
2026-05-29T10:15:00+05:30,PUNE_EAST,815.3,672.6,245.7,31.5,23.3,0.0,3.0,GOOD
2026-05-29T10:30:00+05:30,PUNE_EAST,872.1,690.1,266.5,31.5,23.9,0.0,2.9,GOOD
2026-05-29T10:45:00+05:30,PUNE_EAST,893.1,689.3,269.2,31.7,23.3,0.0,2.6,GOOD
2026-05-29T11:00:00+05:30,PUNE_EAST,906.4,679.9,274.6,32.6,23.5,0.0,4.2,GOOD
2026-05-29T11:15:00+05:30,PUNE_EAST,939.9,742.4,234.6,33.0,15.3,0.0,1.8,GOOD
2026-05-29T11:30:00+05:30,PUNE_EAST,948.0,699.8,271.3,32.6,20.9,0.0,0.8,GOOD
2026-05-29T11:45:00+05:30,PUNE_EAST,990.0,744.1,260.4,32.7,17.4,0.0,3.1,GOOD
2026-05-29T12:00:00+05:30,PUNE_EAST,984.2,689.8,301.1,32.8,24.0,0.0,1.5,GOOD
2026-05-29T12:15:00+05:30,PUNE_EAST,998.4,698.5,302.4,32.3,23.5,0.0,2.9,GOOD
2026-05-29T12:30:00+05:30,PUNE_EAST,979.1,670.2,309.8,33.8,25.6,0.0,2.7,GOOD
2026-05-29T12:45:00+05:30,PUNE_EAST,986.9,658.0,330.8,33.4,28.5,0.0,2.9,GOOD
2026-05-29T13:00:00+05:30,PUNE_EAST,975.6,671.5,309.6,32.8,25.7,0.0,2.7,GOOD
2026-05-29T13:15:00+05:30,PUNE_EAST,942.6,615.1,338.1,31.4,32.1,0.0,1.7,GOOD
2026-05-29T13:30:00+05:30,PUNE_EAST,951.8,635.9,334.9,32.2,31.1,0.0,2.9,GOOD
2026-05-29T13:45:00+05:30,PUNE_EAST,939.6,659.5,310.6,32.1,27.8,0.0,2.9,GOOD
2026-05-29T14:00:00+05:30,PUNE_EAST,938.6,665.1,317.5,32.6,29.0,0.0,2.2,GOOD
2026-05-29T14:15:00+05:30,PUNE_EAST,889.9,611.5,333.2,33.0,34.5,0.0,2.4,GOOD
2026-05-29T14:30:00+05:30,PUNE_EAST,842.7,590.2,321.3,30.3,35.6,0.0,3.1,GOOD
2026-05-29T14:45:00+05:30,PUNE_EAST,813.3,583.0,315.8,31.6,36.7,0.0,2.9,GOOD
2026-05-29T15:00:00+05:30,PUNE_EAST,787.8,588.4,305.3,32.1,36.6,0.0,2.9,GOOD
2026-05-29T15:15:00+05:30,PUNE_EAST,750.8,588.7,289.4,32.0,36.2,0.0,3.5,GOOD
2026-05-29T15:30:00+05:30,PUNE_EAST,665.7,535.3,267.2,31.6,38.7,0.0,3.4,GOOD
2026-05-29T15:45:00+05:30,PUNE_EAST,649.8,532.3,275.8,29.8,42.2,0.0,2.8,GOOD
2026-05-29T16:00:00+05:30,PUNE_EAST,594.3,532.0,244.0,30.1,40.1,0.0,3.3,GOOD
2026-05-29T16:15:00+05:30,PUNE_EAST,545.0,536.7,216.7,29.5,38.1,0.0,2.9,GOOD
2026-05-29T16:30:00+05:30,PUNE_EAST,510.7,562.5,194.1,29.8,35.4,0.0,3.2,GOOD
2026-05-29T16:45:00+05:30,PUNE_EAST,454.9,557.1,169.5,29.5,34.3,0.0,4.4,GOOD
2026-05-29T17:00:00+05:30,PUNE_EAST,390.2,540.5,141.7,28.7,32.8,0.0,3.6,GOOD
2026-05-29T17:15:00+05:30,PUNE_EAST,373.9,583.8,136.9,29.3,33.3,0.0,3.4,GOOD
2026-05-29T17:30:00+05:30,PUNE_EAST,282.3,511.4,102.8,26.8,33.0,0.0,2.2,GOOD
2026-05-29T17:45:00+05:30,PUNE_EAST,257.7,558.2,93.2,27.9,32.5,0.0,2.7,GOOD
2026-05-29T18:00:00+05:30,PUNE_EAST,182.4,498.8,63.7,27.8,30.6,0.0,3.0,GOOD
2026-05-29T18:15:00+05:30,PUNE_EAST,146.0,537.8,48.8,27.7,28.4,0.0,2.1,GOOD
2026-05-29T18:30:00+05:30,PUNE_EAST,65.0,342.2,23.0,27.0,31.2,0.0,3.2,GOOD
2026-05-29T18:45:00+05:30,PUNE_EAST,38.1,206.5,12.9,25.5,29.1,0.0,4.6,GOOD
2026-05-29T19:00:00+05:30,PUNE_EAST,18.4,99.7,6.3,24.6,29.2,0.0,2.2,GOOD
2026-05-29T19:15:00+05:30,PUNE_EAST,0.0,0.0,0.0,25.3,29.7,0.0,2.4,GOOD
2026-05-29T19:30:00+05:30,PUNE_EAST,0.0,0.0,0.0,24.5,36.6,0.0,2.1,GOOD
2026-05-29T19:45:00+05:30,PUNE_EAST,0.0,0.0,0.0,24.6,32.6,0.0,2.2,GOOD
2026-05-29T20:00:00+05:30,PUNE_EAST,0.0,0.0,0.0,25.1,22.2,0.0,2.3,GOOD
2026-05-29T20:15:00+05:30,PUNE_EAST,0.0,0.0,0.0,23.1,16.9,0.0,2.3,GOOD
2026-05-29T20:30:00+05:30,PUNE_EAST,0.0,0.0,0.0,23.7,22.2,0.0,3.6,GOOD
2026-05-29T20:45:00+05:30,PUNE_EAST,0.0,0.0,0.0,23.4,23.3,0.0,2.3,GOOD
2026-05-29T21:00:00+05:30,PUNE_EAST,0.0,0.0,0.0,22.9,21.8,0.0,2.3,GOOD
2026-05-29T21:15:00+05:30,PUNE_EAST,0.0,0.0,0.0,23.9,23.9,0.0,2.9,GOOD
2026-05-29T21:30:00+05:30,PUNE_EAST,0.0,0.0,0.0,23.4,21.1,0.0,2.7,GOOD
2026-05-29T21:45:00+05:30,PUNE_EAST,0.0,0.0,0.0,22.2,17.8,0.0,3.1,GOOD
2026-05-29T22:00:00+05:30,PUNE_EAST,0.0,0.0,0.0,21.8,20.2,0.0,3.3,GOOD
2026-05-29T22:15:00+05:30,PUNE_EAST,0.0,0.0,0.0,22.2,16.3,0.0,2.9,GOOD
2026-05-29T22:30:00+05:30,PUNE_EAST,0.0,0.0,0.0,23.3,19.3,0.0,2.6,GOOD
2026-05-29T22:45:00+05:30,PUNE_EAST,0.0,0.0,0.0,23.5,15.6,0.0,2.4,GOOD
2026-05-29T23:00:00+05:30,PUNE_EAST,0.0,0.0,0.0,24.0,19.8,0.0,3.2,GOOD
2026-05-29T23:15:00+05:30,PUNE_EAST,0.0,0.0,0.0,23.9,21.8,0.0,2.9,GOOD
2026-05-29T23:30:00+05:30,PUNE_EAST,0.0,0.0,0.0,23.1,13.7,0.0,2.5,GOOD
2026-05-29T23:45:00+05:30,PUNE_EAST,0.0,0.0,0.0,23.5,10.1,0.0,1.8,GOOD
2026-05-30T00:00:00+05:30,PUNE_EAST,0.0,0.0,0.0,20.8,49.8,0.0,2.1,GOOD
2026-05-30T00:15:00+05:30,PUNE_EAST,0.0,0.0,0.0,20.6,48.3,0.0,4.1,GOOD
2026-05-30T00:30:00+05:30,PUNE_EAST,0.0,0.0,0.0,20.2,48.8,0.0,3.0,GOOD
2026-05-30T00:45:00+05:30,PUNE_EAST,0.0,0.0,0.0,22.4,45.3,0.0,2.6,GOOD
2026-05-30T01:00:00+05:30,PUNE_EAST,0.0,0.0,0.0,22.7,44.2,0.0,2.8,GOOD
2026-05-30T01:15:00+05:30,PUNE_EAST,0.0,0.0,0.0,22.4,41.5,0.0,3.5,GOOD
2026-05-30T01:30:00+05:30,PUNE_EAST,0.0,0.0,0.0,22.1,38.2,0.0,2.9,GOOD
2026-05-30T01:45:00+05:30,PUNE_EAST,0.0,0.0,0.0,22.2,34.3,0.0,3.9,GOOD
2026-05-30T02:00:00+05:30,PUNE_EAST,0.0,0.0,0.0,22.1,37.4,0.0,2.5,GOOD
2026-05-30T02:15:00+05:30,PUNE_EAST,0.0,0.0,0.0,23.7,33.0,0.0,2.5,GOOD
2026-05-30T02:30:00+05:30,PUNE_EAST,0.0,0.0,0.0,22.2,36.0,0.0,4.3,GOOD
2026-05-30T02:45:00+05:30,PUNE_EAST,0.0,0.0,0.0,23.4,32.3,0.0,2.4,GOOD
2026-05-30T03:00:00+05:30,PUNE_EAST,0.0,0.0,0.0,21.9,33.7,0.0,2.2,GOOD
2026-05-30T03:15:00+05:30,PUNE_EAST,0.0,0.0,0.0,22.1,32.3,0.0,3.0,GOOD
2026-05-30T03:30:00+05:30,PUNE_EAST,0.0,0.0,0.0,22.0,29.1,0.0,2.4,GOOD
2026-05-30T03:45:00+05:30,PUNE_EAST,0.0,0.0,0.0,23.9,24.4,0.0,2.7,GOOD
2026-05-30T04:00:00+05:30,PUNE_EAST,0.0,0.0,0.0,22.7,30.0,0.0,1.8,GOOD
2026-05-30T04:15:00+05:30,PUNE_EAST,0.0,0.0,0.0,22.3,28.9,0.0,1.5,GOOD
2026-05-30T04:30:00+05:30,PUNE_EAST,0.0,0.0,0.0,23.3,40.5,0.0,3.6,GOOD
2026-05-30T04:45:00+05:30,PUNE_EAST,0.0,0.0,0.0,22.4,35.0,0.0,4.0,GOOD
2026-05-30T05:00:00+05:30,PUNE_EAST,0.0,0.0,0.0,22.6,40.6,0.0,3.0,GOOD
2026-05-30T05:15:00+05:30,PUNE_EAST,0.0,0.0,0.0,22.6,34.6,0.0,3.8,GOOD
2026-05-30T05:30:00+05:30,PUNE_EAST,0.0,0.0,0.0,23.7,34.1,0.0,2.2,GOOD
2026-05-30T05:45:00+05:30,PUNE_EAST,0.0,0.0,0.0,24.9,28.8,0.0,3.0,GOOD
2026-05-30T06:00:00+05:30,PUNE_EAST,0.0,0.0,0.0,22.8,27.8,0.0,2.5,GOOD
2026-05-30T06:15:00+05:30,PUNE_EAST,39.0,217.8,12.4,25.3,26.0,0.0,2.5,GOOD
2026-05-30T06:30:00+05:30,PUNE_EAST,89.7,483.5,30.8,24.5,29.8,0.0,4.5,GOOD
2026-05-30T06:45:00+05:30,PUNE_EAST,116.8,470.4,37.2,25.0,25.9,0.0,2.7,GOOD
2026-05-30T07:00:00+05:30,PUNE_EAST,172.5,524.1,53.7,25.3,24.8,0.0,3.8,GOOD
2026-05-30T07:15:00+05:30,PUNE_EAST,256.6,634.7,76.7,26.2,22.9,0.0,2.9,GOOD
2026-05-30T07:30:00+05:30,PUNE_EAST,262.3,548.2,76.0,28.3,21.5,0.0,4.2,GOOD
2026-05-30T07:45:00+05:30,PUNE_EAST,342.0,610.6,100.8,27.4,22.3,0.0,2.4,GOOD
2026-05-30T08:00:00+05:30,PUNE_EAST,409.0,634.0,124.3,28.6,23.7,0.0,3.6,GOOD
2026-05-30T08:15:00+05:30,PUNE_EAST,447.0,632.7,129.6,26.1,21.5,0.0,2.3,GOOD
2026-05-30T08:30:00+05:30,PUNE_EAST,480.5,595.6,151.3,28.2,25.4,0.0,1.9,GOOD
2026-05-30T08:45:00+05:30,PUNE_EAST,570.7,624.9,194.6,29.0,29.4,0.0,3.7,GOOD
2026-05-30T09:00:00+05:30,PUNE_EAST,614.6,610.2,218.6,29.0,31.6,0.0,2.9,GOOD
2026-05-30T09:15:00+05:30,PUNE_EAST,662.4,632.3,223.7,29.6,28.9,0.0,2.6,GOOD
2026-05-30T09:30:00+05:30,PUNE_EAST,714.8,627.5,252.9,30.6,31.4,0.0,3.1,GOOD
2026-05-30T09:45:00+05:30,PUNE_EAST,742.6,608.2,270.8,30.4,33.0,0.0,3.5,GOOD
2026-05-30T10:00:00+05:30,PUNE_EAST,766.7,561.6,310.3,30.9,39.2,0.0,3.5,GOOD
2026-05-30T10:15:00+05:30,PUNE_EAST,774.3,526.9,328.2,32.0,42.1,0.0,3.3,GOOD
2026-05-30T10:30:00+05:30,PUNE_EAST,824.8,549.2,343.1,31.2,40.9,0.0,2.9,GOOD
2026-05-30T10:45:00+05:30,PUNE_EAST,857.2,538.5,370.0,31.7,43.3,0.0,2.3,GOOD
2026-05-30T11:00:00+05:30,PUNE_EAST,892.3,558.5,373.4,31.4,41.3,0.0,2.8,GOOD
2026-05-30T11:15:00+05:30,PUNE_EAST,865.0,499.1,390.9,31.7,46.5,0.0,2.9,GOOD
2026-05-30T11:30:00+05:30,PUNE_EAST,918.7,543.7,393.0,31.9,42.7,0.0,2.1,GOOD
2026-05-30T11:45:00+05:30,PUNE_EAST,912.0,503.8,418.2,32.3,47.5,0.0,4.1,GOOD
2026-05-30T12:00:00+05:30,PUNE_EAST,918.7,518.9,405.0,32.8,44.7,0.0,2.8,GOOD
2026-05-30T12:15:00+05:30,PUNE_EAST,952.5,528.4,426.1,32.5,45.7,0.0,3.0,GOOD
2026-05-30T12:30:00+05:30,PUNE_EAST,978.4,577.3,401.9,33.2,40.1,0.0,2.5,GOOD
2026-05-30T12:45:00+05:30,PUNE_EAST,955.4,563.2,393.9,31.2,40.3,0.0,2.8,GOOD
2026-05-30T13:00:00+05:30,PUNE_EAST,949.5,550.0,404.1,31.8,42.4,0.0,3.1,GOOD
2026-05-30T13:15:00+05:30,PUNE_EAST,927.9,529.1,407.9,32.4,44.6,0.0,3.1,GOOD
2026-05-30T13:30:00+05:30,PUNE_EAST,916.2,515.4,416.2,30.9,46.8,0.0,3.7,GOOD
2026-05-30T13:45:00+05:30,PUNE_EAST,858.1,478.5,401.8,32.0,49.0,0.0,2.5,GOOD
2026-05-30T14:00:00+05:30,PUNE_EAST,882.2,527.0,390.1,31.0,45.0,0.0,4.1,GOOD
2026-05-30T14:15:00+05:30,PUNE_EAST,877.9,539.5,386.7,31.6,44.7,0.0,2.6,GOOD
2026-05-30T14:30:00+05:30,PUNE_EAST,826.4,525.7,361.9,31.0,44.3,0.0,3.7,GOOD
2026-05-30T14:45:00+05:30,PUNE_EAST,753.4,499.9,326.7,32.5,43.6,0.0,2.8,GOOD
2026-05-30T15:00:00+05:30,PUNE_EAST,777.4,546.0,329.5,29.7,42.1,0.0,2.5,GOOD
2026-05-30T15:15:00+05:30,PUNE_EAST,713.0,513.5,310.3,30.9,43.9,0.0,2.1,GOOD
2026-05-30T15:30:00+05:30,PUNE_EAST,681.3,487.8,317.9,29.3,48.7,0.0,3.0,GOOD
2026-05-30T15:45:00+05:30,PUNE_EAST,609.1,455.6,288.7,30.9,49.8,0.0,2.7,GOOD
2026-05-30T16:00:00+05:30,PUNE_EAST,563.1,444.1,270.4,29.4,50.8,0.0,2.4,GOOD
2026-05-30T16:15:00+05:30,PUNE_EAST,517.6,452.0,240.9,29.6,48.5,0.0,2.6,GOOD
2026-05-30T16:30:00+05:30,PUNE_EAST,497.5,459.9,238.2,30.4,50.6,0.0,3.1,GOOD
2026-05-30T16:45:00+05:30,PUNE_EAST,411.8,422.8,194.9,30.7,49.7,0.0,2.7,GOOD
2026-05-30T17:00:00+05:30,PUNE_EAST,348.2,396.4,165.6,31.2,50.1,0.0,3.9,GOOD
2026-05-30T17:15:00+05:30,PUNE_EAST,317.8,395.0,157.1,27.3,53.0,0.0,2.4,GOOD
2026-05-30T17:30:00+05:30,PUNE_EAST,253.9,345.1,132.5,27.9,57.2,0.0,2.2,GOOD
2026-05-30T17:45:00+05:30,PUNE_EAST,234.9,370.6,125.2,28.3,58.9,0.0,4.1,GOOD
2026-05-30T18:00:00+05:30,PUNE_EAST,153.7,317.6,77.7,27.0,54.8,0.0,3.2,GOOD
2026-05-30T18:15:00+05:30,PUNE_EAST,131.3,366.5,64.6,27.6,52.7,0.0,3.2,GOOD
2026-05-30T18:30:00+05:30,PUNE_EAST,80.0,328.2,39.2,25.8,52.4,0.0,3.0,GOOD
2026-05-30T18:45:00+05:30,PUNE_EAST,48.6,194.9,24.8,24.9,55.6,0.0,4.0,GOOD
2026-05-30T19:00:00+05:30,PUNE_EAST,13.6,49.6,7.5,24.9,62.4,0.0,2.9,GOOD
2026-05-30T19:15:00+05:30,PUNE_EAST,0.0,0.0,0.0,23.2,65.9,0.0,3.7,GOOD
2026-05-30T19:30:00+05:30,PUNE_EAST,0.0,0.0,0.0,23.8,64.7,0.0,3.0,GOOD
2026-05-30T19:45:00+05:30,PUNE_EAST,0.0,0.0,0.0,24.7,60.9,0.0,3.2,GOOD
2026-05-30T20:00:00+05:30,PUNE_EAST,0.0,0.0,0.0,23.1,59.9,0.0,3.6,GOOD
2026-05-30T20:15:00+05:30,PUNE_EAST,0.0,0.0,0.0,24.4,57.1,0.0,3.5,GOOD
2026-05-30T20:30:00+05:30,PUNE_EAST,0.0,0.0,0.0,21.8,58.6,0.0,4.2,GOOD
2026-05-30T20:45:00+05:30,PUNE_EAST,0.0,0.0,0.0,22.2,61.4,0.0,2.0,GOOD
2026-05-30T21:00:00+05:30,PUNE_EAST,0.0,0.0,0.0,22.0,55.6,0.0,4.3,GOOD
2026-05-30T21:15:00+05:30,PUNE_EAST,0.0,0.0,0.0,20.6,55.9,0.0,2.4,GOOD
2026-05-30T21:30:00+05:30,PUNE_EAST,0.0,0.0,0.0,22.5,54.3,0.0,3.2,GOOD
2026-05-30T21:45:00+05:30,PUNE_EAST,0.0,0.0,0.0,20.6,53.2,0.0,3.0,GOOD
2026-05-30T22:00:00+05:30,PUNE_EAST,0.0,0.0,0.0,21.0,49.9,0.0,3.2,GOOD
2026-05-30T22:15:00+05:30,PUNE_EAST,0.0,0.0,0.0,21.6,52.9,0.0,3.2,GOOD
2026-05-30T22:30:00+05:30,PUNE_EAST,0.0,0.0,0.0,21.9,55.7,0.0,3.9,GOOD
2026-05-30T22:45:00+05:30,PUNE_EAST,0.0,0.0,0.0,22.0,53.0,0.0,3.0,GOOD
2026-05-30T23:00:00+05:30,PUNE_EAST,0.0,0.0,0.0,21.8,51.8,0.0,2.4,GOOD
2026-05-30T23:15:00+05:30,PUNE_EAST,0.0,0.0,0.0,20,50.9,0.0,3.0,GOOD
2026-05-30T23:30:00+05:30,PUNE_EAST,0.0,0.0,0.0,22.7,47.8,0.0,2.8,GOOD
2026-05-30T23:45:00+05:30,PUNE_EAST,0.0,0.0,0.0,22.1,52.3,0.0,4.1,GOOD
2026-05-31T00:00:00+05:30,PUNE_EAST,0.0,0.0,0.0,20.7,77.6,0.0,4.1,GOOD
2026-05-31T00:15:00+05:30,PUNE_EAST,0.0,0.0,0.0,21.7,73.0,0.0,3.3,GOOD
2026-05-31T00:30:00+05:30,PUNE_EAST,0.0,0.0,0.0,21.7,69.5,0.0,4.3,GOOD
2026-05-31T00:45:00+05:30,PUNE_EAST,0.0,0.0,0.0,20.9,71.4,0.0,3.1,GOOD
2026-05-31T01:00:00+05:30,PUNE_EAST,0.0,0.0,0.0,21.0,70.3,0.0,2.8,GOOD
2026-05-31T01:15:00+05:30,PUNE_EAST,0.0,0.0,0.0,21.8,67.2,0.0,5.2,GOOD
2026-05-31T01:30:00+05:30,PUNE_EAST,0.0,0.0,0.0,21.2,70.5,0.0,4.1,GOOD
2026-05-31T01:45:00+05:30,PUNE_EAST,0.0,0.0,0.0,20.5,76.7,0.0,3.9,GOOD
2026-05-31T02:00:00+05:30,PUNE_EAST,0.0,0.0,0.0,21.0,75.5,0.0,3.7,GOOD
2026-05-31T02:15:00+05:30,PUNE_EAST,0.0,0.0,0.0,21.1,71.5,0.0,3.0,GOOD
2026-05-31T02:30:00+05:30,PUNE_EAST,0.0,0.0,0.0,20,63.9,0.0,3.7,GOOD
2026-05-31T02:45:00+05:30,PUNE_EAST,0.0,0.0,0.0,21.6,59.5,0.0,3.3,GOOD
2026-05-31T03:00:00+05:30,PUNE_EAST,0.0,0.0,0.0,21.1,59.5,0.0,3.8,GOOD
2026-05-31T03:15:00+05:30,PUNE_EAST,0.0,0.0,0.0,21.0,69.1,0.0,2.9,GOOD
2026-05-31T03:30:00+05:30,PUNE_EAST,0.0,0.0,0.0,21.7,70.4,0.0,3.5,GOOD
2026-05-31T03:45:00+05:30,PUNE_EAST,0.0,0.0,0.0,20,68.8,0.0,3.5,GOOD
2026-05-31T04:00:00+05:30,PUNE_EAST,0.0,0.0,0.0,20.2,73.9,0.0,2.7,GOOD
2026-05-31T04:15:00+05:30,PUNE_EAST,0.0,0.0,0.0,20.7,66.5,0.0,4.3,GOOD
2026-05-31T04:30:00+05:30,PUNE_EAST,0.0,0.0,0.0,20.1,65.1,0.0,2.8,GOOD
2026-05-31T04:45:00+05:30,PUNE_EAST,0.0,0.0,0.0,20.8,62.0,0.0,4.3,GOOD
2026-05-31T05:00:00+05:30,PUNE_EAST,0.0,0.0,0.0,21.3,63.2,0.0,3.9,GOOD
2026-05-31T05:15:00+05:30,PUNE_EAST,0.0,0.0,0.0,22.1,72.3,0.0,4.2,GOOD
2026-05-31T05:30:00+05:30,PUNE_EAST,0.0,0.0,0.0,21.9,74.9,0.0,4.6,GOOD
2026-05-31T05:45:00+05:30,PUNE_EAST,0.0,0.0,0.0,22.9,78.1,0.0,4.3,GOOD
2026-05-31T06:00:00+05:30,PUNE_EAST,0.0,0.0,0.0,23.0,76.0,0.0,4.6,GOOD
2026-05-31T06:15:00+05:30,PUNE_EAST,21.5,63.3,13.8,23.5,75.7,0.0,4.0,GOOD
2026-05-31T06:30:00+05:30,PUNE_EAST,69.0,232.6,40.6,23.1,67.5,0.0,3.9,GOOD
2026-05-31T06:45:00+05:30,PUNE_EAST,84.2,204.6,49.5,23.6,67.4,0.0,4.4,GOOD
2026-05-31T07:00:00+05:30,PUNE_EAST,104.0,170.1,65.5,24.9,73.7,0.0,4.5,GOOD
2026-05-31T07:15:00+05:30,PUNE_EAST,150.0,205.2,91.9,25.8,71.1,0.0,2.6,GOOD
2026-05-31T07:30:00+05:30,PUNE_EAST,201.2,247.8,117.0,25.4,66.4,0.0,2.7,GOOD
2026-05-31T07:45:00+05:30,PUNE_EAST,215.8,222.0,128.1,26.9,68.3,0.0,3.6,GOOD
2026-05-31T08:00:00+05:30,PUNE_EAST,219.7,192.6,133.2,26.3,70.2,0.0,4.5,GOOD
2026-05-31T08:15:00+05:30,PUNE_EAST,240.9,176.0,152.6,26.2,74.4,0.0,4.4,GOOD
2026-05-31T08:30:00+05:30,PUNE_EAST,301.0,206.0,187.2,27.3,72.6,0.0,3.3,GOOD
2026-05-31T08:45:00+05:30,PUNE_EAST,369.3,258.8,213.6,27.1,65.9,0.0,4.5,GOOD
2026-05-31T09:00:00+05:30,PUNE_EAST,395.5,244.6,236.8,27.9,69.0,0.0,3.3,GOOD
2026-05-31T09:15:00+05:30,PUNE_EAST,439.4,269.2,252.7,27.5,65.4,0.0,3.1,GOOD
2026-05-31T09:30:00+05:30,PUNE_EAST,427.5,233.7,255.5,29.5,68.9,0.0,3.8,GOOD
2026-05-31T09:45:00+05:30,PUNE_EAST,443.4,215.5,276.3,29.9,72.8,0.0,4.0,GOOD
2026-05-31T10:00:00+05:30,PUNE_EAST,443.5,192.1,287.4,29.7,76.6,0.0,3.2,GOOD
2026-05-31T10:15:00+05:30,PUNE_EAST,454.6,192.9,291.4,29.3,75.5,0.0,4.4,GOOD
2026-05-31T10:30:00+05:30,PUNE_EAST,501.3,220.1,308.3,29.8,71.5,0.0,4.3,GOOD
2026-05-31T10:45:00+05:30,PUNE_EAST,521.3,210.3,331.0,30.2,74.6,0.0,4.5,GOOD
2026-05-31T11:00:00+05:30,PUNE_EAST,545.3,225.0,336.3,31.0,71.8,0.0,3.0,GOOD
2026-05-31T11:15:00+05:30,PUNE_EAST,543.3,204.7,349.0,28.8,75.7,0.0,2.4,GOOD
2026-05-31T11:30:00+05:30,PUNE_EAST,567.9,224.1,351.3,32.6,72.1,0.0,3.5,GOOD
2026-05-31T11:45:00+05:30,PUNE_EAST,576.3,223.4,357.4,32.1,72.3,0.0,3.9,GOOD
2026-05-31T12:00:00+05:30,PUNE_EAST,611.3,239.4,374.3,31.2,71.1,0.0,3.6,GOOD
2026-05-31T12:15:00+05:30,PUNE_EAST,595.0,220.8,375.1,29.9,73.9,0.0,4.5,GOOD
2026-05-31T12:30:00+05:30,PUNE_EAST,517.9,171.2,347.0,31.0,80.0,0.0,3.0,GOOD
2026-05-31T12:45:00+05:30,PUNE_EAST,481.6,153.9,328.2,32.2,81.8,0.0,3.5,GOOD
2026-05-31T13:00:00+05:30,PUNE_EAST,410.1,120.0,291.1,30.9,86.1,0.0,3.6,GOOD
2026-05-31T13:15:00+05:30,PUNE_EAST,354.8,93.8,262.5,30.4,90.8,0.0,4.9,GOOD
2026-05-31T13:30:00+05:30,PUNE_EAST,322.5,87.1,238.0,29.5,90.5,0.0,3.6,GOOD
2026-05-31T13:45:00+05:30,PUNE_EAST,434.0,141.0,299.5,30.1,83.1,0.0,3.1,GOOD
2026-05-31T14:00:00+05:30,PUNE_EAST,448.6,153.8,304.9,31.2,81.5,0.0,2.7,GOOD
2026-05-31T14:15:00+05:30,PUNE_EAST,378.2,122.6,266.5,30.4,85.3,0.0,3.4,GOOD
2026-05-31T14:30:00+05:30,PUNE_EAST,352.6,117.3,248.9,29.8,85.5,0.0,4.7,GOOD
2026-05-31T14:45:00+05:30,PUNE_EAST,373.9,130.4,262.6,32.5,85.0,0.0,2.2,GOOD
2026-05-31T15:00:00+05:30,PUNE_EAST,291.6,95.2,213.5,28.3,89.6,0.0,4.5,GOOD
2026-05-31T15:15:00+05:30,PUNE_EAST,240.5,75.6,181.2,29.7,92.9,0.0,4.0,GOOD
2026-05-31T15:30:00+05:30,PUNE_EAST,222.0,73.4,167.3,28.7,92.9,0.0,5.3,GOOD
2026-05-31T15:45:00+05:30,PUNE_EAST,250.2,100.9,179.2,30.1,87.1,0.0,4.6,GOOD
2026-05-31T16:00:00+05:30,PUNE_EAST,232.2,97.4,168.0,27.4,88.2,0.0,4.7,GOOD
2026-05-31T16:15:00+05:30,PUNE_EAST,195.8,82.8,145.0,29.3,90.9,0.0,3.9,GOOD
2026-05-31T16:30:00+05:30,PUNE_EAST,186.9,90.1,136.1,26.8,88.9,0.0,4.1,GOOD
2026-05-31T16:45:00+05:30,PUNE_EAST,207.5,115.9,147.9,28.3,86.6,0.0,4.0,GOOD
2026-05-31T17:00:00+05:30,PUNE_EAST,211.3,143.4,145.1,26.8,82.6,0.0,4.2,GOOD
2026-05-31T17:15:00+05:30,PUNE_EAST,169.2,133.7,114.7,26.9,81.2,0.0,4.3,GOOD
2026-05-31T17:30:00+05:30,PUNE_EAST,172.3,169.9,112.4,26.6,77.2,0.0,5.4,GOOD
2026-05-31T17:45:00+05:30,PUNE_EAST,137.1,165.0,88.1,27.5,75.8,0.0,4.1,GOOD
2026-05-31T18:00:00+05:30,PUNE_EAST,115.3,153.7,78.4,26.3,81.5,0.0,5.3,GOOD
2026-05-31T18:15:00+05:30,PUNE_EAST,59.1,94.5,41.8,25.0,85.7,0.0,3.2,GOOD
2026-05-31T18:30:00+05:30,PUNE_EAST,34.1,90.2,22.8,24.5,79.7,0.0,3.8,GOOD
2026-05-31T18:45:00+05:30,PUNE_EAST,34.3,96.1,22.6,24.5,78.2,0.0,4.6,GOOD
2026-05-31T19:00:00+05:30,PUNE_EAST,22.6,61.9,15.0,23.6,79.4,0.0,5.0,GOOD
2026-05-31T19:15:00+05:30,PUNE_EAST,0.0,0.0,0.0,22.4,75.2,0.0,5.0,GOOD
2026-05-31T19:30:00+05:30,PUNE_EAST,0.0,0.0,0.0,23.9,69.3,0.0,3.1,GOOD
2026-05-31T19:45:00+05:30,PUNE_EAST,0.0,0.0,0.0,23.3,72.2,0.0,4.4,GOOD
2026-05-31T20:00:00+05:30,PUNE_EAST,0.0,0.0,0.0,22.2,72.8,0.0,2.7,GOOD
2026-05-31T20:15:00+05:30,PUNE_EAST,0.0,0.0,0.0,22.4,74.8,0.0,4.3,GOOD
2026-05-31T20:30:00+05:30,PUNE_EAST,0.0,0.0,0.0,20.7,77.9,0.0,4.1,GOOD
2026-05-31T20:45:00+05:30,PUNE_EAST,0.0,0.0,0.0,20.8,81.2,0.0,2.6,GOOD
2026-05-31T21:00:00+05:30,PUNE_EAST,0.0,0.0,0.0,20.5,79.6,0.0,4.5,GOOD
2026-05-31T21:15:00+05:30,PUNE_EAST,0.0,0.0,0.0,21.2,79.0,0.0,4.3,GOOD
2026-05-31T21:30:00+05:30,PUNE_EAST,0.0,0.0,0.0,21.3,77.4,0.0,4.7,GOOD
2026-05-31T21:45:00+05:30,PUNE_EAST,0.0,0.0,0.0,20,78.9,0.0,2.8,GOOD
2026-05-31T22:00:00+05:30,PUNE_EAST,0.0,0.0,0.0,20.1,78.8,0.0,4.4,GOOD
2026-05-31T22:15:00+05:30,PUNE_EAST,0.0,0.0,0.0,20.6,80.5,0.0,3.5,GOOD
2026-05-31T22:30:00+05:30,PUNE_EAST,0.0,0.0,0.0,20,74.1,0.0,4.6,GOOD
2026-05-31T22:45:00+05:30,PUNE_EAST,0.0,0.0,0.0,21.6,74.3,0.0,2.7,GOOD
2026-05-31T23:00:00+05:30,PUNE_EAST,0.0,0.0,0.0,21.9,80.9,0.0,3.3,GOOD
2026-05-31T23:15:00+05:30,PUNE_EAST,0.0,0.0,0.0,20.8,75.7,0.0,3.4,GOOD
2026-05-31T23:30:00+05:30,PUNE_EAST,0.0,0.0,0.0,20,80.9,0.0,3.6,GOOD
2026-05-31T23:45:00+05:30,PUNE_EAST,0.0,0.0,0.0,21.5,82.4,0.0,3.5,GOOD
2026-06-01T00:00:00+05:30,PUNE_EAST,0.0,0.0,0.0,20,88.8,0.0,3.5,GOOD
2026-06-01T00:15:00+05:30,PUNE_EAST,0.0,0.0,0.0,20,83.2,0.0,3.1,GOOD
2026-06-01T00:30:00+05:30,PUNE_EAST,0.0,0.0,0.0,20,89.9,1.47,5.4,GOOD
2026-06-01T00:45:00+05:30,PUNE_EAST,0.0,0.0,0.0,20,85.4,0.0,2.9,GOOD
2026-06-01T01:00:00+05:30,PUNE_EAST,0.0,0.0,0.0,20,94.7,1.09,6.4,GOOD
2026-06-01T01:15:00+05:30,PUNE_EAST,0.0,0.0,0.0,20,76.8,0.0,4.0,GOOD
2026-06-01T01:30:00+05:30,PUNE_EAST,0.0,0.0,0.0,20,75.6,0.0,4.0,GOOD
2026-06-01T01:45:00+05:30,PUNE_EAST,0.0,0.0,0.0,20.4,81.1,0.0,3.9,GOOD
2026-06-01T02:00:00+05:30,PUNE_EAST,0.0,0.0,0.0,20,78.6,0.0,3.3,GOOD
2026-06-01T02:15:00+05:30,PUNE_EAST,0.0,0.0,0.0,20,77.2,0.0,3.0,GOOD
2026-06-01T02:30:00+05:30,PUNE_EAST,0.0,0.0,0.0,20,80.3,0.0,4.2,GOOD
2026-06-01T02:45:00+05:30,PUNE_EAST,0.0,0.0,0.0,20,79.0,0.0,3.2,SUSPECT
2026-06-01T03:00:00+05:30,PUNE_EAST,0.0,0.0,0.0,20,83.8,0.0,2.4,GOOD
2026-06-01T03:15:00+05:30,PUNE_EAST,0.0,0.0,0.0,20,82.2,0.0,4.0,GOOD
2026-06-01T03:30:00+05:30,PUNE_EAST,0.0,0.0,0.0,20,84.4,0.0,5.6,GOOD
2026-06-01T03:45:00+05:30,PUNE_EAST,0.0,0.0,0.0,20,81.1,0.0,3.8,GOOD
2026-06-01T04:00:00+05:30,PUNE_EAST,0.0,0.0,0.0,20,82.9,0.0,4.1,GOOD
2026-06-01T04:15:00+05:30,PUNE_EAST,0.0,0.0,0.0,20,77.2,0.0,1.7,GOOD
2026-06-01T04:30:00+05:30,PUNE_EAST,0.0,0.0,0.0,20.6,78.9,0.0,3.4,GOOD
2026-06-01T04:45:00+05:30,PUNE_EAST,0.0,0.0,0.0,20,74.7,0.0,3.7,GOOD
2026-06-01T05:00:00+05:30,PUNE_EAST,0.0,0.0,0.0,20.3,79.8,0.0,4.0,GOOD
2026-06-01T05:15:00+05:30,PUNE_EAST,0.0,0.0,0.0,20,83.1,0.0,3.1,GOOD
2026-06-01T05:30:00+05:30,PUNE_EAST,0.0,0.0,0.0,20,84.9,0.0,3.3,GOOD
2026-06-01T05:45:00+05:30,PUNE_EAST,0.0,0.0,0.0,20.5,78.8,0.0,4.2,GOOD
2026-06-01T06:00:00+05:30,PUNE_EAST,0.0,0.0,0.0,21.1,86.2,0.0,4.2,GOOD
2026-06-01T06:15:00+05:30,PUNE_EAST,2.2,5.7,1.5,20.8,82.8,0.0,4.2,GOOD
2026-06-01T06:30:00+05:30,PUNE_EAST,35.6,90.5,24.6,21.3,83.1,0.0,3.9,GOOD
2026-06-01T06:45:00+05:30,PUNE_EAST,43.8,76.7,30.8,22.1,85.1,0.0,4.3,GOOD
2026-06-01T07:00:00+05:30,PUNE_EAST,65.8,95.1,44.3,23.4,80.3,0.0,3.2,GOOD
2026-06-01T07:15:00+05:30,PUNE_EAST,96.8,107.4,66.3,23.7,82.3,0.0,3.9,GOOD
2026-06-01T07:30:00+05:30,PUNE_EAST,107.2,94.0,75.2,23.7,84.9,0.0,3.7,GOOD
2026-06-01T07:45:00+05:30,PUNE_EAST,112.4,78.7,81.3,24.0,88.2,0.0,5.5,GOOD
2026-06-01T08:00:00+05:30,PUNE_EAST,112.4,68.6,81.6,22.9,88.6,0.0,3.2,GOOD
2026-06-01T08:15:00+05:30,PUNE_EAST,122.9,63.1,91.3,24.2,91.2,0.0,3.7,GOOD
2026-06-01T08:30:00+05:30,PUNE_EAST,123.2,55.4,92.6,24.7,92.6,0.0,4.1,GOOD
2026-06-01T08:45:00+05:30,PUNE_EAST,174.6,86.9,122.3,25.8,84.7,0.0,3.7,GOOD
2026-06-01T09:00:00+05:30,PUNE_EAST,155.0,60.8,115.6,25.7,91.6,0.0,3.4,GOOD
2026-06-01T09:15:00+05:30,PUNE_EAST,152.1,54.7,114.2,24.5,92.4,0.0,4.9,GOOD
2026-06-01T09:30:00+05:30,PUNE_EAST,160.6,53.5,121.2,25.9,93.0,0.0,3.7,GOOD
2026-06-01T09:45:00+05:30,PUNE_EAST,170.9,58.5,125.5,28.1,89.9,0.0,4.0,GOOD
2026-06-01T10:00:00+05:30,PUNE_EAST,218.4,77.0,155.9,26.9,86.7,0.0,4.3,GOOD
2026-06-01T10:15:00+05:30,PUNE_EAST,176.7,48.3,135.9,27.1,95.2,0.0,3.4,GOOD
2026-06-01T10:30:00+05:30,PUNE_EAST,163.7,41.2,127.6,27.8,96.8,0.0,3.7,GOOD
2026-06-01T10:45:00+05:30,PUNE_EAST,192.7,50.2,147.3,28.8,94.5,0.0,3.5,GOOD
2026-06-01T11:00:00+05:30,PUNE_EAST,187.7,46.7,144.3,28.1,95.2,0.0,4.4,GOOD
2026-06-01T11:15:00+05:30,PUNE_EAST,221.8,57.1,167.6,29.0,93.2,0.0,3.4,GOOD
2026-06-01T11:30:00+05:30,PUNE_EAST,212.2,53.5,160.5,29.2,93.3,0.0,4.1,GOOD
2026-06-01T11:45:00+05:30,PUNE_EAST,235.8,57.6,179.3,28.3,94.0,0.0,3.5,GOOD
2026-06-01T12:00:00+05:30,PUNE_EAST,253.0,65.9,187.8,28.0,91.1,0.0,4.7,GOOD
2026-06-01T12:15:00+05:30,PUNE_EAST,207.0,48.6,158.6,29.2,94.8,0.0,4.9,GOOD
2026-06-01T12:30:00+05:30,PUNE_EAST,212.2,50.0,162.4,30.4,94.6,0.0,4.2,GOOD
2026-06-01T12:45:00+05:30,PUNE_EAST,287.5,76.6,211.1,28.9,89.9,0.0,4.0,GOOD
2026-06-01T13:00:00+05:30,PUNE_EAST,302.3,85.3,217.7,29.8,87.7,0.0,4.4,GOOD
2026-06-01T13:15:00+05:30,PUNE_EAST,283.7,79.3,205.7,28.0,88.5,0.0,3.4,GOOD
2026-06-01T13:30:00+05:30,PUNE_EAST,347.1,108.2,242.2,28.1,84.3,0.0,3.8,GOOD
2026-06-01T13:45:00+05:30,PUNE_EAST,356.8,115.2,246.9,29.1,83.4,0.0,4.2,GOOD
2026-06-01T14:00:00+05:30,PUNE_EAST,273.7,79.0,199.9,29.3,89.3,0.0,4.3,GOOD
2026-06-01T14:15:00+05:30,PUNE_EAST,221.1,60.9,165.6,28.8,92.1,0.0,4.0,GOOD
2026-06-01T14:30:00+05:30,PUNE_EAST,188.2,50.9,143.2,28.0,94.0,0.0,4.7,GOOD
2026-06-01T14:45:00+05:30,PUNE_EAST,109.8,26.1,87.5,26.8,99.5,0.0,5.1,GOOD
2026-06-01T15:00:00+05:30,PUNE_EAST,123.2,30.9,97.8,28.8,99.1,0.0,3.6,GOOD
2026-06-01T15:15:00+05:30,PUNE_EAST,125.3,36.5,96.7,27.7,95.6,0.0,4.5,GOOD
2026-06-01T15:30:00+05:30,PUNE_EAST,177.3,58.8,133.5,28.4,92.7,0.0,3.5,GOOD
2026-06-01T15:45:00+05:30,PUNE_EAST,85.7,26.0,67.5,24.4,97.9,1.0,5.0,GOOD
2026-06-01T16:00:00+05:30,PUNE_EAST,188.8,82.2,134.5,28.6,86.6,0.0,5.2,GOOD
2026-06-01T16:15:00+05:30,PUNE_EAST,205.7,104.3,141.7,26.5,82.9,0.0,4.1,GOOD
2026-06-01T16:30:00+05:30,PUNE_EAST,150.0,75.4,107.4,27.6,87.1,0.0,4.0,GOOD
2026-06-01T16:45:00+05:30,PUNE_EAST,42.7,21.1,31.9,22.9,91.7,0.85,6.6,GOOD
2026-06-01T17:00:00+05:30,PUNE_EAST,69.4,35.4,53.0,25.9,94.5,0.0,5.0,GOOD
2026-06-01T17:15:00+05:30,PUNE_EAST,70.6,39.9,54.3,25.6,95.3,0.0,4.6,GOOD
2026-06-01T17:30:00+05:30,PUNE_EAST,58.7,33.7,46.8,24.2,99.5,0.0,4.3,GOOD
2026-06-01T17:45:00+05:30,PUNE_EAST,36.5,24.9,29.1,24.2,99.5,0.0,4.1,GOOD
2026-06-01T18:00:00+05:30,PUNE_EAST,39.1,32.9,31.2,23.6,99.5,0.0,4.0,GOOD
2026-06-01T18:15:00+05:30,PUNE_EAST,28.8,31.8,23.0,21.7,99.5,0.0,3.8,GOOD
2026-06-01T18:30:00+05:30,PUNE_EAST,6.2,9.9,4.9,23.7,99.5,0.0,4.3,GOOD
2026-06-01T18:45:00+05:30,PUNE_EAST,8.6,14.7,6.8,22.4,98.6,0.0,4.6,GOOD
2026-06-01T19:00:00+05:30,PUNE_EAST,9.7,16.2,7.7,21.4,99.4,0.0,3.8,GOOD
2026-06-01T19:15:00+05:30,PUNE_EAST,0.0,0.0,0.0,22.3,99.5,0.0,3.7,GOOD
2026-06-01T19:30:00+05:30,PUNE_EAST,0.0,0.0,0.0,21.7,94.7,0.0,4.0,GOOD
2026-06-01T19:45:00+05:30,PUNE_EAST,0.0,0.0,0.0,20.5,96.9,0.0,2.9,GOOD
2026-06-01T20:00:00+05:30,PUNE_EAST,0.0,0.0,0.0,20,94.1,0.0,4.5,GOOD
2026-06-01T20:15:00+05:30,PUNE_EAST,0.0,0.0,0.0,21.4,94.2,0.0,4.7,GOOD
2026-06-01T20:30:00+05:30,PUNE_EAST,0.0,0.0,0.0,20,92.4,0.0,3.7,GOOD
2026-06-01T20:45:00+05:30,PUNE_EAST,0.0,0.0,0.0,20,98.2,0.0,4.8,GOOD
2026-06-01T21:00:00+05:30,PUNE_EAST,0.0,0.0,0.0,20,93.1,0.0,4.4,GOOD
2026-06-01T21:15:00+05:30,PUNE_EAST,0.0,0.0,0.0,20,96.4,0.49,4.8,GOOD
2026-06-01T21:30:00+05:30,PUNE_EAST,0.0,0.0,0.0,20,87.5,0.0,3.5,GOOD
2026-06-01T21:45:00+05:30,PUNE_EAST,0.0,0.0,0.0,20,86.0,0.0,2.3,GOOD
2026-06-01T22:00:00+05:30,PUNE_EAST,0.0,0.0,0.0,20,88.5,0.0,3.8,GOOD
2026-06-01T22:15:00+05:30,PUNE_EAST,0.0,0.0,0.0,20,88.7,0.0,3.5,GOOD
2026-06-01T22:30:00+05:30,PUNE_EAST,0.0,0.0,0.0,20,89.0,0.0,4.3,GOOD
2026-06-01T22:45:00+05:30,PUNE_EAST,0.0,0.0,0.0,20,85.1,0.0,3.3,GOOD
2026-06-01T23:00:00+05:30,PUNE_EAST,0.0,0.0,0.0,20,85.7,0.0,2.8,GOOD
2026-06-01T23:15:00+05:30,PUNE_EAST,0.0,0.0,0.0,20,89.7,0.0,4.2,GOOD
2026-06-01T23:30:00+05:30,PUNE_EAST,0.0,0.0,0.0,20,86.9,0.0,4.0,GOOD
2026-06-01T23:45:00+05:30,PUNE_EAST,0.0,0.0,0.0,20,94.9,0.0,4.8,GOOD
2026-06-02T00:00:00+05:30,PUNE_EAST,0.0,0.0,0.0,21.0,45.2,0.0,2.8,GOOD
2026-06-02T00:15:00+05:30,PUNE_EAST,0.0,0.0,0.0,20,41.5,0.0,4.4,GOOD
2026-06-02T00:30:00+05:30,PUNE_EAST,0.0,0.0,0.0,20.2,39.4,0.0,3.2,GOOD
2026-06-02T00:45:00+05:30,PUNE_EAST,0.0,0.0,0.0,20.7,41.0,0.0,4.1,GOOD
2026-06-02T01:00:00+05:30,PUNE_EAST,0.0,0.0,0.0,20,43.8,0.0,2.2,GOOD
2026-06-02T01:15:00+05:30,PUNE_EAST,0.0,0.0,0.0,20.7,40.7,0.0,2.7,GOOD
2026-06-02T01:30:00+05:30,PUNE_EAST,0.0,0.0,0.0,21.1,42.9,0.0,4.3,GOOD
2026-06-02T01:45:00+05:30,PUNE_EAST,0.0,0.0,0.0,21.9,40.9,0.0,2.7,GOOD
2026-06-02T02:00:00+05:30,PUNE_EAST,0.0,0.0,0.0,20,42.1,0.0,2.2,GOOD
2026-06-02T02:15:00+05:30,PUNE_EAST,0.0,0.0,0.0,21.0,38.1,0.0,3.1,GOOD
2026-06-02T02:30:00+05:30,PUNE_EAST,0.0,0.0,0.0,21.2,39.5,0.0,2.5,GOOD
2026-06-02T02:45:00+05:30,PUNE_EAST,0.0,0.0,0.0,20,39.2,0.0,3.2,GOOD
2026-06-02T03:00:00+05:30,PUNE_EAST,0.0,0.0,0.0,20.4,43.0,0.0,3.6,GOOD
2026-06-02T03:15:00+05:30,PUNE_EAST,0.0,0.0,0.0,21.1,44.7,0.0,3.6,GOOD
2026-06-02T03:30:00+05:30,PUNE_EAST,0.0,0.0,0.0,20.5,42.5,0.0,2.5,GOOD
2026-06-02T03:45:00+05:30,PUNE_EAST,0.0,0.0,0.0,20.8,42.3,0.0,3.7,GOOD
2026-06-02T04:00:00+05:30,PUNE_EAST,0.0,0.0,0.0,20.3,42.1,0.0,3.3,GOOD
2026-06-02T04:15:00+05:30,PUNE_EAST,0.0,0.0,0.0,22.1,39.7,0.0,2.5,GOOD
2026-06-02T04:30:00+05:30,PUNE_EAST,0.0,0.0,0.0,20,41.3,0.0,2.1,GOOD
2026-06-02T04:45:00+05:30,PUNE_EAST,0.0,0.0,0.0,20,39.5,0.0,3.4,GOOD
2026-06-02T05:00:00+05:30,PUNE_EAST,0.0,0.0,0.0,20,45.9,0.0,3.0,GOOD
2026-06-02T05:15:00+05:30,PUNE_EAST,0.0,0.0,0.0,20.2,45.1,0.0,2.9,GOOD
2026-06-02T05:30:00+05:30,PUNE_EAST,0.0,0.0,0.0,20.7,45.4,0.0,3.6,GOOD
2026-06-02T05:45:00+05:30,PUNE_EAST,0.0,0.0,0.0,21.7,51.2,0.0,2.7,GOOD
2026-06-02T06:00:00+05:30,PUNE_EAST,0.0,0.0,0.0,22.4,48.8,0.0,3.1,GOOD
2026-06-02T06:15:00+05:30,PUNE_EAST,46.6,219.6,19.9,21.4,42.5,0.0,2.7,GOOD
2026-06-02T06:30:00+05:30,PUNE_EAST,80.5,394.7,32.4,21.9,38.8,0.0,4.0,GOOD
2026-06-02T06:45:00+05:30,PUNE_EAST,134.4,506.3,48.6,23.4,32.5,0.0,3.0,GOOD
2026-06-02T07:00:00+05:30,PUNE_EAST,184.5,515.7,67.6,25.1,33.2,0.0,3.2,GOOD
2026-06-02T07:15:00+05:30,PUNE_EAST,247.5,533.6,96.2,22.0,36.7,0.0,2.7,GOOD
2026-06-02T07:30:00+05:30,PUNE_EAST,279.9,491.9,112.9,25.2,39.0,0.0,2.1,GOOD
2026-06-02T07:45:00+05:30,PUNE_EAST,350.2,529.3,141.3,25.0,39.0,0.0,2.4,GOOD
2026-06-02T08:00:00+05:30,PUNE_EAST,394.6,527.6,157.9,24.9,38.5,0.0,3.1,GOOD
2026-06-02T08:15:00+05:30,PUNE_EAST,438.5,535.5,170.1,27.7,36.6,0.0,1.9,GOOD
2026-06-02T08:30:00+05:30,PUNE_EAST,502.6,536.4,206.5,25.7,40.1,0.0,2.1,GOOD
2026-06-02T08:45:00+05:30,PUNE_EAST,539.0,525.2,223.3,26.8,40.6,0.0,3.4,GOOD
2026-06-02T09:00:00+05:30,PUNE_EAST,603.2,564.7,237.2,27.6,37.4,0.0,4.5,GOOD
2026-06-02T09:15:00+05:30,PUNE_EAST,643.1,569.9,248.2,28.6,36.3,0.0,3.1,GOOD
2026-06-02T09:30:00+05:30,PUNE_EAST,683.2,539.8,286.2,28.2,41.4,0.0,2.3,GOOD
2026-06-02T09:45:00+05:30,PUNE_EAST,723.7,564.4,286.3,29.6,37.8,0.0,2.9,GOOD
2026-06-02T10:00:00+05:30,PUNE_EAST,756.6,568.8,294.8,28.9,36.9,0.0,2.9,GOOD
2026-06-02T10:15:00+05:30,PUNE_EAST,809.0,582.7,316.2,29.0,37.1,0.0,3.0,GOOD
2026-06-02T10:30:00+05:30,PUNE_EAST,827.6,585.8,314.3,28.9,35.3,0.0,2.3,GOOD
2026-06-02T10:45:00+05:30,PUNE_EAST,849.9,558.2,345.4,32.2,39.4,0.0,2.2,GOOD
2026-06-02T11:00:00+05:30,PUNE_EAST,836.5,493.0,378.9,30.1,46.6,0.0,2.0,GOOD
2026-06-02T11:15:00+05:30,PUNE_EAST,895.3,538.1,384.7,29.5,43.0,0.0,2.8,GOOD
2026-06-02T11:30:00+05:30,PUNE_EAST,896.6,521.1,393.2,29.8,44.4,0.0,3.0,GOOD
2026-06-02T11:45:00+05:30,PUNE_EAST,921.7,530.4,402.1,30.7,44.0,0.0,3.6,GOOD
2026-06-02T12:00:00+05:30,PUNE_EAST,929.6,505.0,430.0,29.6,48.1,0.0,4.1,GOOD
2026-06-02T12:15:00+05:30,PUNE_EAST,897.7,480.8,419.1,30.5,48.7,0.0,3.4,GOOD
2026-06-02T12:30:00+05:30,PUNE_EAST,931.6,507.8,424.8,30.3,47.1,0.0,2.7,GOOD
2026-06-02T12:45:00+05:30,PUNE_EAST,918.2,487.9,431.9,32.1,49.3,0.0,3.1,GOOD
2026-06-02T13:00:00+05:30,PUNE_EAST,901.1,469.2,435.9,28.2,51.3,0.0,4.0,GOOD
2026-06-02T13:15:00+05:30,PUNE_EAST,896.1,442.7,461.0,30.6,56.1,0.0,4.0,GOOD
2026-06-02T13:30:00+05:30,PUNE_EAST,888.1,476.3,426.0,30.0,50.7,0.0,3.5,GOOD
2026-06-02T13:45:00+05:30,PUNE_EAST,869.6,495.1,397.3,30.2,47.2,0.0,2.4,GOOD
2026-06-02T14:00:00+05:30,PUNE_EAST,824.1,461.8,392.6,29.5,50.2,0.0,3.4,GOOD
2026-06-02T14:15:00+05:30,PUNE_EAST,806.2,446.6,399.4,30.9,53.1,0.0,2.6,GOOD
2026-06-02T14:30:00+05:30,PUNE_EAST,770.4,443.3,378.4,29.0,52.5,0.0,2.9,GOOD
2026-06-02T14:45:00+05:30,PUNE_EAST,737.9,434.9,366.3,29.4,53.3,0.0,2.4,GOOD
2026-06-02T15:00:00+05:30,PUNE_EAST,734.7,439.3,373.8,28.4,55.2,0.0,3.9,GOOD
2026-06-02T15:15:00+05:30,PUNE_EAST,704.0,477.0,329.4,28.5,48.9,0.0,4.0,GOOD
2026-06-02T15:30:00+05:30,PUNE_EAST,668.0,489.2,302.8,28.8,46.7,0.0,3.7,GOOD
2026-06-02T15:45:00+05:30,PUNE_EAST,603.6,446.7,288.7,29.6,50.5,0.0,3.9,GOOD
2026-06-02T16:00:00+05:30,PUNE_EAST,576.9,470.3,266.1,27.5,47.9,0.0,2.9,GOOD
2026-06-02T16:15:00+05:30,PUNE_EAST,515.8,434.6,248.8,27.9,51.1,0.0,4.0,GOOD
2026-06-02T16:30:00+05:30,PUNE_EAST,481.0,418.5,244.2,28.3,55.0,0.0,2.9,GOOD
2026-06-02T16:45:00+05:30,PUNE_EAST,425.8,406.3,216.4,28.0,55.1,0.0,4.4,GOOD
2026-06-02T17:00:00+05:30,PUNE_EAST,361.6,387.7,182.0,28.5,54.3,0.0,3.2,GOOD
2026-06-02T17:15:00+05:30,PUNE_EAST,358.8,456.3,171.7,25.1,50.6,0.0,2.7,GOOD
2026-06-02T17:30:00+05:30,PUNE_EAST,253.1,365.2,123.5,27.1,52.0,0.0,3.1,GOOD
2026-06-02T17:45:00+05:30,PUNE_EAST,205.6,346.0,102.1,27.3,53.3,0.0,3.3,GOOD
2026-06-02T18:00:00+05:30,PUNE_EAST,138.0,269.8,72.6,24.9,57.8,0.0,4.1,GOOD
2026-06-02T18:15:00+05:30,PUNE_EAST,137.3,337.1,74.8,25.5,60.7,0.0,2.0,GOOD
2026-06-02T18:30:00+05:30,PUNE_EAST,89.7,329.0,47.5,25.1,58.5,0.0,3.9,GOOD
2026-06-02T18:45:00+05:30,PUNE_EAST,54.2,193.4,30.7,21.5,63.9,0.0,3.9,GOOD
2026-06-02T19:00:00+05:30,PUNE_EAST,0.0,0.0,0.0,23.6,65.6,0.0,4.6,GOOD
2026-06-02T19:15:00+05:30,PUNE_EAST,0.0,0.0,0.0,24.0,64.1,0.0,3.7,GOOD
2026-06-02T19:30:00+05:30,PUNE_EAST,0.0,0.0,0.0,22.7,60.6,0.0,3.3,GOOD
2026-06-02T19:45:00+05:30,PUNE_EAST,0.0,0.0,0.0,21.9,56.9,0.0,3.8,GOOD
2026-06-02T20:00:00+05:30,PUNE_EAST,0.0,0.0,0.0,23.1,53.1,0.0,3.1,GOOD
2026-06-02T20:15:00+05:30,PUNE_EAST,0.0,0.0,0.0,21.7,49.8,0.0,2.6,GOOD
2026-06-02T20:30:00+05:30,PUNE_EAST,0.0,0.0,0.0,21.5,48.1,0.0,4.2,GOOD
2026-06-02T20:45:00+05:30,PUNE_EAST,0.0,0.0,0.0,20.7,49.2,0.0,3.2,GOOD
2026-06-02T21:00:00+05:30,PUNE_EAST,0.0,0.0,0.0,21.7,46.0,0.0,4.0,GOOD
2026-06-02T21:15:00+05:30,PUNE_EAST,0.0,0.0,0.0,20.4,49.5,0.0,3.4,GOOD
2026-06-02T21:30:00+05:30,PUNE_EAST,0.0,0.0,0.0,20,54.7,0.0,4.3,GOOD
2026-06-02T21:45:00+05:30,PUNE_EAST,0.0,0.0,0.0,20,49.4,0.0,3.2,GOOD
2026-06-02T22:00:00+05:30,PUNE_EAST,0.0,0.0,0.0,20,46.5,0.0,3.7,GOOD
2026-06-02T22:15:00+05:30,PUNE_EAST,0.0,0.0,0.0,20.1,40.0,0.0,3.5,GOOD
2026-06-02T22:30:00+05:30,PUNE_EAST,0.0,0.0,0.0,21.5,38.2,0.0,3.0,GOOD
2026-06-02T22:45:00+05:30,PUNE_EAST,0.0,0.0,0.0,21.2,39.6,0.0,3.8,GOOD
2026-06-02T23:00:00+05:30,PUNE_EAST,0.0,0.0,0.0,20,37.1,0.0,3.6,GOOD
2026-06-02T23:15:00+05:30,PUNE_EAST,0.0,0.0,0.0,20.8,39.7,0.0,2.7,GOOD
2026-06-02T23:30:00+05:30,PUNE_EAST,0.0,0.0,0.0,20.5,38.4,0.0,3.5,GOOD
2026-06-02T23:45:00+05:30,PUNE_EAST,0.0,0.0,0.0,20.4,37.0,0.0,3.6,GOOD
2026-06-03T00:00:00+05:30,PUNE_EAST,0.0,0.0,0.0,20.3,50.5,0.0,3.9,GOOD
2026-06-03T00:15:00+05:30,PUNE_EAST,0.0,0.0,0.0,20.6,52.0,0.0,3.0,GOOD
2026-06-03T00:30:00+05:30,PUNE_EAST,0.0,0.0,0.0,20.7,48.9,0.0,4.7,GOOD
2026-06-03T00:45:00+05:30,PUNE_EAST,0.0,0.0,0.0,21.5,49.9,0.0,3.2,GOOD
2026-06-03T01:00:00+05:30,PUNE_EAST,0.0,0.0,0.0,20.7,44.1,0.0,3.1,GOOD
2026-06-03T01:15:00+05:30,PUNE_EAST,0.0,0.0,0.0,21.3,38.5,0.0,2.3,GOOD
2026-06-03T01:30:00+05:30,PUNE_EAST,0.0,0.0,0.0,20.9,38.6,0.0,3.6,GOOD
2026-06-03T01:45:00+05:30,PUNE_EAST,0.0,0.0,0.0,20.4,36.4,0.0,2.0,GOOD
2026-06-03T02:00:00+05:30,PUNE_EAST,0.0,0.0,0.0,21.3,37.6,0.0,3.3,GOOD
2026-06-03T02:15:00+05:30,PUNE_EAST,0.0,0.0,0.0,20,48.9,0.0,2.5,GOOD
2026-06-03T02:30:00+05:30,PUNE_EAST,0.0,0.0,0.0,20.4,43.9,0.0,2.7,GOOD
2026-06-03T02:45:00+05:30,PUNE_EAST,0.0,0.0,0.0,21.3,41.3,0.0,3.4,GOOD
2026-06-03T03:00:00+05:30,PUNE_EAST,0.0,0.0,0.0,20.9,41.5,0.0,3.3,GOOD
2026-06-03T03:15:00+05:30,PUNE_EAST,0.0,0.0,0.0,21.1,39.9,0.0,3.1,GOOD
2026-06-03T03:30:00+05:30,PUNE_EAST,0.0,0.0,0.0,20.2,41.5,0.0,3.8,GOOD
2026-06-03T03:45:00+05:30,PUNE_EAST,0.0,0.0,0.0,20,45.1,0.0,3.4,GOOD
2026-06-03T04:00:00+05:30,PUNE_EAST,0.0,0.0,0.0,20,44.2,0.0,3.2,GOOD
2026-06-03T04:15:00+05:30,PUNE_EAST,0.0,0.0,0.0,20,45.6,0.0,2.7,GOOD
2026-06-03T04:30:00+05:30,PUNE_EAST,0.0,0.0,0.0,20.6,44.8,0.0,4.5,GOOD
2026-06-03T04:45:00+05:30,PUNE_EAST,0.0,0.0,0.0,20.6,42.3,0.0,3.9,GOOD
2026-06-03T05:00:00+05:30,PUNE_EAST,0.0,0.0,0.0,21.2,43.6,0.0,3.2,GOOD
2026-06-03T05:15:00+05:30,PUNE_EAST,0.0,0.0,0.0,21.5,40.3,0.0,3.1,GOOD
2026-06-03T05:30:00+05:30,PUNE_EAST,0.0,0.0,0.0,21.3,38.4,0.0,2.9,GOOD
2026-06-03T05:45:00+05:30,PUNE_EAST,0.0,0.0,0.0,22.5,37.8,0.0,3.6,GOOD
2026-06-03T06:00:00+05:30,PUNE_EAST,0.0,0.0,0.0,23.2,27.9,0.0,2.4,GOOD
2026-06-03T06:15:00+05:30,PUNE_EAST,60.3,328.9,20.3,23.2,28.6,0.0,3.6,GOOD
2026-06-03T06:30:00+05:30,PUNE_EAST,78.8,423.5,27.2,23.2,30.0,0.0,3.5,GOOD
2026-06-03T06:45:00+05:30,PUNE_EAST,109.6,429.4,36.8,25.2,28.6,0.0,2.9,GOOD
2026-06-03T07:00:00+05:30,PUNE_EAST,181.8,549.0,57.3,25.3,25.4,0.0,2.2,GOOD
2026-06-03T07:15:00+05:30,PUNE_EAST,252.3,592.7,84.3,23.9,28.3,0.0,1.9,GOOD
2026-06-03T07:30:00+05:30,PUNE_EAST,296.8,569.9,103.3,26.2,30.5,0.0,2.7,GOOD
2026-06-03T07:45:00+05:30,PUNE_EAST,327.4,479.4,138.2,25.1,41.9,0.0,2.5,GOOD
2026-06-03T08:00:00+05:30,PUNE_EAST,391.1,520.0,157.9,26.0,39.0,0.0,2.2,GOOD
2026-06-03T08:15:00+05:30,PUNE_EAST,439.6,538.3,169.9,25.7,36.4,0.0,3.3,GOOD
2026-06-03T08:30:00+05:30,PUNE_EAST,493.6,557.1,186.1,28.0,34.9,0.0,2.2,GOOD
2026-06-03T08:45:00+05:30,PUNE_EAST,567.0,617.2,196.1,27.5,30.1,0.0,2.9,GOOD
2026-06-03T09:00:00+05:30,PUNE_EAST,586.2,588.0,205.2,27.3,30.8,0.0,4.0,GOOD
2026-06-03T09:15:00+05:30,PUNE_EAST,667.8,632.1,230.0,27.6,29.9,0.0,3.2,GOOD
2026-06-03T09:30:00+05:30,PUNE_EAST,692.5,634.4,226.3,28.8,27.2,0.0,2.3,GOOD
2026-06-03T09:45:00+05:30,PUNE_EAST,725.4,586.3,271.3,29.6,34.5,0.0,1.3,GOOD
2026-06-03T10:00:00+05:30,PUNE_EAST,778.4,600.5,291.2,28.7,34.5,0.0,2.4,GOOD
2026-06-03T10:15:00+05:30,PUNE_EAST,808.3,601.1,300.2,29.9,34.1,0.0,3.1,GOOD
2026-06-03T10:30:00+05:30,PUNE_EAST,852.8,608.7,319.5,28.7,34.6,0.0,2.9,GOOD
2026-06-03T10:45:00+05:30,PUNE_EAST,850.6,578.9,327.5,30.2,36.2,0.0,2.4,GOOD
2026-06-03T11:00:00+05:30,PUNE_EAST,907.9,606.8,344.9,29.6,35.4,0.0,3.5,GOOD
2026-06-03T11:15:00+05:30,PUNE_EAST,919.0,602.3,347.7,30.8,35.1,0.0,3.1,GOOD
2026-06-03T11:30:00+05:30,PUNE_EAST,934.2,557.2,396.2,30.8,42.2,0.0,3.5,GOOD
2026-06-03T11:45:00+05:30,PUNE_EAST,923.8,536.3,398.6,30.1,43.3,0.0,3.7,GOOD
2026-06-03T12:00:00+05:30,PUNE_EAST,967.5,561.3,412.3,29.6,42.5,0.0,3.2,GOOD
2026-06-03T12:15:00+05:30,PUNE_EAST,939.3,509.2,432.4,29.0,47.8,0.0,3.3,GOOD
2026-06-03T12:30:00+05:30,PUNE_EAST,895.0,469.7,426.4,30.7,50.2,0.0,3.7,GOOD
2026-06-03T12:45:00+05:30,PUNE_EAST,967.4,539.3,430.0,29.4,45.3,0.0,2.2,GOOD
2026-06-03T13:00:00+05:30,PUNE_EAST,941.1,544.0,401.7,30.5,42.6,0.0,3.6,GOOD
2026-06-03T13:15:00+05:30,PUNE_EAST,967.2,599.1,378.6,30.7,37.1,0.0,2.6,GOOD
2026-06-03T13:30:00+05:30,PUNE_EAST,909.0,548.7,376.7,30.0,40.7,0.0,3.8,GOOD
2026-06-03T13:45:00+05:30,PUNE_EAST,904.5,544.1,385.4,30.3,42.5,0.0,3.9,GOOD
2026-06-03T14:00:00+05:30,PUNE_EAST,839.8,463.7,406.5,29.7,51.4,0.0,2.4,GOOD
2026-06-03T14:15:00+05:30,PUNE_EAST,813.0,447.4,405.4,30.8,53.6,0.0,3.3,GOOD
2026-06-03T14:30:00+05:30,PUNE_EAST,800.8,466.4,388.2,31.3,51.5,0.0,3.7,GOOD
2026-06-03T14:45:00+05:30,PUNE_EAST,773.7,456.9,383.2,29.3,53.1,0.0,5.0,GOOD
2026-06-03T15:00:00+05:30,PUNE_EAST,717.5,430.6,363.6,29.3,54.9,0.0,3.1,GOOD
2026-06-03T15:15:00+05:30,PUNE_EAST,645.5,393.6,336.1,30.2,57.0,0.0,5.0,GOOD
2026-06-03T15:30:00+05:30,PUNE_EAST,618.2,384.4,331.1,29.0,59.3,0.0,4.0,GOOD
2026-06-03T15:45:00+05:30,PUNE_EAST,538.2,337.7,299.9,28.8,62.7,0.0,2.9,GOOD
2026-06-03T16:00:00+05:30,PUNE_EAST,504.5,336.2,282.1,29.3,63.0,0.0,3.4,GOOD
2026-06-03T16:15:00+05:30,PUNE_EAST,471.9,340.7,262.3,27.5,62.4,0.0,2.7,GOOD
2026-06-03T16:30:00+05:30,PUNE_EAST,467.0,367.8,258.6,25.4,62.1,0.0,3.4,GOOD
2026-06-03T16:45:00+05:30,PUNE_EAST,397.2,348.7,217.1,27.1,61.0,0.0,2.9,GOOD
2026-06-03T17:00:00+05:30,PUNE_EAST,338.6,342.1,179.7,25.5,58.6,0.0,3.4,GOOD
2026-06-03T17:15:00+05:30,PUNE_EAST,296.0,344.0,154.7,27.7,57.3,0.0,3.2,GOOD
2026-06-03T17:30:00+05:30,PUNE_EAST,301.3,427.8,149.0,26.3,53.0,0.0,2.6,GOOD
2026-06-03T17:45:00+05:30,PUNE_EAST,230.5,372.0,118.8,26.8,56.2,0.0,3.5,GOOD
2026-06-03T18:00:00+05:30,PUNE_EAST,180.1,322.3,101.5,24.8,63.6,0.0,2.4,GOOD
2026-06-03T18:15:00+05:30,PUNE_EAST,114.5,274.5,63.2,24.7,61.9,0.0,3.5,GOOD
2026-06-03T18:30:00+05:30,PUNE_EAST,79.0,287.6,41.8,24.5,58.3,0.0,4.5,GOOD
2026-06-03T18:45:00+05:30,PUNE_EAST,68.3,266.5,35.8,24.0,57.6,0.0,3.4,GOOD
2026-06-03T19:00:00+05:30,PUNE_EAST,2.5,10.0,1.3,24.9,56.1,0.0,3.3,GOOD
2026-06-03T19:15:00+05:30,PUNE_EAST,0.0,0.0,0.0,23.3,56.5,0.0,3.2,GOOD
2026-06-03T19:30:00+05:30,PUNE_EAST,0.0,0.0,0.0,23.4,55.1,0.0,2.5,GOOD
2026-06-03T19:45:00+05:30,PUNE_EAST,0.0,0.0,0.0,22.0,56.0,0.0,4.4,GOOD
2026-06-03T20:00:00+05:30,PUNE_EAST,0.0,0.0,0.0,22.0,60.6,0.0,4.0,GOOD
2026-06-03T20:15:00+05:30,PUNE_EAST,0.0,0.0,0.0,21.0,57.7,0.0,2.4,GOOD
2026-06-03T20:30:00+05:30,PUNE_EAST,0.0,0.0,0.0,21.5,56.1,0.0,3.9,GOOD
2026-06-03T20:45:00+05:30,PUNE_EAST,0.0,0.0,0.0,20.6,51.0,0.0,2.5,GOOD
2026-06-03T21:00:00+05:30,PUNE_EAST,0.0,0.0,0.0,20,53.9,0.0,2.8,GOOD
2026-06-03T21:15:00+05:30,PUNE_EAST,0.0,0.0,0.0,20,53.4,0.0,3.0,GOOD
2026-06-03T21:30:00+05:30,PUNE_EAST,0.0,0.0,0.0,20,46.9,0.0,2.9,GOOD
2026-06-03T21:45:00+05:30,PUNE_EAST,0.0,0.0,0.0,21.7,53.1,0.0,3.4,GOOD
2026-06-03T22:00:00+05:30,PUNE_EAST,0.0,0.0,0.0,20,55.4,0.0,3.3,GOOD
2026-06-03T22:15:00+05:30,PUNE_EAST,0.0,0.0,0.0,20,61.2,0.0,3.1,GOOD
2026-06-03T22:30:00+05:30,PUNE_EAST,0.0,0.0,0.0,20.1,56.3,0.0,2.5,GOOD
2026-06-03T22:45:00+05:30,PUNE_EAST,0.0,0.0,0.0,20.9,56.6,0.0,3.4,GOOD
2026-06-03T23:00:00+05:30,PUNE_EAST,0.0,0.0,0.0,20,56.6,0.0,4.3,GOOD
2026-06-03T23:15:00+05:30,PUNE_EAST,0.0,0.0,0.0,20.2,57.6,0.0,3.6,GOOD
2026-06-03T23:30:00+05:30,PUNE_EAST,0.0,0.0,0.0,20,53.7,0.0,3.1,GOOD
2026-06-03T23:45:00+05:30,PUNE_EAST,0.0,0.0,0.0,20.3,46.4,0.0,3.0,GOOD
2026-06-04T00:00:00+05:30,PUNE_EAST,0.0,0.0,0.0,20,98.5,0.0,3.5,GOOD
2026-06-04T00:15:00+05:30,PUNE_EAST,0.0,0.0,0.0,20,97.5,0.0,4.9,GOOD
2026-06-04T00:30:00+05:30,PUNE_EAST,0.0,0.0,0.0,20,97.9,0.58,5.5,GOOD
2026-06-04T00:45:00+05:30,PUNE_EAST,0.0,0.0,0.0,20,89.9,0.0,3.3,GOOD
2026-06-04T01:00:00+05:30,PUNE_EAST,0.0,0.0,0.0,20,92.0,0.0,4.1,GOOD
2026-06-04T01:15:00+05:30,PUNE_EAST,0.0,0.0,0.0,20,87.9,0.0,2.9,GOOD
2026-06-04T01:30:00+05:30,PUNE_EAST,0.0,0.0,0.0,20,92.1,0.0,4.4,GOOD
2026-06-04T01:45:00+05:30,PUNE_EAST,0.0,0.0,0.0,20,95.5,0.0,4.7,GOOD
2026-06-04T02:00:00+05:30,PUNE_EAST,0.0,0.0,0.0,20,98.8,0.49,6.4,GOOD
2026-06-04T02:15:00+05:30,PUNE_EAST,0.0,0.0,0.0,20,92.4,0.0,4.6,GOOD
2026-06-04T02:30:00+05:30,PUNE_EAST,0.0,0.0,0.0,20,92.6,0.0,5.2,GOOD
2026-06-04T02:45:00+05:30,PUNE_EAST,0.0,0.0,0.0,20,87.8,0.0,4.1,GOOD
2026-06-04T03:00:00+05:30,PUNE_EAST,0.0,0.0,0.0,20,91.4,0.0,4.2,GOOD
2026-06-04T03:15:00+05:30,PUNE_EAST,0.0,0.0,0.0,20,93.8,0.0,4.0,GOOD
2026-06-04T03:30:00+05:30,PUNE_EAST,0.0,0.0,0.0,20,95.9,0.0,4.0,GOOD
2026-06-04T03:45:00+05:30,PUNE_EAST,0.0,0.0,0.0,20,88.5,0.51,5.1,GOOD
2026-06-04T04:00:00+05:30,PUNE_EAST,0.0,0.0,0.0,20,80.4,0.0,2.9,GOOD
2026-06-04T04:15:00+05:30,PUNE_EAST,0.0,0.0,0.0,20,78.4,0.0,2.7,GOOD
2026-06-04T04:30:00+05:30,PUNE_EAST,0.0,0.0,0.0,20,75.5,0.0,2.9,GOOD
2026-06-04T04:45:00+05:30,PUNE_EAST,0.0,0.0,0.0,20,76.4,0.0,3.8,GOOD
2026-06-04T05:00:00+05:30,PUNE_EAST,0.0,0.0,0.0,20,73.9,0.0,2.8,GOOD
2026-06-04T05:15:00+05:30,PUNE_EAST,0.0,0.0,0.0,21.7,80.1,0.0,3.1,GOOD
2026-06-04T05:30:00+05:30,PUNE_EAST,0.0,0.0,0.0,20,84.9,0.0,3.3,GOOD
2026-06-04T05:45:00+05:30,PUNE_EAST,0.0,0.0,0.0,20,85.8,0.0,4.0,GOOD
2026-06-04T06:00:00+05:30,PUNE_EAST,0.0,0.0,0.0,20.9,83.6,0.0,3.1,GOOD
2026-06-04T06:15:00+05:30,PUNE_EAST,4.2,10.2,2.9,21.3,84.6,0.0,3.8,GOOD
2026-06-04T06:30:00+05:30,PUNE_EAST,27.2,68.6,18.8,21.5,83.4,0.0,3.9,GOOD
2026-06-04T06:45:00+05:30,PUNE_EAST,66.3,132.7,43.8,21.9,78.5,0.0,4.2,GOOD
2026-06-04T07:00:00+05:30,PUNE_EAST,44.6,63.4,30.3,22.0,81.3,0.0,4.0,GOOD
2026-06-04T07:15:00+05:30,PUNE_EAST,78.0,84.3,54.1,23.2,83.6,0.0,4.1,GOOD
2026-06-04T07:30:00+05:30,PUNE_EAST,68.4,58.5,48.5,23.2,86.1,0.0,3.8,GOOD
2026-06-04T07:45:00+05:30,PUNE_EAST,122.5,93.6,85.6,21.9,84.4,0.0,4.1,GOOD
2026-06-04T08:00:00+05:30,PUNE_EAST,106.3,63.8,77.6,24.8,89.3,0.0,3.4,GOOD
2026-06-04T08:15:00+05:30,PUNE_EAST,102.2,54.4,75.0,24.4,89.7,0.0,5.5,GOOD
2026-06-04T08:30:00+05:30,PUNE_EAST,148.2,78.8,104.7,23.9,85.7,0.0,3.7,GOOD
2026-06-04T08:45:00+05:30,PUNE_EAST,172.0,82.7,122.4,25.9,86.4,0.0,4.5,GOOD
2026-06-04T09:00:00+05:30,PUNE_EAST,236.5,111.9,164.1,28.1,83.7,0.0,4.6,GOOD
2026-06-04T09:15:00+05:30,PUNE_EAST,184.7,79.1,129.9,26.6,85.1,0.0,4.1,GOOD
2026-06-04T09:30:00+05:30,PUNE_EAST,225.2,93.7,156.4,27.7,83.8,0.0,3.9,GOOD
2026-06-04T09:45:00+05:30,PUNE_EAST,211.6,74.4,154.0,26.1,88.9,0.0,4.2,GOOD
2026-06-04T10:00:00+05:30,PUNE_EAST,239.0,80.2,173.9,27.6,88.9,0.0,4.2,GOOD
2026-06-04T10:15:00+05:30,PUNE_EAST,244.9,76.8,180.0,27.6,90.0,0.0,4.1,GOOD
2026-06-04T10:30:00+05:30,PUNE_EAST,190.6,52.8,144.4,26.8,93.5,0.0,4.0,GOOD
2026-06-04T10:45:00+05:30,PUNE_EAST,205.9,57.0,154.4,27.5,92.3,0.0,5.4,GOOD
2026-06-04T11:00:00+05:30,PUNE_EAST,250.4,72.6,183.0,27.6,89.4,0.0,3.8,GOOD
2026-06-04T11:15:00+05:30,PUNE_EAST,282.2,81.6,204.8,28.9,88.6,0.0,4.6,GOOD
2026-06-04T11:30:00+05:30,PUNE_EAST,341.3,112.1,233.1,28.3,82.0,0.0,3.3,GOOD
2026-06-04T11:45:00+05:30,PUNE_EAST,324.5,103.4,223.3,28.7,82.8,0.0,3.7,GOOD
2026-06-04T12:00:00+05:30,PUNE_EAST,366.9,118.3,249.9,29.8,81.7,0.0,4.7,GOOD
2026-06-04T12:15:00+05:30,PUNE_EAST,417.3,149.0,269.1,30.5,76.1,0.0,4.3,GOOD
2026-06-04T12:30:00+05:30,PUNE_EAST,421.5,157.0,264.8,30.8,73.6,0.0,3.5,GOOD
2026-06-04T12:45:00+05:30,PUNE_EAST,397.5,140.2,257.8,30.0,76.7,0.0,3.7,GOOD
2026-06-04T13:00:00+05:30,PUNE_EAST,438.3,161.1,278.5,29.7,74.7,0.0,3.3,GOOD
2026-06-04T13:15:00+05:30,PUNE_EAST,454.0,170.4,286.5,30.4,74.0,0.0,4.5,GOOD
2026-06-04T13:30:00+05:30,PUNE_EAST,397.5,148.2,253.7,30.7,75.1,0.0,3.5,GOOD
2026-06-04T13:45:00+05:30,PUNE_EAST,383.8,145.3,245.1,29.7,75.2,0.0,4.9,GOOD
2026-06-04T14:00:00+05:30,PUNE_EAST,390.0,145.3,254.2,30.8,77.2,0.0,3.7,GOOD
2026-06-04T14:15:00+05:30,PUNE_EAST,284.7,93.0,199.9,27.7,85.0,0.0,3.6,GOOD
2026-06-04T14:30:00+05:30,PUNE_EAST,259.3,86.0,183.2,28.0,85.6,0.0,2.9,GOOD
2026-06-04T14:45:00+05:30,PUNE_EAST,92.7,27.5,69.2,25.3,91.8,0.44,5.7,GOOD
2026-06-04T15:00:00+05:30,PUNE_EAST,189.6,61.3,139.2,26.9,89.8,0.0,3.0,GOOD
2026-06-04T15:15:00+05:30,PUNE_EAST,214.1,70.3,158.8,27.9,91.0,0.0,3.7,GOOD
2026-06-04T15:30:00+05:30,PUNE_EAST,192.3,66.7,142.4,27.7,90.9,0.0,3.5,GOOD
2026-06-04T15:45:00+05:30,PUNE_EAST,184.8,67.2,137.3,27.7,91.2,0.0,4.6,GOOD
2026-06-04T16:00:00+05:30,PUNE_EAST,178.4,69.7,132.2,27.6,90.9,0.0,3.9,GOOD
2026-06-04T16:15:00+05:30,PUNE_EAST,123.9,45.3,96.0,25.8,96.1,0.0,3.7,GOOD
2026-06-04T16:30:00+05:30,PUNE_EAST,63.8,26.5,48.8,23.6,94.5,0.98,5.6,GOOD
2026-06-04T16:45:00+05:30,PUNE_EAST,63.3,24.9,50.4,26.4,99.4,0.0,4.1,GOOD
2026-06-04T17:00:00+05:30,PUNE_EAST,41.4,18.1,33.0,25.4,99.5,0.0,3.7,GOOD
2026-06-04T17:15:00+05:30,PUNE_EAST,87.6,50.1,67.0,25.8,94.6,0.0,4.6,GOOD
2026-06-04T17:30:00+05:30,PUNE_EAST,74.7,52.7,55.9,24.5,92.0,0.0,4.3,GOOD
2026-06-04T17:45:00+05:30,PUNE_EAST,57.6,45.2,44.0,23.8,94.4,0.0,3.3,GOOD
2026-06-04T18:00:00+05:30,PUNE_EAST,57.5,55.0,44.1,24.0,94.8,0.0,4.0,GOOD
2026-06-04T18:15:00+05:30,PUNE_EAST,13.2,15.6,10.2,22.9,96.6,0.0,2.6,GOOD
2026-06-04T18:30:00+05:30,PUNE_EAST,30.9,57.7,23.3,23.9,93.2,0.0,4.6,GOOD
2026-06-04T18:45:00+05:30,PUNE_EAST,23.5,44.1,18.1,22.7,95.6,0.0,3.7,GOOD
2026-06-04T19:00:00+05:30,PUNE_EAST,0.0,0.0,0.0,22.7,91.0,0.0,4.4,GOOD
2026-06-04T19:15:00+05:30,PUNE_EAST,0.0,0.0,0.0,22.9,94.6,0.0,5.0,GOOD
2026-06-04T19:30:00+05:30,PUNE_EAST,0.0,0.0,0.0,20,99.5,0.0,4.3,GOOD
2026-06-04T19:45:00+05:30,PUNE_EAST,0.0,0.0,0.0,20,94.0,1.55,6.5,GOOD
2026-06-04T20:00:00+05:30,PUNE_EAST,0.0,0.0,0.0,20,89.6,0.0,3.1,GOOD
2026-06-04T20:15:00+05:30,PUNE_EAST,0.0,0.0,0.0,20.3,85.7,0.0,4.7,GOOD
2026-06-04T20:30:00+05:30,PUNE_EAST,0.0,0.0,0.0,21.3,88.6,0.0,4.6,GOOD
2026-06-04T20:45:00+05:30,PUNE_EAST,0.0,0.0,0.0,20,87.1,0.0,3.9,GOOD
2026-06-04T21:00:00+05:30,PUNE_EAST,0.0,0.0,0.0,20,94.8,0.91,5.5,GOOD
2026-06-04T21:15:00+05:30,PUNE_EAST,0.0,0.0,0.0,20,90.5,0.0,3.8,GOOD
2026-06-04T21:30:00+05:30,PUNE_EAST,0.0,0.0,0.0,20,86.6,0.0,4.4,GOOD
2026-06-04T21:45:00+05:30,PUNE_EAST,0.0,0.0,0.0,20,91.0,1.24,5.6,GOOD
2026-06-04T22:00:00+05:30,PUNE_EAST,0.0,0.0,0.0,20,86.4,0.0,4.6,GOOD
2026-06-04T22:15:00+05:30,PUNE_EAST,0.0,0.0,0.0,20,78.0,0.0,3.8,GOOD
2026-06-04T22:30:00+05:30,PUNE_EAST,0.0,0.0,0.0,20.3,79.3,0.0,2.8,GOOD
2026-06-04T22:45:00+05:30,PUNE_EAST,0.0,0.0,0.0,20,80.7,0.0,3.8,GOOD
2026-06-04T23:00:00+05:30,PUNE_EAST,0.0,0.0,0.0,20.8,80.1,0.0,3.6,GOOD
2026-06-04T23:15:00+05:30,PUNE_EAST,0.0,0.0,0.0,20,77.4,0.0,3.0,GOOD
2026-06-04T23:30:00+05:30,PUNE_EAST,0.0,0.0,0.0,20,79.3,0.0,3.9,GOOD
2026-06-04T23:45:00+05:30,PUNE_EAST,0.0,0.0,0.0,20,86.4,0.0,3.8,GOOD
2026-06-05T00:00:00+05:30,PUNE_EAST,0.0,0.0,0.0,20,98.2,0.72,5.2,GOOD
2026-06-05T00:15:00+05:30,PUNE_EAST,0.0,0.0,0.0,20,93.2,0.0,4.2,GOOD
2026-06-05T00:30:00+05:30,PUNE_EAST,0.0,0.0,0.0,20,95.3,0.0,3.8,GOOD
2026-06-05T00:45:00+05:30,PUNE_EAST,0.0,0.0,0.0,20,95.4,0.0,4.5,GOOD
2026-06-05T01:00:00+05:30,PUNE_EAST,0.0,0.0,0.0,20,95.7,0.0,3.4,GOOD
2026-06-05T01:15:00+05:30,PUNE_EAST,0.0,0.0,0.0,20,97.0,1.4,6.4,GOOD
2026-06-05T01:30:00+05:30,PUNE_EAST,0.0,0.0,0.0,20,82.7,0.0,3.4,GOOD
2026-06-05T01:45:00+05:30,PUNE_EAST,0.0,0.0,0.0,20,88.3,0.87,4.9,GOOD
2026-06-05T02:00:00+05:30,PUNE_EAST,0.0,0.0,0.0,20,79.3,0.0,4.6,GOOD
2026-06-05T02:15:00+05:30,PUNE_EAST,0.0,0.0,0.0,20,85.8,0.0,3.1,GOOD
2026-06-05T02:30:00+05:30,PUNE_EAST,0.0,0.0,0.0,20,82.6,0.0,3.5,GOOD
2026-06-05T02:45:00+05:30,PUNE_EAST,0.0,0.0,0.0,20,87.0,0.0,4.3,GOOD
2026-06-05T03:00:00+05:30,PUNE_EAST,0.0,0.0,0.0,20,80.4,0.0,3.6,GOOD
2026-06-05T03:15:00+05:30,PUNE_EAST,0.0,0.0,0.0,20,77.6,0.0,3.6,GOOD
2026-06-05T03:30:00+05:30,PUNE_EAST,0.0,0.0,0.0,20,79.3,0.0,4.2,GOOD
2026-06-05T03:45:00+05:30,PUNE_EAST,0.0,0.0,0.0,20.7,82.9,0.0,4.0,GOOD
2026-06-05T04:00:00+05:30,PUNE_EAST,0.0,0.0,0.0,20,89.4,0.0,3.7,GOOD
2026-06-05T04:15:00+05:30,PUNE_EAST,0.0,0.0,0.0,20,89.0,0.0,3.7,GOOD
2026-06-05T04:30:00+05:30,PUNE_EAST,0.0,0.0,0.0,20,88.6,0.0,4.5,GOOD
2026-06-05T04:45:00+05:30,PUNE_EAST,0.0,0.0,0.0,20,89.4,0.0,5.0,GOOD
2026-06-05T05:00:00+05:30,PUNE_EAST,0.0,0.0,0.0,20,85.0,0.0,3.9,GOOD
2026-06-05T05:15:00+05:30,PUNE_EAST,0.0,0.0,0.0,20.1,80.4,0.0,3.8,GOOD
2026-06-05T05:30:00+05:30,PUNE_EAST,0.0,0.0,0.0,20.5,78.8,0.0,5.0,GOOD
2026-06-05T05:45:00+05:30,PUNE_EAST,0.0,0.0,0.0,21.1,81.0,0.0,3.8,GOOD
2026-06-05T06:00:00+05:30,PUNE_EAST,0.0,0.0,0.0,21.2,82.9,0.0,3.7,GOOD
2026-06-05T06:15:00+05:30,PUNE_EAST,26.6,73.8,17.6,22.0,78.8,0.0,3.5,GOOD
2026-06-05T06:30:00+05:30,PUNE_EAST,43.4,129.7,27.6,20.7,74.8,0.0,5.0,GOOD
2026-06-05T06:45:00+05:30,PUNE_EAST,32.4,61.9,21.9,21.3,80.9,0.0,3.7,GOOD
2026-06-05T07:00:00+05:30,PUNE_EAST,96.6,136.9,65.6,23.8,81.4,0.0,4.2,GOOD
2026-06-05T07:15:00+05:30,PUNE_EAST,104.3,129.7,67.6,21.7,76.6,0.0,2.8,GOOD
2026-06-05T07:30:00+05:30,PUNE_EAST,111.9,114.2,73.2,23.4,77.5,0.0,2.6,GOOD
2026-06-05T07:45:00+05:30,PUNE_EAST,133.4,120.1,86.0,24.2,76.1,0.0,3.5,GOOD
2026-06-05T08:00:00+05:30,PUNE_EAST,188.5,148.7,121.9,25.0,76.4,0.0,3.8,GOOD
2026-06-05T08:15:00+05:30,PUNE_EAST,220.3,161.5,139.5,24.4,74.3,0.0,3.8,GOOD
2026-06-05T08:30:00+05:30,PUNE_EAST,180.6,104.2,123.2,26.6,81.9,0.0,3.8,GOOD
2026-06-05T08:45:00+05:30,PUNE_EAST,153.0,70.6,110.6,24.0,88.1,0.0,5.1,GOOD
2026-06-05T09:00:00+05:30,PUNE_EAST,196.9,87.6,140.2,24.9,86.5,0.0,3.9,GOOD
2026-06-05T09:15:00+05:30,PUNE_EAST,181.4,72.0,131.6,26.0,88.5,0.0,3.3,GOOD
2026-06-05T09:30:00+05:30,PUNE_EAST,172.0,58.9,128.8,25.3,92.1,0.0,3.9,GOOD
2026-06-05T09:45:00+05:30,PUNE_EAST,152.8,45.9,117.3,26.7,95.0,0.0,4.3,GOOD
2026-06-05T10:00:00+05:30,PUNE_EAST,209.0,65.4,156.1,26.9,91.8,0.0,5.3,GOOD
2026-06-05T10:15:00+05:30,PUNE_EAST,258.8,86.9,185.4,28.0,87.1,0.0,4.3,GOOD
2026-06-05T10:30:00+05:30,PUNE_EAST,291.7,101.2,203.2,29.4,84.1,0.0,3.9,GOOD
2026-06-05T10:45:00+05:30,PUNE_EAST,307.9,103.9,214.1,27.8,83.9,0.0,3.3,GOOD
2026-06-05T11:00:00+05:30,PUNE_EAST,345.3,121.3,232.9,29.5,80.7,0.0,3.3,GOOD
2026-06-05T11:15:00+05:30,PUNE_EAST,382.7,141.5,248.6,28.6,76.9,0.0,3.4,GOOD
2026-06-05T11:30:00+05:30,PUNE_EAST,353.8,120.5,237.5,28.4,80.2,0.0,3.4,GOOD
2026-06-05T11:45:00+05:30,PUNE_EAST,359.2,114.1,247.5,29.5,82.9,0.0,4.1,GOOD
2026-06-05T12:00:00+05:30,PUNE_EAST,348.0,111.6,237.7,28.4,82.0,0.0,3.2,GOOD
2026-06-05T12:15:00+05:30,PUNE_EAST,290.6,82.7,208.3,29.2,87.2,0.0,4.0,GOOD
2026-06-05T12:30:00+05:30,PUNE_EAST,303.0,88.1,215.2,29.4,86.2,0.0,3.4,GOOD
2026-06-05T12:45:00+05:30,PUNE_EAST,380.5,121.6,259.4,27.4,81.8,0.0,3.3,GOOD
2026-06-05T13:00:00+05:30,PUNE_EAST,391.3,134.8,257.7,27.2,78.2,0.0,4.6,GOOD
2026-06-05T13:15:00+05:30,PUNE_EAST,432.1,160.4,274.5,26.8,74.7,0.0,4.1,GOOD
2026-06-05T13:30:00+05:30,PUNE_EAST,404.5,155.1,254.0,28.2,73.5,0.0,4.7,GOOD
2026-06-05T13:45:00+05:30,PUNE_EAST,406.2,149.8,263.3,30.5,76.6,0.0,4.2,GOOD
2026-06-05T14:00:00+05:30,PUNE_EAST,306.5,99.8,213.3,27.6,84.0,0.0,5.0,GOOD
2026-06-05T14:15:00+05:30,PUNE_EAST,293.1,98.1,203.7,29.2,83.8,0.0,3.2,GOOD
2026-06-05T14:30:00+05:30,PUNE_EAST,261.6,88.8,183.0,28.6,84.6,0.0,3.8,GOOD
2026-06-05T14:45:00+05:30,PUNE_EAST,72.7,21.6,54.2,24.9,91.6,0.62,4.5,GOOD
2026-06-05T15:00:00+05:30,PUNE_EAST,247.7,83.3,179.2,28.5,88.2,0.0,2.4,GOOD
2026-06-05T15:15:00+05:30,PUNE_EAST,245.4,87.5,176.6,27.6,87.6,0.0,3.4,GOOD
2026-06-05T15:30:00+05:30,PUNE_EAST,171.1,55.9,129.3,28.0,93.2,0.0,5.2,GOOD
2026-06-05T15:45:00+05:30,PUNE_EAST,166.4,56.0,126.8,27.6,94.2,0.0,4.5,GOOD
2026-06-05T16:00:00+05:30,PUNE_EAST,153.4,54.6,117.2,27.3,94.5,0.0,4.6,GOOD
2026-06-05T16:15:00+05:30,PUNE_EAST,100.3,35.5,78.4,26.7,97.2,0.0,3.9,GOOD
2026-06-05T16:30:00+05:30,PUNE_EAST,109.0,43.5,84.2,26.2,95.9,0.0,4.6,GOOD
2026-06-05T16:45:00+05:30,PUNE_EAST,64.8,27.2,50.7,25.5,97.3,0.0,4.3,GOOD
2026-06-05T17:00:00+05:30,PUNE_EAST,72.0,32.4,56.9,25.6,98.5,0.0,4.1,GOOD
2026-06-05T17:15:00+05:30,PUNE_EAST,24.2,11.9,19.3,22.7,99.5,1.49,6.0,GOOD
2026-06-05T17:30:00+05:30,PUNE_EAST,96.4,54.7,76.9,23.2,99.5,0.0,5.4,GOOD
2026-06-05T17:45:00+05:30,PUNE_EAST,52.0,37.1,40.8,23.6,97.6,0.0,3.5,GOOD
2026-06-05T18:00:00+05:30,PUNE_EAST,29.8,25.2,23.6,24.2,98.8,0.0,4.7,GOOD
2026-06-05T18:15:00+05:30,PUNE_EAST,32.4,34.8,25.8,23.4,99.5,0.0,4.8,GOOD
2026-06-05T18:30:00+05:30,PUNE_EAST,24.2,43.3,18.5,23.8,94.5,0.0,3.8,GOOD
2026-06-05T18:45:00+05:30,PUNE_EAST,0.0,0.0,0.0,22.7,94.9,0.0,4.3,GOOD
2026-06-05T19:00:00+05:30,PUNE_EAST,18.9,32.3,15.0,21.8,98.8,0.0,4.9,GOOD
2026-06-05T19:15:00+05:30,PUNE_EAST,0.0,0.0,0.0,22.9,98.3,0.0,3.7,GOOD
2026-06-05T19:30:00+05:30,PUNE_EAST,0.0,0.0,0.0,20,99.5,0.26,4.3,GOOD
2026-06-05T19:45:00+05:30,PUNE_EAST,0.0,0.0,0.0,21.7,96.0,0.0,4.4,GOOD
2026-06-05T20:00:00+05:30,PUNE_EAST,0.0,0.0,0.0,20.3,90.7,0.0,3.6,GOOD
2026-06-05T20:15:00+05:30,PUNE_EAST,0.0,0.0,0.0,20,89.8,0.0,3.7,GOOD
2026-06-05T20:30:00+05:30,PUNE_EAST,0.0,0.0,0.0,20,90.5,0.0,4.3,GOOD
2026-06-05T20:45:00+05:30,PUNE_EAST,0.0,0.0,0.0,20,90.2,0.0,4.8,GOOD
2026-06-05T21:00:00+05:30,PUNE_EAST,0.0,0.0,0.0,20,92.4,0.0,4.5,GOOD
2026-06-05T21:15:00+05:30,PUNE_EAST,0.0,0.0,0.0,20,90.0,0.0,4.5,GOOD
2026-06-05T21:30:00+05:30,PUNE_EAST,0.0,0.0,0.0,20,91.3,0.0,4.6,GOOD
2026-06-05T21:45:00+05:30,PUNE_EAST,0.0,0.0,0.0,20,87.1,0.0,3.0,GOOD
2026-06-05T22:00:00+05:30,PUNE_EAST,0.0,0.0,0.0,20.5,86.1,0.0,3.4,GOOD
2026-06-05T22:15:00+05:30,PUNE_EAST,0.0,0.0,0.0,20,88.4,0.0,4.3,GOOD
2026-06-05T22:30:00+05:30,PUNE_EAST,0.0,0.0,0.0,20,91.6,0.0,4.2,GOOD
2026-06-05T22:45:00+05:30,PUNE_EAST,0.0,0.0,0.0,20,92.7,0.0,4.4,GOOD
2026-06-05T23:00:00+05:30,PUNE_EAST,0.0,0.0,0.0,20,98.2,0.0,4.5,GOOD
2026-06-05T23:15:00+05:30,PUNE_EAST,0.0,0.0,0.0,20,98.0,0.0,4.5,GOOD
2026-06-05T23:30:00+05:30,PUNE_EAST,0.0,0.0,0.0,20,99.5,0.0,4.7,GOOD
2026-06-05T23:45:00+05:30,PUNE_EAST,0.0,0.0,0.0,20,99.5,0.0,4.9,GOOD
2026-06-06T00:00:00+05:30,PUNE_EAST,0.0,0.0,0.0,21.5,31.6,0.0,2.6,GOOD
2026-06-06T00:15:00+05:30,PUNE_EAST,0.0,0.0,0.0,20.8,32.6,0.0,3.0,GOOD
2026-06-06T00:30:00+05:30,PUNE_EAST,0.0,0.0,0.0,21.1,37.2,0.0,3.0,GOOD
2026-06-06T00:45:00+05:30,PUNE_EAST,0.0,0.0,0.0,20,33.0,0.0,2.6,GOOD
2026-06-06T01:00:00+05:30,PUNE_EAST,0.0,0.0,0.0,20.0,33.8,0.0,2.5,GOOD
2026-06-06T01:15:00+05:30,PUNE_EAST,0.0,0.0,0.0,20.8,37.3,0.0,2.1,GOOD
2026-06-06T01:30:00+05:30,PUNE_EAST,0.0,0.0,0.0,21.0,43.7,0.0,3.1,GOOD
2026-06-06T01:45:00+05:30,PUNE_EAST,0.0,0.0,0.0,20,42.8,0.0,3.5,GOOD
2026-06-06T02:00:00+05:30,PUNE_EAST,0.0,0.0,0.0,20.4,47.7,0.0,1.8,GOOD
2026-06-06T02:15:00+05:30,PUNE_EAST,0.0,0.0,0.0,20.0,42.0,0.0,3.5,GOOD
2026-06-06T02:30:00+05:30,PUNE_EAST,0.0,0.0,0.0,20.3,43.7,0.0,2.9,GOOD
2026-06-06T02:45:00+05:30,PUNE_EAST,0.0,0.0,0.0,20.2,43.2,0.0,3.3,GOOD
2026-06-06T03:00:00+05:30,PUNE_EAST,0.0,0.0,0.0,20,47.0,0.0,3.8,GOOD
2026-06-06T03:15:00+05:30,PUNE_EAST,0.0,0.0,0.0,21.8,42.1,0.0,2.6,GOOD
2026-06-06T03:30:00+05:30,PUNE_EAST,0.0,0.0,0.0,21.1,38.8,0.0,2.1,GOOD
2026-06-06T03:45:00+05:30,PUNE_EAST,0.0,0.0,0.0,21.2,36.6,0.0,3.9,GOOD
2026-06-06T04:00:00+05:30,PUNE_EAST,0.0,0.0,0.0,21.2,33.8,0.0,3.3,GOOD
2026-06-06T04:15:00+05:30,PUNE_EAST,0.0,0.0,0.0,21.3,35.1,0.0,3.6,GOOD
2026-06-06T04:30:00+05:30,PUNE_EAST,0.0,0.0,0.0,21.6,28.9,0.0,4.2,GOOD
2026-06-06T04:45:00+05:30,PUNE_EAST,0.0,0.0,0.0,20.8,29.2,0.0,2.7,GOOD
2026-06-06T05:00:00+05:30,PUNE_EAST,0.0,0.0,0.0,21.6,27.3,0.0,2.3,GOOD
2026-06-06T05:15:00+05:30,PUNE_EAST,0.0,0.0,0.0,20.2,32.4,0.0,0.7,GOOD
2026-06-06T05:30:00+05:30,PUNE_EAST,0.0,0.0,0.0,22.3,34.1,0.0,3.6,GOOD
2026-06-06T05:45:00+05:30,PUNE_EAST,0.0,0.0,0.0,21.6,35.4,0.0,2.2,GOOD
2026-06-06T06:00:00+05:30,PUNE_EAST,0.0,0.0,0.0,22.9,31.1,0.0,4.1,GOOD
2026-06-06T06:15:00+05:30,PUNE_EAST,37.9,193.7,14.3,24.1,35.0,0.0,4.3,GOOD
2026-06-06T06:30:00+05:30,PUNE_EAST,111.2,552.1,44.0,23.2,37.7,0.0,3.6,GOOD
2026-06-06T06:45:00+05:30,PUNE_EAST,149.1,555.2,55.0,23.6,33.7,0.0,1.4,GOOD
2026-06-06T07:00:00+05:30,PUNE_EAST,163.3,458.5,59.5,23.7,33.0,0.0,2.2,GOOD
2026-06-06T07:15:00+05:30,PUNE_EAST,240.2,501.7,98.3,24.7,39.8,0.0,2.9,GOOD
2026-06-06T07:30:00+05:30,PUNE_EAST,276.8,460.2,120.8,24.7,44.1,0.0,3.9,GOOD
2026-06-06T07:45:00+05:30,PUNE_EAST,342.9,510.4,141.9,26.1,40.6,0.0,3.0,GOOD
2026-06-06T08:00:00+05:30,PUNE_EAST,386.4,501.1,162.1,25.6,41.5,0.0,2.6,GOOD
2026-06-06T08:15:00+05:30,PUNE_EAST,426.6,479.0,187.1,26.9,44.4,0.0,2.6,GOOD
2026-06-06T08:30:00+05:30,PUNE_EAST,507.8,537.0,211.9,26.0,41.1,0.0,3.5,GOOD
2026-06-06T08:45:00+05:30,PUNE_EAST,529.0,530.5,210.7,27.2,38.2,0.0,2.7,GOOD
2026-06-06T09:00:00+05:30,PUNE_EAST,553.9,519.4,218.0,27.0,37.5,0.0,3.4,GOOD
2026-06-06T09:15:00+05:30,PUNE_EAST,616.5,537.9,244.6,27.7,38.0,0.0,2.7,GOOD
2026-06-06T09:30:00+05:30,PUNE_EAST,656.0,520.6,274.0,28.2,41.2,0.0,2.4,GOOD
2026-06-06T09:45:00+05:30,PUNE_EAST,698.5,544.3,277.5,27.8,38.1,0.0,2.2,GOOD
2026-06-06T10:00:00+05:30,PUNE_EAST,761.7,558.2,309.4,28.1,39.4,0.0,1.8,GOOD
2026-06-06T10:15:00+05:30,PUNE_EAST,811.8,585.8,317.4,28.1,37.1,0.0,1.5,GOOD
2026-06-06T10:30:00+05:30,PUNE_EAST,826.0,586.7,312.7,30.4,35.2,0.0,2.4,GOOD
2026-06-06T10:45:00+05:30,PUNE_EAST,840.3,540.1,352.8,30.9,41.5,0.0,2.7,GOOD
2026-06-06T11:00:00+05:30,PUNE_EAST,882.5,555.4,367.7,30.4,41.0,0.0,4.2,GOOD
2026-06-06T11:15:00+05:30,PUNE_EAST,930.1,582.5,378.1,30.4,39.5,0.0,1.2,GOOD
2026-06-06T11:30:00+05:30,PUNE_EAST,938.3,592.6,366.5,30.4,37.0,0.0,2.5,GOOD
2026-06-06T11:45:00+05:30,PUNE_EAST,944.6,598.2,359.2,31.0,35.4,0.0,4.2,GOOD
2026-06-06T12:00:00+05:30,PUNE_EAST,928.7,543.4,391.6,31.2,41.8,0.0,3.0,GOOD
2026-06-06T12:15:00+05:30,PUNE_EAST,955.2,530.4,427.6,30.4,45.8,0.0,4.3,GOOD
2026-06-06T12:30:00+05:30,PUNE_EAST,921.8,484.3,438.8,31.4,50.2,0.0,2.9,GOOD
2026-06-06T12:45:00+05:30,PUNE_EAST,874.8,422.3,454.1,30.2,56.8,0.0,2.9,GOOD
2026-06-06T13:00:00+05:30,PUNE_EAST,819.2,356.5,465.8,30.4,64.4,0.0,4.0,GOOD
2026-06-06T13:15:00+05:30,PUNE_EAST,799.6,362.0,443.8,29.3,62.3,0.0,3.7,GOOD
2026-06-06T13:30:00+05:30,PUNE_EAST,860.3,434.0,439.2,30.0,55.5,0.0,2.8,GOOD
2026-06-06T13:45:00+05:30,PUNE_EAST,901.0,513.7,410.8,30.6,47.1,0.0,3.9,GOOD
2026-06-06T14:00:00+05:30,PUNE_EAST,839.2,457.9,411.2,30.1,52.3,0.0,2.2,GOOD
2026-06-06T14:15:00+05:30,PUNE_EAST,803.8,434.2,407.9,30.4,55.0,0.0,2.8,GOOD
2026-06-06T14:30:00+05:30,PUNE_EAST,802.0,465.0,390.2,29.8,51.8,0.0,3.6,GOOD
2026-06-06T14:45:00+05:30,PUNE_EAST,769.4,476.3,361.9,29.7,49.3,0.0,3.1,GOOD
2026-06-06T15:00:00+05:30,PUNE_EAST,741.7,504.8,326.3,29.1,44.6,0.0,2.1,GOOD
2026-06-06T15:15:00+05:30,PUNE_EAST,715.7,493.6,327.2,30.9,47.3,0.0,3.7,GOOD
2026-06-06T15:30:00+05:30,PUNE_EAST,675.8,553.0,261.8,29.4,36.5,0.0,3.8,GOOD
2026-06-06T15:45:00+05:30,PUNE_EAST,638.9,522.3,269.6,29.4,41.8,0.0,2.9,GOOD
2026-06-06T16:00:00+05:30,PUNE_EAST,608.7,548.4,244.9,28.6,38.8,0.0,4.7,GOOD
2026-06-06T16:15:00+05:30,PUNE_EAST,535.2,498.8,227.3,28.8,42.3,0.0,3.1,GOOD
2026-06-06T16:30:00+05:30,PUNE_EAST,502.3,521.8,205.4,29.0,39.8,0.0,3.2,GOOD
2026-06-06T16:45:00+05:30,PUNE_EAST,467.3,554.2,179.8,27.6,36.1,0.0,2.5,GOOD
2026-06-06T17:00:00+05:30,PUNE_EAST,433.7,547.5,178.0,27.4,40.1,0.0,3.1,GOOD
2026-06-06T17:15:00+05:30,PUNE_EAST,353.3,491.6,150.0,26.8,42.2,0.0,3.1,GOOD
2026-06-06T17:30:00+05:30,PUNE_EAST,301.5,479.5,129.3,26.3,42.9,0.0,3.3,GOOD
2026-06-06T17:45:00+05:30,PUNE_EAST,252.5,433.7,120.8,24.4,50.6,0.0,3.7,GOOD
2026-06-06T18:00:00+05:30,PUNE_EAST,184.7,374.6,92.1,25.0,53.7,0.0,3.6,GOOD
2026-06-06T18:15:00+05:30,PUNE_EAST,148.2,406.7,70.8,24.4,50.5,0.0,3.5,GOOD
2026-06-06T18:30:00+05:30,PUNE_EAST,76.4,270.0,40.5,24.6,58.4,0.0,3.9,GOOD
2026-06-06T18:45:00+05:30,PUNE_EAST,40.9,156.1,21.9,24.4,59.2,0.0,4.7,GOOD
2026-06-06T19:00:00+05:30,PUNE_EAST,9.1,34.2,4.9,23.3,60.0,0.0,2.6,GOOD
2026-06-06T19:15:00+05:30,PUNE_EAST,0.0,0.0,0.0,23.9,56.4,0.0,4.7,GOOD
2026-06-06T19:30:00+05:30,PUNE_EAST,0.0,0.0,0.0,22.8,49.9,0.0,2.5,GOOD
2026-06-06T19:45:00+05:30,PUNE_EAST,0.0,0.0,0.0,22.9,46.4,0.0,2.5,GOOD
2026-06-06T20:00:00+05:30,PUNE_EAST,0.0,0.0,0.0,21.7,54.8,0.0,2.4,GOOD
2026-06-06T20:15:00+05:30,PUNE_EAST,0.0,0.0,0.0,23.1,60.5,0.0,3.2,GOOD
2026-06-06T20:30:00+05:30,PUNE_EAST,0.0,0.0,0.0,21.2,59.0,0.0,2.6,GOOD
2026-06-06T20:45:00+05:30,PUNE_EAST,0.0,0.0,0.0,20,60.7,0.0,2.3,GOOD
2026-06-06T21:00:00+05:30,PUNE_EAST,0.0,0.0,0.0,20,59.7,0.0,2.3,GOOD
2026-06-06T21:15:00+05:30,PUNE_EAST,0.0,0.0,0.0,20.1,51.4,0.0,3.5,GOOD
2026-06-06T21:30:00+05:30,PUNE_EAST,0.0,0.0,0.0,20.6,52.8,0.0,3.7,GOOD
2026-06-06T21:45:00+05:30,PUNE_EAST,0.0,0.0,0.0,21.0,51.3,0.0,3.4,GOOD
2026-06-06T22:00:00+05:30,PUNE_EAST,0.0,0.0,0.0,21.0,52.0,0.0,3.0,GOOD
2026-06-06T22:15:00+05:30,PUNE_EAST,0.0,0.0,0.0,20.3,48.4,0.0,3.4,GOOD
2026-06-06T22:30:00+05:30,PUNE_EAST,0.0,0.0,0.0,21.0,43.9,0.0,3.9,GOOD
2026-06-06T22:45:00+05:30,PUNE_EAST,0.0,0.0,0.0,20.4,45.7,0.0,3.2,GOOD
2026-06-06T23:00:00+05:30,PUNE_EAST,0.0,0.0,0.0,20.7,40.8,0.0,3.7,GOOD
2026-06-06T23:15:00+05:30,PUNE_EAST,0.0,0.0,0.0,20,45.1,0.0,3.0,GOOD
2026-06-06T23:30:00+05:30,PUNE_EAST,0.0,0.0,0.0,20.4,49.6,0.0,3.8,GOOD
2026-06-06T23:45:00+05:30,PUNE_EAST,0.0,0.0,0.0,20.2,50.6,0.0,2.9,GOOD
2026-06-07T00:00:00+05:30,PUNE_EAST,0.0,0.0,0.0,20.6,70.7,0.0,4.1,GOOD
2026-06-07T00:15:00+05:30,PUNE_EAST,0.0,0.0,0.0,20.2,75.1,0.0,4.7,GOOD
2026-06-07T00:30:00+05:30,PUNE_EAST,0.0,0.0,0.0,20,76.7,0.0,3.6,GOOD
2026-06-07T00:45:00+05:30,PUNE_EAST,0.0,0.0,0.0,20,79.8,0.0,2.0,GOOD
2026-06-07T01:00:00+05:30,PUNE_EAST,0.0,0.0,0.0,20,81.9,0.0,3.1,GOOD
2026-06-07T01:15:00+05:30,PUNE_EAST,0.0,0.0,0.0,20,76.3,0.0,3.5,GOOD
2026-06-07T01:30:00+05:30,PUNE_EAST,0.0,0.0,0.0,20,76.6,0.0,4.9,GOOD
2026-06-07T01:45:00+05:30,PUNE_EAST,0.0,0.0,0.0,20,77.4,0.0,5.0,GOOD
2026-06-07T02:00:00+05:30,PUNE_EAST,0.0,0.0,0.0,20,77.7,0.0,3.0,GOOD
2026-06-07T02:15:00+05:30,PUNE_EAST,0.0,0.0,0.0,20,81.7,0.0,4.5,GOOD
2026-06-07T02:30:00+05:30,PUNE_EAST,0.0,0.0,0.0,20,77.2,0.0,3.7,GOOD
2026-06-07T02:45:00+05:30,PUNE_EAST,0.0,0.0,0.0,20,83.8,0.0,4.1,GOOD
2026-06-07T03:00:00+05:30,PUNE_EAST,0.0,0.0,0.0,20,82.0,0.0,4.1,GOOD
2026-06-07T03:15:00+05:30,PUNE_EAST,0.0,0.0,0.0,20.1,82.9,0.0,3.6,GOOD
2026-06-07T03:30:00+05:30,PUNE_EAST,0.0,0.0,0.0,20,77.8,0.0,3.7,GOOD
2026-06-07T03:45:00+05:30,PUNE_EAST,0.0,0.0,0.0,20,73.7,0.0,3.6,GOOD
2026-06-07T04:00:00+05:30,PUNE_EAST,0.0,0.0,0.0,20,74.1,0.0,3.1,GOOD
2026-06-07T04:15:00+05:30,PUNE_EAST,0.0,0.0,0.0,20,76.6,0.0,5.0,GOOD
2026-06-07T04:30:00+05:30,PUNE_EAST,0.0,0.0,0.0,20,76.5,0.0,4.8,GOOD
2026-06-07T04:45:00+05:30,PUNE_EAST,0.0,0.0,0.0,20.6,80.9,0.0,3.3,GOOD
2026-06-07T05:00:00+05:30,PUNE_EAST,0.0,0.0,0.0,20,78.7,0.0,3.2,GOOD
2026-06-07T05:15:00+05:30,PUNE_EAST,0.0,0.0,0.0,20,78.8,0.0,4.4,GOOD
2026-06-07T05:30:00+05:30,PUNE_EAST,0.0,0.0,0.0,20.5,80.6,0.0,4.9,GOOD
2026-06-07T05:45:00+05:30,PUNE_EAST,0.0,0.0,0.0,21.4,81.3,0.0,3.7,GOOD
2026-06-07T06:00:00+05:30,PUNE_EAST,0.0,0.0,0.0,21.2,83.6,0.0,4.5,GOOD
2026-06-07T06:15:00+05:30,PUNE_EAST,14.0,36.1,9.6,21.3,82.3,0.0,3.9,GOOD
2026-06-07T06:30:00+05:30,PUNE_EAST,25.1,72.6,16.3,22.3,76.6,0.0,4.1,GOOD
2026-06-07T06:45:00+05:30,PUNE_EAST,56.7,116.8,36.9,21.6,77.1,0.0,3.2,GOOD
2026-06-07T07:00:00+05:30,PUNE_EAST,85.2,136.4,54.3,23.5,75.0,0.0,4.1,GOOD
2026-06-07T07:15:00+05:30,PUNE_EAST,116.6,131.8,79.3,23.0,81.6,0.0,4.7,GOOD
2026-06-07T07:30:00+05:30,PUNE_EAST,130.9,125.6,88.4,24.2,80.8,0.0,3.4,GOOD
2026-06-07T07:45:00+05:30,PUNE_EAST,164.6,134.4,111.7,25.2,81.4,0.0,3.7,GOOD
2026-06-07T08:00:00+05:30,PUNE_EAST,198.7,143.2,134.7,24.7,81.2,0.0,2.7,GOOD
2026-06-07T08:15:00+05:30,PUNE_EAST,229.8,146.9,156.3,25.3,81.6,0.0,4.7,GOOD
2026-06-07T08:30:00+05:30,PUNE_EAST,291.9,190.3,187.1,26.5,75.5,0.0,3.1,GOOD
2026-06-07T08:45:00+05:30,PUNE_EAST,341.7,218.1,210.9,26.0,71.9,0.0,5.4,GOOD
2026-06-07T09:00:00+05:30,PUNE_EAST,366.4,215.1,227.3,27.1,72.4,0.0,3.6,GOOD
2026-06-07T09:15:00+05:30,PUNE_EAST,352.7,179.9,228.4,25.6,76.5,0.0,3.5,GOOD
2026-06-07T09:30:00+05:30,PUNE_EAST,369.4,177.2,239.4,26.8,76.6,0.0,2.5,GOOD
2026-06-07T09:45:00+05:30,PUNE_EAST,371.9,168.3,241.9,27.2,77.0,0.0,3.6,GOOD
2026-06-07T10:00:00+05:30,PUNE_EAST,405.5,167.0,270.3,27.7,79.5,0.0,3.1,GOOD
2026-06-07T10:15:00+05:30,PUNE_EAST,451.7,187.6,293.4,28.0,76.9,0.0,4.2,GOOD
2026-06-07T10:30:00+05:30,PUNE_EAST,448.4,174.1,296.1,28.6,78.5,0.0,4.4,GOOD
2026-06-07T10:45:00+05:30,PUNE_EAST,529.8,215.8,335.2,28.4,74.2,0.0,2.7,GOOD
2026-06-07T11:00:00+05:30,PUNE_EAST,473.8,181.3,305.9,28.7,76.2,0.0,3.0,GOOD
2026-06-07T11:15:00+05:30,PUNE_EAST,469.3,162.2,315.7,28.9,80.4,0.0,3.8,GOOD
2026-06-07T11:30:00+05:30,PUNE_EAST,522.8,189.1,340.3,27.9,77.1,0.0,4.1,GOOD
2026-06-07T11:45:00+05:30,PUNE_EAST,510.9,175.0,339.7,27.9,79.2,0.0,3.4,GOOD
2026-06-07T12:00:00+05:30,PUNE_EAST,486.4,162.1,326.2,30.4,80.1,0.0,4.0,GOOD
2026-06-07T12:15:00+05:30,PUNE_EAST,507.4,170.6,337.7,28.7,79.3,0.0,3.5,GOOD
2026-06-07T12:30:00+05:30,PUNE_EAST,438.2,133.8,304.7,30.1,83.9,0.0,3.7,GOOD
2026-06-07T12:45:00+05:30,PUNE_EAST,600.4,236.8,364.4,27.2,70.3,0.0,3.2,GOOD
2026-06-07T13:00:00+05:30,PUNE_EAST,584.1,233.1,353.0,30.3,69.9,0.0,4.4,GOOD
2026-06-07T13:15:00+05:30,PUNE_EAST,560.6,213.5,350.8,29.9,73.2,0.0,3.7,GOOD
2026-06-07T13:30:00+05:30,PUNE_EAST,543.1,204.9,344.2,29.4,74.4,0.0,4.5,GOOD
2026-06-07T13:45:00+05:30,PUNE_EAST,541.0,207.8,342.7,28.2,74.4,0.0,3.6,GOOD
2026-06-07T14:00:00+05:30,PUNE_EAST,490.1,181.8,320.1,29.5,77.4,0.0,3.5,GOOD
2026-06-07T14:15:00+05:30,PUNE_EAST,436.9,144.6,305.0,28.2,84.3,0.0,4.8,GOOD
2026-06-07T14:30:00+05:30,PUNE_EAST,392.8,131.2,276.6,28.5,85.2,0.0,4.6,GOOD
2026-06-07T14:45:00+05:30,PUNE_EAST,424.9,156.7,290.8,28.9,82.2,0.0,3.3,GOOD
2026-06-07T15:00:00+05:30,PUNE_EAST,349.7,121.8,249.4,28.5,86.7,0.0,3.7,GOOD
2026-06-07T15:15:00+05:30,PUNE_EAST,279.0,93.5,205.3,28.5,90.1,0.0,3.6,GOOD
2026-06-07T15:30:00+05:30,PUNE_EAST,344.9,136.2,242.8,28.4,85.2,0.0,2.7,GOOD
2026-06-07T15:45:00+05:30,PUNE_EAST,251.4,100.4,180.3,26.9,87.3,0.0,4.4,GOOD
2026-06-07T16:00:00+05:30,PUNE_EAST,282.1,126.9,197.8,27.0,84.8,0.0,3.9,GOOD
2026-06-07T16:15:00+05:30,PUNE_EAST,204.1,92.2,147.2,27.3,87.8,0.0,4.4,GOOD
2026-06-07T16:30:00+05:30,PUNE_EAST,193.9,90.2,142.5,26.8,90.0,0.0,3.0,GOOD
2026-06-07T16:45:00+05:30,PUNE_EAST,187.8,97.9,136.9,25.7,89.1,0.0,4.6,GOOD
2026-06-07T17:00:00+05:30,PUNE_EAST,184.1,115.9,129.8,26.3,85.4,0.0,5.0,GOOD
2026-06-07T17:15:00+05:30,PUNE_EAST,133.8,90.2,96.4,24.8,87.8,0.0,3.0,GOOD
2026-06-07T17:30:00+05:30,PUNE_EAST,163.7,135.7,114.9,25.6,84.9,0.0,3.1,GOOD
2026-06-07T17:45:00+05:30,PUNE_EAST,99.3,103.0,67.9,24.0,82.1,0.0,2.5,GOOD
2026-06-07T18:00:00+05:30,PUNE_EAST,102.4,133.7,69.2,23.0,80.9,0.0,2.6,GOOD
2026-06-07T18:15:00+05:30,PUNE_EAST,79.9,142.3,52.7,22.4,78.4,0.26,4.8,GOOD
2026-06-07T18:30:00+05:30,PUNE_EAST,79.9,215.2,51.0,23.7,75.1,0.0,3.6,GOOD
2026-06-07T18:45:00+05:30,PUNE_EAST,22.7,67.4,14.5,23.7,75.1,0.0,2.8,GOOD
2026-06-07T19:00:00+05:30,PUNE_EAST,21.6,65.6,13.6,22.4,73.9,0.0,4.1,GOOD
2026-06-07T19:15:00+05:30,PUNE_EAST,0.0,0.0,0.0,22.5,73.4,0.0,4.1,GOOD
2026-06-07T19:30:00+05:30,PUNE_EAST,0.0,0.0,0.0,21.1,72.1,0.0,3.3,GOOD
2026-06-07T19:45:00+05:30,PUNE_EAST,0.0,0.0,0.0,21.3,72.1,0.0,3.4,GOOD
2026-06-07T20:00:00+05:30,PUNE_EAST,0.0,0.0,0.0,21.1,75.3,0.0,4.2,GOOD
2026-06-07T20:15:00+05:30,PUNE_EAST,0.0,0.0,0.0,20,71.9,0.0,2.5,GOOD
2026-06-07T20:30:00+05:30,PUNE_EAST,0.0,0.0,0.0,20,74.8,0.0,3.2,GOOD
2026-06-07T20:45:00+05:30,PUNE_EAST,0.0,0.0,0.0,20.6,70.8,0.0,3.0,GOOD
2026-06-07T21:00:00+05:30,PUNE_EAST,0.0,0.0,0.0,21.1,71.1,0.0,4.1,GOOD
2026-06-07T21:15:00+05:30,PUNE_EAST,0.0,0.0,0.0,20,69.9,0.0,3.1,GOOD
2026-06-07T21:30:00+05:30,PUNE_EAST,0.0,0.0,0.0,20,66.9,0.0,2.7,GOOD
2026-06-07T21:45:00+05:30,PUNE_EAST,0.0,0.0,0.0,20.5,70.4,0.0,4.8,GOOD
2026-06-07T22:00:00+05:30,PUNE_EAST,0.0,0.0,0.0,20,73.7,0.0,2.9,GOOD
2026-06-07T22:15:00+05:30,PUNE_EAST,0.0,0.0,0.0,20,73.9,0.0,3.4,GOOD
2026-06-07T22:30:00+05:30,PUNE_EAST,0.0,0.0,0.0,20,72.7,0.0,4.6,GOOD
2026-06-07T22:45:00+05:30,PUNE_EAST,0.0,0.0,0.0,20,71.6,0.0,4.3,GOOD
2026-06-07T23:00:00+05:30,PUNE_EAST,0.0,0.0,0.0,20,73.6,0.0,4.4,GOOD
2026-06-07T23:15:00+05:30,PUNE_EAST,0.0,0.0,0.0,20,78.1,0.0,3.8,GOOD
2026-06-07T23:30:00+05:30,PUNE_EAST,0.0,0.0,0.0,20,78.0,0.0,2.0,GOOD
2026-06-07T23:45:00+05:30,PUNE_EAST,0.0,0.0,0.0,20,72.2,0.0,4.2,GOOD
2026-06-08T00:00:00+05:30,PUNE_EAST,0.0,0.0,0.0,20,44.7,0.0,2.8,GOOD
2026-06-08T00:15:00+05:30,PUNE_EAST,0.0,0.0,0.0,20,37.7,0.0,3.9,GOOD
2026-06-08T00:30:00+05:30,PUNE_EAST,0.0,0.0,0.0,20,40.1,0.0,2.6,GOOD
2026-06-08T00:45:00+05:30,PUNE_EAST,0.0,0.0,0.0,22.4,40.0,0.0,2.8,GOOD
2026-06-08T01:00:00+05:30,PUNE_EAST,0.0,0.0,0.0,21.7,45.0,0.0,3.8,GOOD
2026-06-08T01:15:00+05:30,PUNE_EAST,0.0,0.0,0.0,20,43.7,0.0,3.8,GOOD
2026-06-08T01:30:00+05:30,PUNE_EAST,0.0,0.0,0.0,20.9,37.9,0.0,3.5,GOOD
2026-06-08T01:45:00+05:30,PUNE_EAST,0.0,0.0,0.0,22.1,28.2,0.0,2.9,GOOD
2026-06-08T02:00:00+05:30,PUNE_EAST,0.0,0.0,0.0,20.8,34.7,0.0,3.5,GOOD
2026-06-08T02:15:00+05:30,PUNE_EAST,0.0,0.0,0.0,21.0,33.6,0.0,2.6,GOOD
2026-06-08T02:30:00+05:30,PUNE_EAST,0.0,0.0,0.0,20.9,37.0,0.0,3.3,GOOD
2026-06-08T02:45:00+05:30,PUNE_EAST,0.0,0.0,0.0,20.9,40.5,0.0,3.2,GOOD
2026-06-08T03:00:00+05:30,PUNE_EAST,0.0,0.0,0.0,20,46.4,0.0,3.4,GOOD
2026-06-08T03:15:00+05:30,PUNE_EAST,0.0,0.0,0.0,20.8,44.0,0.0,2.8,GOOD
2026-06-08T03:30:00+05:30,PUNE_EAST,0.0,0.0,0.0,20.3,37.6,0.0,3.7,GOOD
2026-06-08T03:45:00+05:30,PUNE_EAST,0.0,0.0,0.0,20.6,39.0,0.0,3.1,GOOD
2026-06-08T04:00:00+05:30,PUNE_EAST,0.0,0.0,0.0,21.9,36.8,0.0,2.4,GOOD
2026-06-08T04:15:00+05:30,PUNE_EAST,0.0,0.0,0.0,21.3,37.1,0.0,3.3,GOOD
2026-06-08T04:30:00+05:30,PUNE_EAST,0.0,0.0,0.0,21.0,34.3,0.0,2.7,GOOD
2026-06-08T04:45:00+05:30,PUNE_EAST,0.0,0.0,0.0,20,32.7,0.0,2.3,GOOD
2026-06-08T05:00:00+05:30,PUNE_EAST,0.0,0.0,0.0,20.9,34.4,0.0,2.9,GOOD
2026-06-08T05:15:00+05:30,PUNE_EAST,0.0,0.0,0.0,20.8,33.4,0.0,2.7,GOOD
2026-06-08T05:30:00+05:30,PUNE_EAST,0.0,0.0,0.0,21.4,32.7,0.0,3.4,GOOD
2026-06-08T05:45:00+05:30,PUNE_EAST,0.0,0.0,0.0,22.8,36.9,0.0,2.3,GOOD
2026-06-08T06:00:00+05:30,PUNE_EAST,0.0,0.0,0.0,21.6,39.7,0.0,3.3,GOOD
2026-06-08T06:15:00+05:30,PUNE_EAST,24.4,117.3,10.1,22.1,40.8,0.0,2.1,GOOD
2026-06-08T06:30:00+05:30,PUNE_EAST,77.6,383.1,30.9,22.3,38.2,0.0,1.7,GOOD
2026-06-08T06:45:00+05:30,PUNE_EAST,135.1,471.3,55.5,23.2,40.1,0.0,3.1,GOOD
2026-06-08T07:00:00+05:30,PUNE_EAST,174.0,425.1,77.9,24.0,45.8,0.0,2.6,GOOD
2026-06-08T07:15:00+05:30,PUNE_EAST,218.6,442.8,93.5,24.1,42.7,0.0,2.8,GOOD
2026-06-08T07:30:00+05:30,PUNE_EAST,270.9,471.9,111.3,23.1,40.1,0.0,3.5,GOOD
2026-06-08T07:45:00+05:30,PUNE_EAST,316.3,473.3,130.2,24.3,40.3,0.0,3.4,GOOD
2026-06-08T08:00:00+05:30,PUNE_EAST,394.5,510.0,166.6,25.7,41.9,0.0,2.3,GOOD
2026-06-08T08:15:00+05:30,PUNE_EAST,434.0,498.7,185.0,27.1,42.5,0.0,3.1,GOOD
2026-06-08T08:30:00+05:30,PUNE_EAST,478.2,513.3,195.8,26.8,39.9,0.0,1.3,GOOD
2026-06-08T08:45:00+05:30,PUNE_EAST,529.1,516.5,219.6,28.1,40.8,0.0,2.3,GOOD
2026-06-08T09:00:00+05:30,PUNE_EAST,572.8,530.0,230.4,27.1,38.8,0.0,3.4,GOOD
2026-06-08T09:15:00+05:30,PUNE_EAST,631.2,524.5,269.0,27.8,42.5,0.0,2.0,GOOD
2026-06-08T09:30:00+05:30,PUNE_EAST,684.6,592.2,250.6,29.7,33.2,0.0,3.1,GOOD
2026-06-08T09:45:00+05:30,PUNE_EAST,708.2,523.0,304.2,28.0,43.0,0.0,2.1,GOOD
2026-06-08T10:00:00+05:30,PUNE_EAST,751.1,541.4,312.9,28.7,41.0,0.0,2.6,GOOD
2026-06-08T10:15:00+05:30,PUNE_EAST,777.4,528.0,332.1,29.1,42.6,0.0,3.1,GOOD
2026-06-08T10:30:00+05:30,PUNE_EAST,827.3,546.4,349.7,29.4,41.9,0.0,2.7,GOOD
2026-06-08T10:45:00+05:30,PUNE_EAST,873.1,577.9,352.0,28.8,38.9,0.0,2.3,GOOD
2026-06-08T11:00:00+05:30,PUNE_EAST,885.2,563.5,363.3,29.5,40.1,0.0,2.2,GOOD
2026-06-08T11:15:00+05:30,PUNE_EAST,904.5,597.5,338.7,31.5,34.5,0.0,2.8,GOOD
2026-06-08T11:30:00+05:30,PUNE_EAST,937.1,610.3,348.6,30.4,34.1,0.0,3.0,GOOD
2026-06-08T11:45:00+05:30,PUNE_EAST,979.0,638.5,354.5,32.0,32.6,0.0,3.9,GOOD
2026-06-08T12:00:00+05:30,PUNE_EAST,958.3,593.0,372.4,29.9,36.7,0.0,2.1,GOOD
2026-06-08T12:15:00+05:30,PUNE_EAST,966.0,594.6,374.7,31.1,36.6,0.0,2.8,GOOD
2026-06-08T12:30:00+05:30,PUNE_EAST,949.4,542.5,408.4,29.5,43.1,0.0,4.6,GOOD
2026-06-08T12:45:00+05:30,PUNE_EAST,929.5,510.5,421.0,30.2,46.6,0.0,2.8,GOOD
2026-06-08T13:00:00+05:30,PUNE_EAST,966.3,563.4,407.8,31.0,41.9,0.0,3.5,GOOD
2026-06-08T13:15:00+05:30,PUNE_EAST,939.0,548.7,399.8,31.3,42.4,0.0,2.5,GOOD
2026-06-08T13:30:00+05:30,PUNE_EAST,937.5,567.2,387.0,31.6,40.4,0.0,1.2,GOOD
2026-06-08T13:45:00+05:30,PUNE_EAST,921.0,572.5,374.4,31.1,39.5,0.0,1.3,GOOD
2026-06-08T14:00:00+05:30,PUNE_EAST,858.0,504.6,386.1,31.5,46.2,0.0,3.1,GOOD
2026-06-08T14:15:00+05:30,PUNE_EAST,834.4,515.3,364.3,30.5,44.1,0.0,3.1,GOOD
2026-06-08T14:30:00+05:30,PUNE_EAST,799.0,475.8,377.4,30.0,49.6,0.0,3.7,GOOD
2026-06-08T14:45:00+05:30,PUNE_EAST,784.3,488.2,366.2,31.1,48.8,0.0,3.1,GOOD
2026-06-08T15:00:00+05:30,PUNE_EAST,749.6,470.8,361.8,30.3,51.2,0.0,3.3,GOOD
2026-06-08T15:15:00+05:30,PUNE_EAST,650.1,398.1,336.4,28.5,56.5,0.0,2.3,GOOD
2026-06-08T15:30:00+05:30,PUNE_EAST,595.6,363.0,323.5,28.1,60.5,0.0,4.0,GOOD
2026-06-08T15:45:00+05:30,PUNE_EAST,586.4,377.5,319.0,27.4,60.6,0.0,2.9,GOOD
2026-06-08T16:00:00+05:30,PUNE_EAST,551.7,396.2,288.3,29.9,57.3,0.0,3.6,GOOD
2026-06-08T16:15:00+05:30,PUNE_EAST,504.9,359.1,282.8,28.4,63.1,0.0,3.2,GOOD
2026-06-08T16:30:00+05:30,PUNE_EAST,408.2,297.4,238.5,27.2,66.8,0.0,3.0,GOOD
2026-06-08T16:45:00+05:30,PUNE_EAST,376.6,312.6,213.9,29.7,64.3,0.0,3.7,GOOD
2026-06-08T17:00:00+05:30,PUNE_EAST,334.2,322.1,183.2,27.6,61.3,0.0,4.3,GOOD
2026-06-08T17:15:00+05:30,PUNE_EAST,289.6,309.1,161.1,25.8,62.5,0.0,3.4,GOOD
2026-06-08T17:30:00+05:30,PUNE_EAST,252.7,307.3,141.7,25.3,63.2,0.0,3.5,GOOD
2026-06-08T17:45:00+05:30,PUNE_EAST,202.3,292.5,112.9,24.8,62.8,0.0,4.1,GOOD
2026-06-08T18:00:00+05:30,PUNE_EAST,166.6,318.0,87.4,24.7,57.6,0.0,3.3,GOOD
2026-06-08T18:15:00+05:30,PUNE_EAST,145.5,358.3,76.5,23.4,57.8,0.0,3.0,GOOD
2026-06-08T18:30:00+05:30,PUNE_EAST,85.2,278.3,47.5,24.0,62.7,0.0,3.2,GOOD
2026-06-08T18:45:00+05:30,PUNE_EAST,66.2,249.8,35.7,23.3,60.0,0.0,3.2,GOOD
2026-06-08T19:00:00+05:30,PUNE_EAST,21.2,84.9,10.9,23.8,55.7,0.0,3.4,GOOD
2026-06-08T19:15:00+05:30,PUNE_EAST,0.0,0.0,0.0,22.4,56.2,0.0,2.5,GOOD
2026-06-08T19:30:00+05:30,PUNE_EAST,0.0,0.0,0.0,22.2,55.2,0.0,2.6,GOOD
2026-06-08T19:45:00+05:30,PUNE_EAST,0.0,0.0,0.0,21.9,57.8,0.0,3.0,GOOD
2026-06-08T20:00:00+05:30,PUNE_EAST,0.0,0.0,0.0,22.7,56.8,0.0,4.3,GOOD
2026-06-08T20:15:00+05:30,PUNE_EAST,0.0,0.0,0.0,22.5,55.7,0.0,4.7,GOOD
2026-06-08T20:30:00+05:30,PUNE_EAST,0.0,0.0,0.0,20.6,56.7,0.0,3.3,GOOD
2026-06-08T20:45:00+05:30,PUNE_EAST,0.0,0.0,0.0,21.0,57.9,0.0,3.8,GOOD
2026-06-08T21:00:00+05:30,PUNE_EAST,0.0,0.0,0.0,20.2,61.7,0.0,3.6,GOOD
2026-06-08T21:15:00+05:30,PUNE_EAST,0.0,0.0,0.0,20,57.6,0.0,4.4,GOOD
2026-06-08T21:30:00+05:30,PUNE_EAST,0.0,0.0,0.0,20.8,56.4,0.0,4.1,GOOD
2026-06-08T21:45:00+05:30,PUNE_EAST,0.0,0.0,0.0,20.6,57.8,0.0,1.2,GOOD
2026-06-08T22:00:00+05:30,PUNE_EAST,0.0,0.0,0.0,20.5,48.7,0.0,3.0,GOOD
2026-06-08T22:15:00+05:30,PUNE_EAST,0.0,0.0,0.0,20.4,49.7,0.0,3.2,GOOD
2026-06-08T22:30:00+05:30,PUNE_EAST,0.0,0.0,0.0,21.5,46.3,0.0,3.0,GOOD
2026-06-08T22:45:00+05:30,PUNE_EAST,0.0,0.0,0.0,20.7,43.8,0.0,4.1,GOOD
2026-06-08T23:00:00+05:30,PUNE_EAST,0.0,0.0,0.0,20.1,47.4,0.0,3.7,GOOD
2026-06-08T23:15:00+05:30,PUNE_EAST,0.0,0.0,0.0,20.5,45.5,0.0,3.0,GOOD
2026-06-08T23:30:00+05:30,PUNE_EAST,0.0,0.0,0.0,20.3,42.8,0.0,3.5,GOOD
2026-06-08T23:45:00+05:30,PUNE_EAST,0.0,0.0,0.0,20,46.0,0.0,2.7,GOOD
2026-06-09T00:00:00+05:30,PUNE_EAST,0.0,0.0,0.0,21.6,28.5,0.0,3.6,GOOD
2026-06-09T00:15:00+05:30,PUNE_EAST,0.0,0.0,0.0,21.9,27.2,0.0,2.5,GOOD
2026-06-09T00:30:00+05:30,PUNE_EAST,0.0,0.0,0.0,20,24.6,0.0,3.0,GOOD
2026-06-09T00:45:00+05:30,PUNE_EAST,0.0,0.0,0.0,20,31.4,0.0,2.1,GOOD
2026-06-09T01:00:00+05:30,PUNE_EAST,0.0,0.0,0.0,20,28.9,0.0,2.3,GOOD
2026-06-09T01:15:00+05:30,PUNE_EAST,0.0,0.0,0.0,21.5,29.8,0.0,3.1,GOOD
2026-06-09T01:30:00+05:30,PUNE_EAST,0.0,0.0,0.0,20.5,31.2,0.0,2.5,GOOD
2026-06-09T01:45:00+05:30,PUNE_EAST,0.0,0.0,0.0,21.3,30.2,0.0,3.6,GOOD
2026-06-09T02:00:00+05:30,PUNE_EAST,0.0,0.0,0.0,20.7,28.7,0.0,2.5,GOOD
2026-06-09T02:15:00+05:30,PUNE_EAST,0.0,0.0,0.0,21.3,26.3,0.0,2.9,GOOD
2026-06-09T02:30:00+05:30,PUNE_EAST,0.0,0.0,0.0,21.2,28.1,0.0,1.8,GOOD
2026-06-09T02:45:00+05:30,PUNE_EAST,0.0,0.0,0.0,20.0,26.1,0.0,1.8,GOOD
2026-06-09T03:00:00+05:30,PUNE_EAST,0.0,0.0,0.0,21.5,32.3,0.0,3.2,GOOD
2026-06-09T03:15:00+05:30,PUNE_EAST,0.0,0.0,0.0,21.2,25.6,0.0,3.2,GOOD
2026-06-09T03:30:00+05:30,PUNE_EAST,0.0,0.0,0.0,21.6,23.6,0.0,2.7,GOOD
2026-06-09T03:45:00+05:30,PUNE_EAST,0.0,0.0,0.0,21.1,21.5,0.0,2.9,GOOD
2026-06-09T04:00:00+05:30,PUNE_EAST,0.0,0.0,0.0,21.5,17.5,0.0,2.4,GOOD
2026-06-09T04:15:00+05:30,PUNE_EAST,0.0,0.0,0.0,21.8,12.6,0.0,2.7,GOOD
2026-06-09T04:30:00+05:30,PUNE_EAST,0.0,0.0,0.0,22.0,4.0,0.0,2.4,GOOD
2026-06-09T04:45:00+05:30,PUNE_EAST,0.0,0.0,0.0,21.3,1.5,0.0,1.5,GOOD
2026-06-09T05:00:00+05:30,PUNE_EAST,0.0,0.0,0.0,22.4,1.5,0.0,2.8,GOOD
2026-06-09T05:15:00+05:30,PUNE_EAST,0.0,0.0,0.0,23.1,1.5,0.0,2.5,GOOD
2026-06-09T05:30:00+05:30,PUNE_EAST,0.0,0.0,0.0,22.3,1.5,0.0,1.8,GOOD
2026-06-09T05:45:00+05:30,PUNE_EAST,0.0,0.0,0.0,23.4,1.5,0.0,2.9,GOOD
2026-06-09T06:00:00+05:30,PUNE_EAST,0.0,0.0,0.0,24.9,4.1,0.0,3.1,GOOD
2026-06-09T06:15:00+05:30,PUNE_EAST,45.5,286.0,10.7,23.4,12.9,0.0,2.8,GOOD
2026-06-09T06:30:00+05:30,PUNE_EAST,92.3,549.1,25.3,24.2,19.2,0.0,1.9,GOOD
2026-06-09T06:45:00+05:30,PUNE_EAST,130.0,550.6,37.1,25.2,20.9,0.0,3.3,GOOD
2026-06-09T07:00:00+05:30,PUNE_EAST,170.9,550.0,46.9,24.7,19.1,0.0,2.2,GOOD
2026-06-09T07:15:00+05:30,PUNE_EAST,240.0,609.8,68.0,25.4,20.5,0.0,3.3,GOOD
2026-06-09T07:30:00+05:30,PUNE_EAST,303.3,598.2,101.1,25.3,28.2,0.0,1.9,GOOD
2026-06-09T07:45:00+05:30,PUNE_EAST,351.8,616.2,109.8,26.7,24.9,0.0,2.1,GOOD
2026-06-09T08:00:00+05:30,PUNE_EAST,406.3,615.1,131.6,25.1,26.8,0.0,2.6,GOOD
2026-06-09T08:15:00+05:30,PUNE_EAST,450.4,612.9,144.6,26.1,26.3,0.0,3.3,GOOD
2026-06-09T08:30:00+05:30,PUNE_EAST,506.5,636.7,156.5,27.4,24.5,0.0,3.0,GOOD
2026-06-09T08:45:00+05:30,PUNE_EAST,545.0,616.2,176.1,28.4,26.6,0.0,2.8,GOOD
2026-06-09T09:00:00+05:30,PUNE_EAST,609.5,661.1,182.7,28.5,23.0,0.0,2.2,GOOD
2026-06-09T09:15:00+05:30,PUNE_EAST,642.8,663.6,184.8,27.8,21.1,0.0,3.2,GOOD
2026-06-09T09:30:00+05:30,PUNE_EAST,704.1,676.1,208.9,28.3,22.6,0.0,2.0,GOOD
2026-06-09T09:45:00+05:30,PUNE_EAST,744.2,690.8,210.8,28.7,20.5,0.0,2.0,GOOD
2026-06-09T10:00:00+05:30,PUNE_EAST,765.5,653.1,237.2,28.8,24.6,0.0,2.7,GOOD
2026-06-09T10:15:00+05:30,PUNE_EAST,821.9,669.3,257.7,29.1,25.2,0.0,2.7,GOOD
2026-06-09T10:30:00+05:30,PUNE_EAST,866.9,690.9,263.2,30.9,23.6,0.0,2.4,GOOD
2026-06-09T10:45:00+05:30,PUNE_EAST,898.8,722.4,247.6,31.1,19.3,0.0,2.8,GOOD
2026-06-09T11:00:00+05:30,PUNE_EAST,895.5,696.1,251.1,31.4,20.1,0.0,3.1,GOOD
2026-06-09T11:15:00+05:30,PUNE_EAST,943.9,708.9,272.9,30.0,21.4,0.0,2.7,GOOD
2026-06-09T11:30:00+05:30,PUNE_EAST,945.4,690.9,279.3,30.3,22.4,0.0,2.3,GOOD
2026-06-09T11:45:00+05:30,PUNE_EAST,998.2,734.5,280.1,30.7,20.1,0.0,2.7,GOOD
2026-06-09T12:00:00+05:30,PUNE_EAST,975.7,733.0,251.5,30.5,16.6,0.0,1.6,GOOD
2026-06-09T12:15:00+05:30,PUNE_EAST,1005.6,731.4,278.3,31.2,19.5,0.0,3.1,GOOD
2026-06-09T12:30:00+05:30,PUNE_EAST,988.6,714.4,276.3,31.7,19.9,0.0,1.7,GOOD
2026-06-09T12:45:00+05:30,PUNE_EAST,1006.7,754.1,255.7,32.2,16.0,0.0,1.5,GOOD
2026-06-09T13:00:00+05:30,PUNE_EAST,979.9,740.1,246.3,31.5,15.6,0.0,2.6,GOOD
2026-06-09T13:15:00+05:30,PUNE_EAST,976.6,754.5,235.2,32.4,14.0,0.0,4.4,GOOD
2026-06-09T13:30:00+05:30,PUNE_EAST,994.0,760.1,256.4,31.6,16.6,0.0,2.9,GOOD
2026-06-09T13:45:00+05:30,PUNE_EAST,960.5,753.2,241.4,30.9,15.6,0.0,1.9,GOOD
2026-06-09T14:00:00+05:30,PUNE_EAST,947.0,779.8,217.6,31.6,12.3,0.0,3.1,GOOD
2026-06-09T14:15:00+05:30,PUNE_EAST,891.3,764.8,193.4,30.9,10.3,0.0,3.5,GOOD
2026-06-09T14:30:00+05:30,PUNE_EAST,893.7,788.0,195.2,31.0,10.5,0.0,2.6,GOOD
2026-06-09T14:45:00+05:30,PUNE_EAST,851.0,772.9,188.8,31.7,11.0,0.0,2.1,GOOD
2026-06-09T15:00:00+05:30,PUNE_EAST,824.3,748.1,207.7,30.9,15.7,0.0,2.4,GOOD
2026-06-09T15:15:00+05:30,PUNE_EAST,766.2,722.0,196.9,30.3,16.5,0.0,3.3,GOOD
2026-06-09T15:30:00+05:30,PUNE_EAST,732.1,709.9,199.5,29.8,18.9,0.0,1.0,GOOD
2026-06-09T15:45:00+05:30,PUNE_EAST,681.4,682.6,197.4,29.6,21.5,0.0,2.7,GOOD
2026-06-09T16:00:00+05:30,PUNE_EAST,619.5,637.9,195.0,29.2,25.4,0.0,2.9,GOOD
2026-06-09T16:15:00+05:30,PUNE_EAST,580.1,637.2,185.4,28.4,26.1,0.0,2.4,GOOD
2026-06-09T16:30:00+05:30,PUNE_EAST,509.0,633.6,147.0,30.1,21.4,0.0,3.0,GOOD
2026-06-09T16:45:00+05:30,PUNE_EAST,485.8,673.2,134.9,27.0,19.6,0.0,2.0,GOOD
2026-06-09T17:00:00+05:30,PUNE_EAST,382.3,594.4,103.1,29.1,18.4,0.0,2.2,GOOD
2026-06-09T17:15:00+05:30,PUNE_EAST,374.7,661.2,99.4,27.9,17.7,0.0,4.0,GOOD
2026-06-09T17:30:00+05:30,PUNE_EAST,310.1,621.0,85.3,29.1,19.2,0.0,2.9,GOOD
2026-06-09T17:45:00+05:30,PUNE_EAST,254.9,617.2,65.7,26.9,16.6,0.0,2.6,GOOD
2026-06-09T18:00:00+05:30,PUNE_EAST,196.7,575.6,52.6,27.0,18.1,0.0,2.5,GOOD
2026-06-09T18:15:00+05:30,PUNE_EAST,127.2,487.1,32.9,25.8,16.7,0.0,3.3,GOOD
2026-06-09T18:30:00+05:30,PUNE_EAST,73.2,387.2,20.3,25.1,19.7,0.0,2.9,GOOD
2026-06-09T18:45:00+05:30,PUNE_EAST,88.4,517.0,25.4,25.0,21.1,0.0,2.2,GOOD
2026-06-09T19:00:00+05:30,PUNE_EAST,27.5,157.5,8.3,25.3,23.3,0.0,2.8,GOOD
2026-06-09T19:15:00+05:30,PUNE_EAST,0.0,0.0,0.0,23.9,20.3,0.0,2.7,GOOD
2026-06-09T19:30:00+05:30,PUNE_EAST,0.0,0.0,0.0,23.3,20.7,0.0,2.3,GOOD
2026-06-09T19:45:00+05:30,PUNE_EAST,0.0,0.0,0.0,23.8,22.4,0.0,2.5,GOOD
2026-06-09T20:00:00+05:30,PUNE_EAST,0.0,0.0,0.0,21.5,26.6,0.0,3.6,GOOD
2026-06-09T20:15:00+05:30,PUNE_EAST,0.0,0.0,0.0,24.1,24.2,0.0,2.3,GOOD
2026-06-09T20:30:00+05:30,PUNE_EAST,0.0,0.0,0.0,22.6,22.5,0.0,2.8,GOOD
2026-06-09T20:45:00+05:30,PUNE_EAST,0.0,0.0,0.0,21.9,26.5,0.0,3.1,GOOD
2026-06-09T21:00:00+05:30,PUNE_EAST,0.0,0.0,0.0,21.4,28.0,0.0,3.5,GOOD
2026-06-09T21:15:00+05:30,PUNE_EAST,0.0,0.0,0.0,22.2,26.4,0.0,2.9,GOOD
2026-06-09T21:30:00+05:30,PUNE_EAST,0.0,0.0,0.0,20.3,25.7,0.0,2.2,GOOD
2026-06-09T21:45:00+05:30,PUNE_EAST,0.0,0.0,0.0,21.6,25.1,0.0,2.5,GOOD
2026-06-09T22:00:00+05:30,PUNE_EAST,0.0,0.0,0.0,20.9,24.1,0.0,2.4,GOOD
2026-06-09T22:15:00+05:30,PUNE_EAST,0.0,0.0,0.0,20.7,25.4,0.0,2.8,GOOD
2026-06-09T22:30:00+05:30,PUNE_EAST,0.0,0.0,0.0,21.1,24.0,0.0,1.8,GOOD
2026-06-09T22:45:00+05:30,PUNE_EAST,0.0,0.0,0.0,20.8,27.6,0.0,2.9,GOOD
2026-06-09T23:00:00+05:30,PUNE_EAST,0.0,0.0,0.0,20,29.9,0.0,1.2,GOOD
2026-06-09T23:15:00+05:30,PUNE_EAST,0.0,0.0,0.0,20.8,33.8,0.0,2.4,GOOD
2026-06-09T23:30:00+05:30,PUNE_EAST,0.0,0.0,0.0,20.4,33.5,0.0,2.3,GOOD
2026-06-09T23:45:00+05:30,PUNE_EAST,0.0,0.0,0.0,20,30.8,0.0,3.4,GOOD
2026-06-10T00:00:00+05:30,PUNE_EAST,0.0,0.0,0.0,20,96.6,0.0,2.3,GOOD
2026-06-10T00:15:00+05:30,PUNE_EAST,0.0,0.0,0.0,20,99.5,0.0,4.4,GOOD
2026-06-10T00:30:00+05:30,PUNE_EAST,0.0,0.0,0.0,20,99.5,0.0,3.8,GOOD
2026-06-10T00:45:00+05:30,PUNE_EAST,0.0,0.0,0.0,20,94.2,0.0,4.4,GOOD
2026-06-10T01:00:00+05:30,PUNE_EAST,0.0,0.0,0.0,20,95.3,0.0,4.4,GOOD
2026-06-10T01:15:00+05:30,PUNE_EAST,0.0,0.0,0.0,20,95.3,0.32,5.9,GOOD
2026-06-10T01:30:00+05:30,PUNE_EAST,0.0,0.0,0.0,20,87.9,0.0,4.4,GOOD
2026-06-10T01:45:00+05:30,PUNE_EAST,0.0,0.0,0.0,20,85.6,0.0,3.6,GOOD
2026-06-10T02:00:00+05:30,PUNE_EAST,0.0,0.0,0.0,20,89.5,0.0,4.0,GOOD
2026-06-10T02:15:00+05:30,PUNE_EAST,0.0,0.0,0.0,20,91.5,0.0,3.9,GOOD
2026-06-10T02:30:00+05:30,PUNE_EAST,0.0,0.0,0.0,20.1,88.2,0.0,4.8,GOOD
2026-06-10T02:45:00+05:30,PUNE_EAST,0.0,0.0,0.0,20,90.0,0.0,3.9,GOOD
2026-06-10T03:00:00+05:30,PUNE_EAST,0.0,0.0,0.0,20,85.8,0.0,4.0,GOOD
2026-06-10T03:15:00+05:30,PUNE_EAST,0.0,0.0,0.0,20,82.2,0.0,3.0,GOOD
2026-06-10T03:30:00+05:30,PUNE_EAST,0.0,0.0,0.0,20,93.4,0.11,5.6,GOOD
2026-06-10T03:45:00+05:30,PUNE_EAST,0.0,0.0,0.0,20,80.6,0.0,3.5,GOOD
2026-06-10T04:00:00+05:30,PUNE_EAST,0.0,0.0,0.0,20,76.6,0.0,2.9,GOOD
2026-06-10T04:15:00+05:30,PUNE_EAST,0.0,0.0,0.0,20,76.3,0.0,2.8,GOOD
2026-06-10T04:30:00+05:30,PUNE_EAST,0.0,0.0,0.0,20,77.1,0.0,4.4,GOOD
2026-06-10T04:45:00+05:30,PUNE_EAST,0.0,0.0,0.0,20,80.1,0.0,3.6,GOOD
2026-06-10T05:00:00+05:30,PUNE_EAST,0.0,0.0,0.0,20,81.6,0.0,2.9,GOOD
2026-06-10T05:15:00+05:30,PUNE_EAST,0.0,0.0,0.0,20,76.6,0.0,2.5,GOOD
2026-06-10T05:30:00+05:30,PUNE_EAST,0.0,0.0,0.0,20.1,83.4,0.0,3.7,GOOD
2026-06-10T05:45:00+05:30,PUNE_EAST,0.0,0.0,0.0,20.0,82.8,0.0,3.5,GOOD
2026-06-10T06:00:00+05:30,PUNE_EAST,0.0,0.0,0.0,21.3,73.5,0.0,3.1,GOOD
2026-06-10T06:15:00+05:30,PUNE_EAST,17.2,52.6,10.8,22.2,73.5,0.0,4.2,GOOD
2026-06-10T06:30:00+05:30,PUNE_EAST,14.5,44.2,9.1,21.5,73.5,0.0,3.7,GOOD
2026-06-10T06:45:00+05:30,PUNE_EAST,6.3,12.8,4.2,22.4,78.2,0.0,4.3,GOOD
2026-06-10T07:00:00+05:30,PUNE_EAST,96.3,159.1,60.4,23.5,73.5,0.0,4.9,GOOD
2026-06-10T07:15:00+05:30,PUNE_EAST,89.7,111.8,58.2,24.3,76.8,0.0,4.3,GOOD
2026-06-10T07:30:00+05:30,PUNE_EAST,66.5,63.0,45.2,23.7,81.5,0.0,3.2,GOOD
2026-06-10T07:45:00+05:30,PUNE_EAST,141.6,105.8,100.1,24.5,85.7,0.0,2.9,GOOD
2026-06-10T08:00:00+05:30,PUNE_EAST,144.3,94.0,102.3,23.1,86.1,0.0,4.4,GOOD
2026-06-10T08:15:00+05:30,PUNE_EAST,104.0,52.7,77.8,24.3,91.9,0.0,4.4,GOOD
2026-06-10T08:30:00+05:30,PUNE_EAST,153.7,77.0,111.4,25.3,88.5,0.0,3.9,GOOD
2026-06-10T08:45:00+05:30,PUNE_EAST,180.1,88.8,126.9,26.5,85.4,0.0,3.3,GOOD
2026-06-10T09:00:00+05:30,PUNE_EAST,204.7,90.7,146.2,25.6,86.8,0.0,3.8,GOOD
2026-06-10T09:15:00+05:30,PUNE_EAST,267.2,127.8,179.1,27.4,80.0,0.0,2.9,GOOD
2026-06-10T09:30:00+05:30,PUNE_EAST,302.4,148.2,194.0,27.5,75.6,0.0,3.2,GOOD
2026-06-10T09:45:00+05:30,PUNE_EAST,289.8,124.5,193.7,28.4,79.7,0.0,2.9,GOOD
2026-06-10T10:00:00+05:30,PUNE_EAST,332.3,142.7,216.9,28.6,77.3,0.0,3.4,GOOD
2026-06-10T10:15:00+05:30,PUNE_EAST,330.5,146.0,207.5,27.3,73.5,0.0,4.0,GOOD
2026-06-10T10:30:00+05:30,PUNE_EAST,365.8,149.3,235.4,28.1,75.9,0.0,4.3,GOOD
2026-06-10T10:45:00+05:30,PUNE_EAST,342.2,130.4,224.7,29.0,77.9,0.0,4.1,GOOD
2026-06-10T11:00:00+05:30,PUNE_EAST,332.2,114.1,226.6,29.0,81.9,0.0,3.5,GOOD
2026-06-10T11:15:00+05:30,PUNE_EAST,364.4,134.1,237.5,29.2,77.2,0.0,4.1,GOOD
2026-06-10T11:30:00+05:30,PUNE_EAST,403.9,150.0,259.4,29.5,75.7,0.0,3.5,GOOD
2026-06-10T11:45:00+05:30,PUNE_EAST,350.6,117.3,235.9,29.9,80.4,0.0,4.5,GOOD
2026-06-10T12:00:00+05:30,PUNE_EAST,316.9,98.9,219.3,29.5,83.4,0.0,4.6,GOOD
2026-06-10T12:15:00+05:30,PUNE_EAST,282.0,79.2,203.2,29.7,87.8,0.0,4.0,GOOD
2026-06-10T12:30:00+05:30,PUNE_EAST,273.9,71.9,202.2,29.6,90.5,0.0,4.1,GOOD
2026-06-10T12:45:00+05:30,PUNE_EAST,324.2,97.0,227.5,28.9,84.9,0.0,4.6,GOOD
2026-06-10T13:00:00+05:30,PUNE_EAST,316.6,91.9,225.4,29.1,86.5,0.0,4.4,GOOD
2026-06-10T13:15:00+05:30,PUNE_EAST,282.7,77.8,206.2,28.4,89.2,0.0,3.1,GOOD
2026-06-10T13:30:00+05:30,PUNE_EAST,258.4,76.7,184.0,30.0,86.5,0.0,4.2,GOOD
2026-06-10T13:45:00+05:30,PUNE_EAST,297.8,93.2,208.8,32.8,84.8,0.0,5.2,GOOD
2026-06-10T14:00:00+05:30,PUNE_EAST,246.3,72.1,178.8,28.1,88.6,0.0,3.2,GOOD
2026-06-10T14:15:00+05:30,PUNE_EAST,222.0,62.1,165.4,27.5,91.5,0.0,2.9,GOOD
2026-06-10T14:30:00+05:30,PUNE_EAST,240.8,69.9,178.8,28.2,91.2,0.0,3.9,GOOD
2026-06-10T14:45:00+05:30,PUNE_EAST,33.8,8.0,26.9,27.3,99.5,2.0,4.8,GOOD
2026-06-10T15:00:00+05:30,PUNE_EAST,128.1,31.6,102.1,27.8,99.5,0.0,3.9,GOOD
2026-06-10T15:15:00+05:30,PUNE_EAST,142.5,43.4,108.2,28.7,93.8,0.0,5.5,GOOD
2026-06-10T15:30:00+05:30,PUNE_EAST,159.2,46.4,124.3,27.4,97.1,0.0,3.6,GOOD
2026-06-10T15:45:00+05:30,PUNE_EAST,30.9,8.8,24.6,23.9,99.5,0.45,5.8,GOOD
2026-06-10T16:00:00+05:30,PUNE_EAST,104.0,32.1,82.6,25.7,99.2,0.0,4.3,GOOD
2026-06-10T16:15:00+05:30,PUNE_EAST,51.0,16.7,40.6,25.3,99.5,1.85,4.2,GOOD
2026-06-10T16:30:00+05:30,PUNE_EAST,89.8,31.9,71.6,26.2,99.5,0.0,3.6,SUSPECT
2026-06-10T16:45:00+05:30,PUNE_EAST,63.5,26.2,49.8,26.7,97.6,0.0,4.1,GOOD
2026-06-10T17:00:00+05:30,PUNE_EAST,52.0,22.4,41.4,25.7,99.5,0.0,4.6,GOOD
2026-06-10T17:15:00+05:30,PUNE_EAST,50.2,24.4,40.0,23.4,99.5,0.0,3.8,GOOD
2026-06-10T17:30:00+05:30,PUNE_EAST,13.9,7.9,11.1,24.5,99.2,0.0,5.9,GOOD
2026-06-10T17:45:00+05:30,PUNE_EAST,30.4,20.1,24.3,23.7,99.5,0.0,3.7,GOOD
2026-06-10T18:00:00+05:30,PUNE_EAST,42.2,37.4,32.8,23.8,96.5,0.0,5.4,GOOD
2026-06-10T18:15:00+05:30,PUNE_EAST,39.3,45.4,30.4,24.0,96.1,0.0,3.8,GOOD
2026-06-10T18:30:00+05:30,PUNE_EAST,12.2,18.9,9.6,22.6,97.8,0.0,4.7,GOOD
2026-06-10T18:45:00+05:30,PUNE_EAST,7.5,13.4,5.8,22.5,97.0,0.0,4.7,GOOD
2026-06-10T19:00:00+05:30,PUNE_EAST,6.9,11.5,5.5,21.9,99.5,0.0,4.0,GOOD
2026-06-10T19:15:00+05:30,PUNE_EAST,0.0,0.0,0.0,21.8,98.0,0.0,4.5,GOOD
2026-06-10T19:30:00+05:30,PUNE_EAST,0.0,0.0,0.0,21.8,89.9,0.0,5.2,GOOD
2026-06-10T19:45:00+05:30,PUNE_EAST,0.0,0.0,0.0,20.2,94.8,0.0,4.7,GOOD
2026-06-10T20:00:00+05:30,PUNE_EAST,0.0,0.0,0.0,20,89.1,0.0,3.9,GOOD
2026-06-10T20:15:00+05:30,PUNE_EAST,0.0,0.0,0.0,20,91.5,1.92,5.7,GOOD
2026-06-10T20:30:00+05:30,PUNE_EAST,0.0,0.0,0.0,20.6,90.7,0.0,3.9,GOOD
2026-06-10T20:45:00+05:30,PUNE_EAST,0.0,0.0,0.0,20,94.6,0.0,4.4,GOOD
2026-06-10T21:00:00+05:30,PUNE_EAST,0.0,0.0,0.0,20,94.0,0.0,4.0,GOOD
2026-06-10T21:15:00+05:30,PUNE_EAST,0.0,0.0,0.0,20,96.1,0.0,3.9,GOOD
2026-06-10T21:30:00+05:30,PUNE_EAST,0.0,0.0,0.0,20,94.1,0.0,3.6,GOOD
2026-06-10T21:45:00+05:30,PUNE_EAST,0.0,0.0,0.0,20,96.2,0.0,4.0,GOOD
2026-06-10T22:00:00+05:30,PUNE_EAST,0.0,0.0,0.0,20,95.2,0.0,3.8,GOOD
2026-06-10T22:15:00+05:30,PUNE_EAST,0.0,0.0,0.0,20,99.5,0.0,3.8,GOOD
2026-06-10T22:30:00+05:30,PUNE_EAST,0.0,0.0,0.0,20,98.2,0.0,4.0,GOOD
2026-06-10T22:45:00+05:30,PUNE_EAST,0.0,0.0,0.0,20,94.6,0.0,4.9,GOOD
2026-06-10T23:00:00+05:30,PUNE_EAST,0.0,0.0,0.0,20,91.8,0.0,4.0,GOOD
2026-06-10T23:15:00+05:30,PUNE_EAST,0.0,0.0,0.0,20,95.2,0.0,3.6,GOOD
2026-06-10T23:30:00+05:30,PUNE_EAST,0.0,0.0,0.0,20,99.5,0.0,3.6,GOOD
2026-06-10T23:45:00+05:30,PUNE_EAST,0.0,0.0,0.0,20,97.3,0.0,3.5,GOOD
2026-06-11T00:00:00+05:30,PUNE_EAST,0.0,0.0,0.0,20,83.6,0.0,3.9,GOOD
2026-06-11T00:15:00+05:30,PUNE_EAST,0.0,0.0,0.0,20,83.9,0.0,4.0,GOOD
2026-06-11T00:30:00+05:30,PUNE_EAST,0.0,0.0,0.0,20,82.8,0.0,3.7,GOOD
2026-06-11T00:45:00+05:30,PUNE_EAST,0.0,0.0,0.0,20,82.7,0.0,3.8,GOOD
2026-06-11T01:00:00+05:30,PUNE_EAST,0.0,0.0,0.0,20,80.9,0.0,4.3,GOOD
2026-06-11T01:15:00+05:30,PUNE_EAST,0.0,0.0,0.0,20,81.4,0.0,1.5,GOOD
2026-06-11T01:30:00+05:30,PUNE_EAST,0.0,0.0,0.0,20.3,80.8,0.0,4.0,GOOD
2026-06-11T01:45:00+05:30,PUNE_EAST,0.0,0.0,0.0,20,77.0,0.0,4.3,GOOD
2026-06-11T02:00:00+05:30,PUNE_EAST,0.0,0.0,0.0,20.6,77.6,0.0,3.4,GOOD
2026-06-11T02:15:00+05:30,PUNE_EAST,0.0,0.0,0.0,20.0,70.1,0.0,3.2,GOOD
2026-06-11T02:30:00+05:30,PUNE_EAST,0.0,0.0,0.0,20,75.8,0.0,2.9,GOOD
2026-06-11T02:45:00+05:30,PUNE_EAST,0.0,0.0,0.0,20,75.9,0.0,4.3,GOOD
2026-06-11T03:00:00+05:30,PUNE_EAST,0.0,0.0,0.0,20,77.0,0.0,4.6,GOOD
2026-06-11T03:15:00+05:30,PUNE_EAST,0.0,0.0,0.0,20.4,78.4,0.0,3.6,GOOD
2026-06-11T03:30:00+05:30,PUNE_EAST,0.0,0.0,0.0,20,75.9,0.0,3.3,GOOD
2026-06-11T03:45:00+05:30,PUNE_EAST,0.0,0.0,0.0,20.3,69.4,0.0,3.2,GOOD
2026-06-11T04:00:00+05:30,PUNE_EAST,0.0,0.0,0.0,20,72.2,0.0,3.3,GOOD
2026-06-11T04:15:00+05:30,PUNE_EAST,0.0,0.0,0.0,20,68.5,0.0,2.9,GOOD
2026-06-11T04:30:00+05:30,PUNE_EAST,0.0,0.0,0.0,20,72.2,0.0,3.5,GOOD
2026-06-11T04:45:00+05:30,PUNE_EAST,0.0,0.0,0.0,21.1,73.9,0.0,4.2,GOOD
2026-06-11T05:00:00+05:30,PUNE_EAST,0.0,0.0,0.0,20,70.9,0.0,3.3,GOOD
2026-06-11T05:15:00+05:30,PUNE_EAST,0.0,0.0,0.0,20,67.9,0.0,4.3,GOOD
2026-06-11T05:30:00+05:30,PUNE_EAST,0.0,0.0,0.0,20.8,68.9,0.0,3.7,GOOD
2026-06-11T05:45:00+05:30,PUNE_EAST,0.0,0.0,0.0,20.5,70.1,0.0,2.9,GOOD
2026-06-11T06:00:00+05:30,PUNE_EAST,0.0,0.0,0.0,21.5,75.4,0.0,2.8,GOOD
2026-06-11T06:15:00+05:30,PUNE_EAST,0.0,0.0,0.0,21.8,72.0,0.0,4.4,GOOD
2026-06-11T06:30:00+05:30,PUNE_EAST,50.9,153.0,32.3,21.9,74.4,0.0,3.6,GOOD
2026-06-11T06:45:00+05:30,PUNE_EAST,56.1,129.5,34.3,23.4,71.1,0.0,3.1,GOOD
2026-06-11T07:00:00+05:30,PUNE_EAST,141.3,241.1,87.1,23.2,71.8,0.0,3.4,GOOD
2026-06-11T07:15:00+05:30,PUNE_EAST,130.4,180.0,79.8,22.6,71.0,0.0,3.5,GOOD
2026-06-11T07:30:00+05:30,PUNE_EAST,184.7,217.0,111.6,23.7,69.9,0.0,3.5,GOOD
2026-06-11T07:45:00+05:30,PUNE_EAST,225.8,232.1,134.8,24.0,68.8,0.0,3.4,GOOD
2026-06-11T08:00:00+05:30,PUNE_EAST,262.7,244.5,153.7,25.0,67.0,0.0,3.8,GOOD
2026-06-11T08:15:00+05:30,PUNE_EAST,282.6,219.8,173.2,24.7,71.2,0.0,2.5,GOOD
2026-06-11T08:30:00+05:30,PUNE_EAST,334.9,245.3,200.3,25.3,68.9,0.0,4.4,GOOD
2026-06-11T08:45:00+05:30,PUNE_EAST,359.0,242.4,214.2,26.6,68.7,0.0,2.8,GOOD
2026-06-11T09:00:00+05:30,PUNE_EAST,362.8,217.3,222.7,27.3,71.4,0.0,4.2,GOOD
2026-06-11T09:15:00+05:30,PUNE_EAST,392.9,223.1,239.2,26.8,70.6,0.0,5.0,GOOD
2026-06-11T09:30:00+05:30,PUNE_EAST,404.5,206.4,253.5,27.6,73.3,0.0,3.6,GOOD
2026-06-11T09:45:00+05:30,PUNE_EAST,459.9,226.5,285.2,26.5,72.3,0.0,3.7,GOOD
2026-06-11T10:00:00+05:30,PUNE_EAST,390.4,159.0,261.9,26.5,80.1,0.0,4.1,GOOD
2026-06-11T10:15:00+05:30,PUNE_EAST,526.2,251.6,314.4,28.8,68.8,0.0,4.0,GOOD
2026-06-11T10:30:00+05:30,PUNE_EAST,535.6,254.8,313.2,28.8,66.9,0.0,2.0,GOOD
2026-06-11T10:45:00+05:30,PUNE_EAST,563.5,255.7,333.2,28.3,67.9,0.0,4.2,GOOD
2026-06-11T11:00:00+05:30,PUNE_EAST,532.1,222.3,326.5,29.7,71.3,0.0,3.2,GOOD
2026-06-11T11:15:00+05:30,PUNE_EAST,545.3,213.6,343.3,27.9,73.8,0.0,3.2,GOOD
2026-06-11T11:30:00+05:30,PUNE_EAST,574.3,241.1,342.0,30.1,68.5,0.0,3.3,GOOD
2026-06-11T11:45:00+05:30,PUNE_EAST,553.6,209.4,349.0,29.5,73.9,0.0,3.5,GOOD
2026-06-11T12:00:00+05:30,PUNE_EAST,612.2,253.6,361.7,29.5,67.8,0.0,4.1,GOOD
2026-06-11T12:15:00+05:30,PUNE_EAST,680.1,302.7,379.3,30.1,62.7,0.0,2.0,GOOD
2026-06-11T12:30:00+05:30,PUNE_EAST,656.2,266.4,390.7,29.9,68.5,0.0,3.0,GOOD
2026-06-11T12:45:00+05:30,PUNE_EAST,643.1,263.3,380.9,29.2,68.0,0.0,4.3,GOOD
2026-06-11T13:00:00+05:30,PUNE_EAST,615.3,248.9,368.6,29.2,69.1,0.0,3.9,GOOD
2026-06-11T13:15:00+05:30,PUNE_EAST,642.5,272.8,374.4,29.4,66.6,0.0,3.8,GOOD
2026-06-11T13:30:00+05:30,PUNE_EAST,585.5,230.8,361.4,28.5,71.9,0.0,2.8,GOOD
2026-06-11T13:45:00+05:30,PUNE_EAST,593.8,247.6,357.4,30.1,69.5,0.0,4.0,GOOD
2026-06-11T14:00:00+05:30,PUNE_EAST,587.9,257.8,346.7,28.4,67.6,0.0,3.2,GOOD
2026-06-11T14:15:00+05:30,PUNE_EAST,615.3,292.8,348.0,29.3,63.9,0.0,3.1,GOOD
2026-06-11T14:30:00+05:30,PUNE_EAST,549.8,257.1,321.8,29.4,67.0,0.0,3.2,GOOD
2026-06-11T14:45:00+05:30,PUNE_EAST,524.3,246.8,312.6,29.1,68.6,0.0,3.5,GOOD
2026-06-11T15:00:00+05:30,PUNE_EAST,489.4,229.3,300.2,29.0,71.3,0.0,3.2,GOOD
2026-06-11T15:15:00+05:30,PUNE_EAST,470.2,242.5,278.7,28.5,68.1,0.0,3.0,GOOD
2026-06-11T15:30:00+05:30,PUNE_EAST,387.4,190.3,244.4,27.7,74.0,0.0,4.6,GOOD
2026-06-11T15:45:00+05:30,PUNE_EAST,401.6,208.6,253.4,27.7,74.0,0.0,3.7,GOOD
2026-06-11T16:00:00+05:30,PUNE_EAST,341.9,174.5,225.6,26.6,78.4,0.0,4.6,GOOD
2026-06-11T16:15:00+05:30,PUNE_EAST,283.7,155.0,187.5,26.2,78.6,0.0,2.8,GOOD
2026-06-11T16:30:00+05:30,PUNE_EAST,248.7,140.0,168.5,27.4,81.2,0.0,3.0,GOOD
2026-06-11T16:45:00+05:30,PUNE_EAST,209.4,117.0,148.2,25.5,85.8,0.0,4.8,GOOD
2026-06-11T17:00:00+05:30,PUNE_EAST,174.8,109.6,123.1,24.7,85.3,0.0,4.1,GOOD
2026-06-11T17:15:00+05:30,PUNE_EAST,132.8,84.6,97.5,24.5,89.8,0.0,3.8,GOOD
2026-06-11T17:30:00+05:30,PUNE_EAST,123.3,96.6,88.1,26.5,86.9,0.0,4.6,GOOD
2026-06-11T17:45:00+05:30,PUNE_EAST,126.6,113.1,91.7,24.3,88.4,0.0,3.8,GOOD
2026-06-11T18:00:00+05:30,PUNE_EAST,81.9,90.4,59.1,24.2,87.9,0.0,3.1,GOOD
2026-06-11T18:15:00+05:30,PUNE_EAST,38.5,51.5,28.4,23.3,90.5,0.0,3.6,GOOD
2026-06-11T18:30:00+05:30,PUNE_EAST,21.1,41.7,15.3,22.7,88.5,0.0,3.9,GOOD
2026-06-11T18:45:00+05:30,PUNE_EAST,41.3,96.4,29.5,24.0,86.9,0.0,4.5,GOOD
2026-06-11T19:00:00+05:30,PUNE_EAST,0.0,0.0,0.0,22.9,83.4,0.0,3.6,GOOD
2026-06-11T19:15:00+05:30,PUNE_EAST,0.0,0.0,0.0,22.5,86.5,0.0,3.2,GOOD
2026-06-11T19:30:00+05:30,PUNE_EAST,0.0,0.0,0.0,20.8,83.8,0.0,5.0,GOOD
2026-06-11T19:45:00+05:30,PUNE_EAST,0.0,0.0,0.0,21.5,80.5,0.0,2.0,GOOD
2026-06-11T20:00:00+05:30,PUNE_EAST,0.0,0.0,0.0,20,85.0,0.0,4.9,GOOD
2026-06-11T20:15:00+05:30,PUNE_EAST,0.0,0.0,0.0,20.0,84.4,0.0,3.7,GOOD
2026-06-11T20:30:00+05:30,PUNE_EAST,0.0,0.0,0.0,20.2,85.3,0.0,3.1,GOOD
2026-06-11T20:45:00+05:30,PUNE_EAST,0.0,0.0,0.0,20,77.4,0.0,3.4,GOOD
2026-06-11T21:00:00+05:30,PUNE_EAST,0.0,0.0,0.0,20,72.5,0.0,3.0,GOOD
2026-06-11T21:15:00+05:30,PUNE_EAST,0.0,0.0,0.0,20,68.1,0.0,4.2,GOOD
2026-06-11T21:30:00+05:30,PUNE_EAST,0.0,0.0,0.0,20.2,69.9,0.0,2.8,GOOD
2026-06-11T21:45:00+05:30,PUNE_EAST,0.0,0.0,0.0,20,72.0,0.0,3.8,GOOD
2026-06-11T22:00:00+05:30,PUNE_EAST,0.0,0.0,0.0,20.5,78.5,0.0,3.7,GOOD
2026-06-11T22:15:00+05:30,PUNE_EAST,0.0,0.0,0.0,20,85.6,0.0,3.1,GOOD
2026-06-11T22:30:00+05:30,PUNE_EAST,0.0,0.0,0.0,20,77.8,0.0,4.5,GOOD
2026-06-11T22:45:00+05:30,PUNE_EAST,0.0,0.0,0.0,20.6,72.7,0.0,4.2,GOOD
2026-06-11T23:00:00+05:30,PUNE_EAST,0.0,0.0,0.0,20.0,77.0,0.0,4.3,GOOD
2026-06-11T23:15:00+05:30,PUNE_EAST,0.0,0.0,0.0,20,73.8,0.0,4.0,GOOD
2026-06-11T23:30:00+05:30,PUNE_EAST,0.0,0.0,0.0,20,69.1,0.0,3.9,GOOD
2026-06-11T23:45:00+05:30,PUNE_EAST,0.0,0.0,0.0,20,69.7,0.0,2.4,GOOD
2026-06-12T00:00:00+05:30,PUNE_EAST,0.0,0.0,0.0,20.5,42.4,0.0,3.8,GOOD
2026-06-12T00:15:00+05:30,PUNE_EAST,0.0,0.0,0.0,20.2,41.5,0.0,3.0,GOOD
2026-06-12T00:30:00+05:30,PUNE_EAST,0.0,0.0,0.0,21.4,44.1,0.0,1.7,GOOD
2026-06-12T00:45:00+05:30,PUNE_EAST,0.0,0.0,0.0,20,46.4,0.0,4.3,GOOD
2026-06-12T01:00:00+05:30,PUNE_EAST,0.0,0.0,0.0,20,43.5,0.0,2.9,GOOD
2026-06-12T01:15:00+05:30,PUNE_EAST,0.0,0.0,0.0,20.3,40.7,0.0,3.3,GOOD
2026-06-12T01:30:00+05:30,PUNE_EAST,0.0,0.0,0.0,20.1,43.4,0.0,2.6,GOOD
2026-06-12T01:45:00+05:30,PUNE_EAST,0.0,0.0,0.0,20.6,48.3,0.0,2.9,GOOD
2026-06-12T02:00:00+05:30,PUNE_EAST,0.0,0.0,0.0,20,51.0,0.0,3.2,GOOD
2026-06-12T02:15:00+05:30,PUNE_EAST,0.0,0.0,0.0,21.8,50.6,0.0,3.1,GOOD
2026-06-12T02:30:00+05:30,PUNE_EAST,0.0,0.0,0.0,20.2,49.3,0.0,3.7,GOOD
2026-06-12T02:45:00+05:30,PUNE_EAST,0.0,0.0,0.0,20,48.8,0.0,4.0,GOOD
2026-06-12T03:00:00+05:30,PUNE_EAST,0.0,0.0,0.0,20.9,44.1,0.0,3.3,GOOD
2026-06-12T03:15:00+05:30,PUNE_EAST,0.0,0.0,0.0,20.1,42.1,0.0,3.3,GOOD
2026-06-12T03:30:00+05:30,PUNE_EAST,0.0,0.0,0.0,21.0,47.6,0.0,2.5,GOOD
2026-06-12T03:45:00+05:30,PUNE_EAST,0.0,0.0,0.0,20.1,42.6,0.0,3.4,GOOD
2026-06-12T04:00:00+05:30,PUNE_EAST,0.0,0.0,0.0,20.6,48.9,0.0,3.2,GOOD
2026-06-12T04:15:00+05:30,PUNE_EAST,0.0,0.0,0.0,20.9,38.8,0.0,2.5,GOOD
2026-06-12T04:30:00+05:30,PUNE_EAST,0.0,0.0,0.0,20.4,38.8,0.0,3.9,GOOD
2026-06-12T04:45:00+05:30,PUNE_EAST,0.0,0.0,0.0,20.8,39.8,0.0,2.7,GOOD
2026-06-12T05:00:00+05:30,PUNE_EAST,0.0,0.0,0.0,22.2,39.2,0.0,3.3,GOOD
2026-06-12T05:15:00+05:30,PUNE_EAST,0.0,0.0,0.0,20,37.6,0.0,4.0,GOOD
2026-06-12T05:30:00+05:30,PUNE_EAST,0.0,0.0,0.0,21.9,40.6,0.0,3.1,GOOD
2026-06-12T05:45:00+05:30,PUNE_EAST,0.0,0.0,0.0,20.8,42.1,0.0,3.0,GOOD
2026-06-12T06:00:00+05:30,PUNE_EAST,0.0,0.0,0.0,22.3,38.0,0.0,2.4,GOOD
2026-06-12T06:15:00+05:30,PUNE_EAST,42.3,206.2,17.2,23.4,39.3,0.0,2.2,GOOD
2026-06-12T06:30:00+05:30,PUNE_EAST,87.2,431.0,34.6,24.5,38.1,0.0,1.2,GOOD
2026-06-12T06:45:00+05:30,PUNE_EAST,129.7,484.7,48.5,23.9,34.4,0.0,3.4,SUSPECT
2026-06-12T07:00:00+05:30,PUNE_EAST,189.3,530.0,70.4,24.8,34.2,0.0,3.2,GOOD
2026-06-12T07:15:00+05:30,PUNE_EAST,242.1,572.1,81.4,24.0,28.7,0.0,2.8,GOOD
2026-06-12T07:30:00+05:30,PUNE_EAST,274.8,538.9,93.4,26.5,29.2,0.0,3.8,GOOD
2026-06-12T07:45:00+05:30,PUNE_EAST,334.2,594.0,101.7,25.8,23.7,0.0,3.2,GOOD
2026-06-12T08:00:00+05:30,PUNE_EAST,390.3,615.6,116.3,27.0,22.8,0.0,2.7,GOOD
2026-06-12T08:15:00+05:30,PUNE_EAST,440.3,597.6,143.0,28.4,26.9,0.0,3.4,GOOD
2026-06-12T08:30:00+05:30,PUNE_EAST,474.9,574.0,160.2,26.4,28.8,0.0,2.3,GOOD
2026-06-12T08:45:00+05:30,PUNE_EAST,555.9,609.4,192.1,25.8,30.1,0.0,2.9,GOOD
2026-06-12T09:00:00+05:30,PUNE_EAST,579.4,580.5,205.5,28.3,31.5,0.0,3.3,GOOD
2026-06-12T09:15:00+05:30,PUNE_EAST,645.7,595.8,235.4,30.2,33.0,0.0,2.8,GOOD
2026-06-12T09:30:00+05:30,PUNE_EAST,680.2,574.4,260.3,27.8,35.8,0.0,2.8,GOOD
2026-06-12T09:45:00+05:30,PUNE_EAST,733.7,577.5,288.6,29.6,37.4,0.0,4.5,GOOD
2026-06-12T10:00:00+05:30,PUNE_EAST,754.2,560.6,301.5,28.9,38.4,0.0,3.2,GOOD
2026-06-12T10:15:00+05:30,PUNE_EAST,806.5,570.2,326.6,29.5,39.2,0.0,2.9,GOOD
2026-06-12T10:30:00+05:30,PUNE_EAST,833.1,553.4,350.2,30.3,41.6,0.0,2.7,GOOD
2026-06-12T10:45:00+05:30,PUNE_EAST,802.7,480.0,370.5,30.0,47.9,0.0,4.7,GOOD
2026-06-12T11:00:00+05:30,PUNE_EAST,829.3,463.3,400.9,30.0,51.3,0.0,3.0,GOOD
2026-06-12T11:15:00+05:30,PUNE_EAST,892.5,517.4,403.2,28.6,46.4,0.0,2.8,GOOD
2026-06-12T11:30:00+05:30,PUNE_EAST,913.1,537.8,395.1,31.2,43.5,0.0,2.8,GOOD
2026-06-12T11:45:00+05:30,PUNE_EAST,895.3,486.8,419.6,31.2,49.0,0.0,2.5,GOOD
2026-06-12T12:00:00+05:30,PUNE_EAST,937.7,524.5,419.9,30.2,45.8,0.0,2.3,GOOD
2026-06-12T12:15:00+05:30,PUNE_EAST,927.5,531.0,399.8,31.9,43.2,0.0,2.5,GOOD
2026-06-12T12:30:00+05:30,PUNE_EAST,966.3,556.1,412.0,29.1,42.5,0.0,3.1,GOOD
2026-06-12T12:45:00+05:30,PUNE_EAST,976.7,571.5,407.6,31.5,41.1,0.0,3.0,GOOD
2026-06-12T13:00:00+05:30,PUNE_EAST,913.5,504.8,413.2,31.2,46.5,0.0,2.8,GOOD
2026-06-12T13:15:00+05:30,PUNE_EAST,929.5,524.9,413.7,29.9,45.4,0.0,2.8,GOOD
2026-06-12T13:30:00+05:30,PUNE_EAST,911.2,531.1,395.6,31.0,43.7,0.0,3.1,GOOD
2026-06-12T13:45:00+05:30,PUNE_EAST,910.9,587.1,350.1,31.1,36.1,0.0,3.3,GOOD
2026-06-12T14:00:00+05:30,PUNE_EAST,848.3,518.2,363.3,30.7,42.8,0.0,2.9,GOOD
2026-06-12T14:15:00+05:30,PUNE_EAST,845.9,539.6,353.1,31.4,41.1,0.0,2.9,GOOD
2026-06-12T14:30:00+05:30,PUNE_EAST,833.0,532.1,360.8,30.2,43.6,0.0,3.0,GOOD
2026-06-12T14:45:00+05:30,PUNE_EAST,768.8,492.5,346.3,30.6,46.2,0.0,3.0,GOOD
2026-06-12T15:00:00+05:30,PUNE_EAST,762.1,497.4,351.5,30.6,47.9,0.0,3.3,GOOD
2026-06-12T15:15:00+05:30,PUNE_EAST,686.5,424.5,351.1,28.5,55.6,0.0,4.0,GOOD
2026-06-12T15:30:00+05:30,PUNE_EAST,647.1,458.2,302.6,29.4,48.9,0.0,3.2,GOOD
2026-06-12T15:45:00+05:30,PUNE_EAST,609.8,406.0,321.2,29.2,58.0,0.0,2.5,GOOD
2026-06-12T16:00:00+05:30,PUNE_EAST,543.6,377.2,291.9,27.8,59.5,0.0,2.9,GOOD
2026-06-12T16:15:00+05:30,PUNE_EAST,517.7,409.1,263.4,27.8,55.2,0.0,3.1,GOOD
2026-06-12T16:30:00+05:30,PUNE_EAST,451.3,374.0,236.7,28.8,57.6,0.0,4.0,GOOD
2026-06-12T16:45:00+05:30,PUNE_EAST,421.6,399.1,212.5,26.7,54.5,0.0,3.6,GOOD
2026-06-12T17:00:00+05:30,PUNE_EAST,339.2,322.8,186.7,27.5,61.6,0.0,3.6,GOOD
2026-06-12T17:15:00+05:30,PUNE_EAST,301.6,315.5,169.4,26.0,63.3,0.0,3.6,GOOD
2026-06-12T17:30:00+05:30,PUNE_EAST,258.8,307.9,146.5,26.9,64.0,0.0,4.4,GOOD
2026-06-12T17:45:00+05:30,PUNE_EAST,210.1,293.0,119.4,25.8,64.4,0.0,4.7,GOOD
2026-06-12T18:00:00+05:30,PUNE_EAST,197.6,359.6,106.4,25.3,59.8,0.0,4.5,GOOD
2026-06-12T18:15:00+05:30,PUNE_EAST,126.9,286.6,70.5,24.5,62.4,0.0,4.6,GOOD
2026-06-12T18:30:00+05:30,PUNE_EAST,80.0,253.1,44.6,24.0,62.7,0.0,3.0,GOOD
2026-06-12T18:45:00+05:30,PUNE_EAST,49.7,200.0,25.4,24.0,55.4,0.0,3.5,GOOD
2026-06-12T19:00:00+05:30,PUNE_EAST,35.5,138.4,18.6,23.0,57.6,0.0,3.3,GOOD
2026-06-12T19:15:00+05:30,PUNE_EAST,0.0,0.0,0.0,22.7,62.4,0.0,3.7,GOOD
2026-06-12T19:30:00+05:30,PUNE_EAST,0.0,0.0,0.0,22.6,56.7,0.0,2.9,GOOD
2026-06-12T19:45:00+05:30,PUNE_EAST,0.0,0.0,0.0,22.7,57.6,0.0,3.9,GOOD
2026-06-12T20:00:00+05:30,PUNE_EAST,0.0,0.0,0.0,21.5,53.7,0.0,4.3,GOOD
2026-06-12T20:15:00+05:30,PUNE_EAST,0.0,0.0,0.0,21.9,49.1,0.0,3.5,GOOD
2026-06-12T20:30:00+05:30,PUNE_EAST,0.0,0.0,0.0,22.4,51.8,0.0,2.9,GOOD
2026-06-12T20:45:00+05:30,PUNE_EAST,0.0,0.0,0.0,21.7,49.0,0.0,3.6,GOOD
2026-06-12T21:00:00+05:30,PUNE_EAST,0.0,0.0,0.0,20.8,46.1,0.0,2.8,GOOD
2026-06-12T21:15:00+05:30,PUNE_EAST,0.0,0.0,0.0,20.9,42.8,0.0,2.6,GOOD
2026-06-12T21:30:00+05:30,PUNE_EAST,0.0,0.0,0.0,21.3,44.0,0.0,3.0,GOOD
2026-06-12T21:45:00+05:30,PUNE_EAST,0.0,0.0,0.0,21.5,39.5,0.0,4.2,GOOD
2026-06-12T22:00:00+05:30,PUNE_EAST,0.0,0.0,0.0,20.4,43.0,0.0,3.1,GOOD
2026-06-12T22:15:00+05:30,PUNE_EAST,0.0,0.0,0.0,20.6,46.6,0.0,3.4,GOOD
2026-06-12T22:30:00+05:30,PUNE_EAST,0.0,0.0,0.0,20,47.1,0.0,2.7,GOOD
2026-06-12T22:45:00+05:30,PUNE_EAST,0.0,0.0,0.0,20.0,48.8,0.0,3.2,GOOD
2026-06-12T23:00:00+05:30,PUNE_EAST,0.0,0.0,0.0,21.6,43.6,0.0,2.7,GOOD
2026-06-12T23:15:00+05:30,PUNE_EAST,0.0,0.0,0.0,21.3,43.0,0.0,2.1,GOOD
2026-06-12T23:30:00+05:30,PUNE_EAST,0.0,0.0,0.0,20.6,45.3,0.0,3.2,GOOD
2026-06-12T23:45:00+05:30,PUNE_EAST,0.0,0.0,0.0,21.2,46.8,0.0,2.5,GOOD
2026-06-13T00:00:00+05:30,PUNE_EAST,0.0,0.0,0.0,20.9,15.0,0.0,3.6,GOOD
2026-06-13T00:15:00+05:30,PUNE_EAST,0.0,0.0,0.0,21.4,15.7,0.0,2.1,GOOD
2026-06-13T00:30:00+05:30,PUNE_EAST,0.0,0.0,0.0,21.4,11.0,0.0,1.8,GOOD
2026-06-13T00:45:00+05:30,PUNE_EAST,0.0,0.0,0.0,21.1,7.5,0.0,3.2,GOOD
2026-06-13T01:00:00+05:30,PUNE_EAST,0.0,0.0,0.0,22.3,5.8,0.0,2.2,GOOD
2026-06-13T01:15:00+05:30,PUNE_EAST,0.0,0.0,0.0,21.0,6.4,0.0,3.0,GOOD
2026-06-13T01:30:00+05:30,PUNE_EAST,0.0,0.0,0.0,21.7,8.1,0.0,3.0,GOOD
2026-06-13T01:45:00+05:30,PUNE_EAST,0.0,0.0,0.0,22.9,11.2,0.0,2.3,GOOD
2026-06-13T02:00:00+05:30,PUNE_EAST,0.0,0.0,0.0,21.8,12.3,0.0,1.9,GOOD
2026-06-13T02:15:00+05:30,PUNE_EAST,0.0,0.0,0.0,21.4,8.8,0.0,1.9,GOOD
2026-06-13T02:30:00+05:30,PUNE_EAST,0.0,0.0,0.0,22.6,12.2,0.0,1.4,GOOD
2026-06-13T02:45:00+05:30,PUNE_EAST,0.0,0.0,0.0,21.5,10.0,0.0,2.6,GOOD
2026-06-13T03:00:00+05:30,PUNE_EAST,0.0,0.0,0.0,23.0,9.9,0.0,1.1,GOOD
2026-06-13T03:15:00+05:30,PUNE_EAST,0.0,0.0,0.0,21.6,11.3,0.0,2.7,GOOD
2026-06-13T03:30:00+05:30,PUNE_EAST,0.0,0.0,0.0,20.7,17.2,0.0,1.4,GOOD
2026-06-13T03:45:00+05:30,PUNE_EAST,0.0,0.0,0.0,21.2,15.3,0.0,1.7,GOOD
2026-06-13T04:00:00+05:30,PUNE_EAST,0.0,0.0,0.0,21.2,12.5,0.0,2.6,GOOD
2026-06-13T04:15:00+05:30,PUNE_EAST,0.0,0.0,0.0,20.6,11.3,0.0,1.6,GOOD
2026-06-13T04:30:00+05:30,PUNE_EAST,0.0,0.0,0.0,22.9,9.6,0.0,2.9,GOOD
2026-06-13T04:45:00+05:30,PUNE_EAST,0.0,0.0,0.0,21.8,8.9,0.0,2.8,GOOD
2026-06-13T05:00:00+05:30,PUNE_EAST,0.0,0.0,0.0,21.7,9.1,0.0,2.3,GOOD
2026-06-13T05:15:00+05:30,PUNE_EAST,0.0,0.0,0.0,23.2,10.1,0.0,2.2,GOOD
2026-06-13T05:30:00+05:30,PUNE_EAST,0.0,0.0,0.0,22.4,8.4,0.0,2.2,GOOD
2026-06-13T05:45:00+05:30,PUNE_EAST,0.0,0.0,0.0,23.9,5.7,0.0,2.1,GOOD
2026-06-13T06:00:00+05:30,PUNE_EAST,0.0,0.0,0.0,23.7,7.1,0.0,1.3,GOOD
2026-06-13T06:15:00+05:30,PUNE_EAST,39.7,261.8,7.8,24.2,7.3,0.0,2.5,GOOD
2026-06-13T06:30:00+05:30,PUNE_EAST,81.8,526.1,17.7,24.2,10.1,0.0,2.3,GOOD
2026-06-13T06:45:00+05:30,PUNE_EAST,126.0,609.3,24.2,24.6,6.5,0.0,2.4,GOOD
2026-06-13T07:00:00+05:30,PUNE_EAST,170.4,609.1,34.0,25.5,7.7,0.0,3.3,GOOD
2026-06-13T07:15:00+05:30,PUNE_EAST,209.5,587.6,44.9,24.6,9.9,0.0,2.7,GOOD
2026-06-13T07:30:00+05:30,PUNE_EAST,289.5,682.6,60.2,28.1,8.9,0.0,2.8,GOOD
2026-06-13T07:45:00+05:30,PUNE_EAST,327.8,634.2,80.0,26.1,14.4,0.0,2.5,GOOD
2026-06-13T08:00:00+05:30,PUNE_EAST,397.2,685.7,92.4,27.0,12.7,0.0,3.1,GOOD
2026-06-13T08:15:00+05:30,PUNE_EAST,436.6,672.0,102.7,27.9,13.1,0.0,1.9,GOOD
2026-06-13T08:30:00+05:30,PUNE_EAST,501.8,656.9,142.0,27.7,20.5,0.0,1.5,GOOD
2026-06-13T08:45:00+05:30,PUNE_EAST,555.5,714.9,129.1,29.5,12.7,0.0,3.3,GOOD
2026-06-13T09:00:00+05:30,PUNE_EAST,610.9,722.4,146.1,28.1,13.7,0.0,1.7,GOOD
2026-06-13T09:15:00+05:30,PUNE_EAST,650.3,691.2,174.6,28.0,18.2,0.0,3.7,GOOD
2026-06-13T09:30:00+05:30,PUNE_EAST,683.7,653.9,206.0,28.9,23.3,0.0,1.3,GOOD
2026-06-13T09:45:00+05:30,PUNE_EAST,723.2,667.4,209.2,29.6,21.4,0.0,1.6,GOOD
2026-06-13T10:00:00+05:30,PUNE_EAST,751.3,657.9,220.3,28.6,22.0,0.0,2.9,GOOD
2026-06-13T10:15:00+05:30,PUNE_EAST,825.0,660.9,269.1,30.5,27.1,0.0,3.3,GOOD
2026-06-13T10:30:00+05:30,PUNE_EAST,816.3,627.8,268.8,30.5,27.6,0.0,2.7,GOOD
2026-06-13T10:45:00+05:30,PUNE_EAST,886.8,664.4,288.8,30.8,27.0,0.0,3.2,GOOD
2026-06-13T11:00:00+05:30,PUNE_EAST,882.4,611.4,317.3,31.1,32.2,0.0,2.5,GOOD
2026-06-13T11:15:00+05:30,PUNE_EAST,932.8,656.6,312.0,32.1,28.4,0.0,3.3,GOOD
2026-06-13T11:30:00+05:30,PUNE_EAST,924.8,641.0,307.6,30.8,28.1,0.0,3.3,GOOD
2026-06-13T11:45:00+05:30,PUNE_EAST,979.2,694.9,300.4,32.3,24.1,0.0,2.5,GOOD
2026-06-13T12:00:00+05:30,PUNE_EAST,998.6,686.7,320.8,31.8,26.3,0.0,1.9,GOOD
2026-06-13T12:15:00+05:30,PUNE_EAST,966.2,630.9,339.3,31.0,30.9,0.0,3.6,GOOD
2026-06-13T12:30:00+05:30,PUNE_EAST,993.9,678.4,317.9,31.7,26.1,0.0,2.2,GOOD
2026-06-13T12:45:00+05:30,PUNE_EAST,997.3,682.3,317.9,31.4,26.0,0.0,3.8,GOOD
2026-06-13T13:00:00+05:30,PUNE_EAST,999.8,692.0,313.9,31.6,25.2,0.0,3.6,GOOD
2026-06-13T13:15:00+05:30,PUNE_EAST,993.5,704.2,301.4,32.9,23.6,0.0,2.2,GOOD
2026-06-13T13:30:00+05:30,PUNE_EAST,971.1,692.9,298.4,30.4,24.2,0.0,3.3,GOOD
2026-06-13T13:45:00+05:30,PUNE_EAST,946.0,692.4,284.5,32.1,23.2,0.0,3.2,GOOD
2026-06-13T14:00:00+05:30,PUNE_EAST,901.3,656.1,287.1,30.5,25.9,0.0,2.8,GOOD
2026-06-13T14:15:00+05:30,PUNE_EAST,915.3,670.2,303.0,30.1,27.9,0.0,2.5,GOOD
2026-06-13T14:30:00+05:30,PUNE_EAST,865.4,611.3,322.8,31.5,34.3,0.0,2.4,GOOD
2026-06-13T14:45:00+05:30,PUNE_EAST,799.6,608.9,276.9,29.1,30.2,0.0,3.5,GOOD
2026-06-13T15:00:00+05:30,PUNE_EAST,806.9,671.0,252.6,31.0,25.1,0.0,2.8,GOOD
2026-06-13T15:15:00+05:30,PUNE_EAST,754.0,675.0,220.4,29.5,21.9,0.0,1.6,GOOD
2026-06-13T15:30:00+05:30,PUNE_EAST,706.4,638.8,225.9,29.9,26.1,0.0,3.8,GOOD
2026-06-13T15:45:00+05:30,PUNE_EAST,690.6,698.4,193.7,28.6,20.1,0.0,1.9,GOOD
2026-06-13T16:00:00+05:30,PUNE_EAST,622.6,638.3,196.3,30.2,25.4,0.0,1.8,GOOD
2026-06-13T16:15:00+05:30,PUNE_EAST,591.9,666.1,177.5,29.7,23.0,0.0,2.5,GOOD
2026-06-13T16:30:00+05:30,PUNE_EAST,523.6,644.6,153.4,29.0,22.0,0.0,3.0,GOOD
2026-06-13T16:45:00+05:30,PUNE_EAST,468.1,654.8,124.6,29.5,17.9,0.0,3.8,GOOD
2026-06-13T17:00:00+05:30,PUNE_EAST,455.7,690.5,129.0,28.4,20.5,0.0,1.4,GOOD
2026-06-13T17:15:00+05:30,PUNE_EAST,375.6,654.1,100.8,27.9,18.2,0.0,1.8,GOOD
2026-06-13T17:30:00+05:30,PUNE_EAST,316.1,644.6,80.3,26.4,16.0,0.0,1.9,GOOD
2026-06-13T17:45:00+05:30,PUNE_EAST,250.0,601.3,63.2,27.1,15.8,0.0,2.7,GOOD
2026-06-13T18:00:00+05:30,PUNE_EAST,208.7,602.3,55.4,25.7,17.7,0.0,1.6,GOOD
2026-06-13T18:15:00+05:30,PUNE_EAST,168.0,646.9,40.0,27.2,13.5,0.0,1.9,GOOD
2026-06-13T18:30:00+05:30,PUNE_EAST,96.3,497.7,26.2,23.6,18.7,0.0,2.0,GOOD
2026-06-13T18:45:00+05:30,PUNE_EAST,56.4,325.6,16.7,26.4,22.5,0.0,2.4,GOOD
2026-06-13T19:00:00+05:30,PUNE_EAST,26.7,158.5,7.4,25.0,19.6,0.0,2.9,GOOD
2026-06-13T19:15:00+05:30,PUNE_EAST,0.0,0.0,0.0,23.9,15.6,0.0,2.8,GOOD
2026-06-13T19:30:00+05:30,PUNE_EAST,0.0,0.0,0.0,23.4,13.4,0.0,1.8,GOOD
2026-06-13T19:45:00+05:30,PUNE_EAST,0.0,0.0,0.0,23.4,21.5,0.0,2.6,GOOD
2026-06-13T20:00:00+05:30,PUNE_EAST,0.0,0.0,0.0,21.8,23.2,0.0,3.4,GOOD
2026-06-13T20:15:00+05:30,PUNE_EAST,0.0,0.0,0.0,22.9,20.8,0.0,2.6,GOOD
2026-06-13T20:30:00+05:30,PUNE_EAST,0.0,0.0,0.0,21.1,28.0,0.0,3.6,GOOD
2026-06-13T20:45:00+05:30,PUNE_EAST,0.0,0.0,0.0,22.1,26.1,0.0,2.9,GOOD
2026-06-13T21:00:00+05:30,PUNE_EAST,0.0,0.0,0.0,20,24.1,0.0,2.3,GOOD
2026-06-13T21:15:00+05:30,PUNE_EAST,0.0,0.0,0.0,21.7,21.6,0.0,2.8,GOOD
2026-06-13T21:30:00+05:30,PUNE_EAST,0.0,0.0,0.0,20.6,24.2,0.0,3.2,GOOD
2026-06-13T21:45:00+05:30,PUNE_EAST,0.0,0.0,0.0,22.2,24.2,0.0,3.5,GOOD
2026-06-13T22:00:00+05:30,PUNE_EAST,0.0,0.0,0.0,21.4,21.3,0.0,2.4,GOOD
2026-06-13T22:15:00+05:30,PUNE_EAST,0.0,0.0,0.0,21.6,23.1,0.0,2.7,GOOD
2026-06-13T22:30:00+05:30,PUNE_EAST,0.0,0.0,0.0,20.6,23.3,0.0,3.1,GOOD
2026-06-13T22:45:00+05:30,PUNE_EAST,0.0,0.0,0.0,21.3,19.7,0.0,2.7,GOOD
2026-06-13T23:00:00+05:30,PUNE_EAST,0.0,0.0,0.0,22.7,23.0,0.0,2.1,GOOD
2026-06-13T23:15:00+05:30,PUNE_EAST,0.0,0.0,0.0,21.1,20.5,0.0,2.4,GOOD
2026-06-13T23:30:00+05:30,PUNE_EAST,0.0,0.0,0.0,21.4,20.4,0.0,3.5,GOOD
2026-06-13T23:45:00+05:30,PUNE_EAST,0.0,0.0,0.0,21.5,23.2,0.0,2.8,GOOD
